{
  "name": "Project_52",
  "errors": [
    {
      "file": "proj1.c",
      "line": 199,
      "error": "memory error: out of bound pointer",
      "witness": {
        "stdin": "out_of_bound_pointer_line_199.stdin",
        "scanf": "out_of_bound_pointer_line_199.scanf"
      }
    },
    {
      "file": "proj1.c",
      "line": 77,
      "error": "memory error: out of bound pointer",
      "witness": {
        "stdin": "out_of_bound_pointer_line_77.stdin",
        "scanf": "out_of_bound_pointer_line_77.scanf"
      }
    },
    {
      "file": "proj1.c",
      "line": 77,
      "error": "memory error: object read only",
      "witness": {
        "stdin": "object_read_only_line_77.stdin",
        "scanf": "object_read_only_line_77.scanf"
      }
    },
    {
      "file": "proj1.c",
      "line": 183,
      "error": "memory error: out of bound pointer",
      "witness": {
        "stdin": "out_of_bound_pointer_line_183.stdin",
        "scanf": "out_of_bound_pointer_line_183.scanf"
      }
    },
    {
      "file": "proj1.c",
      "line": 150,
      "error": "memory error: out of bound pointer",
      "witness": {
        "stdin": "out_of_bound_pointer_line_150.stdin",
        "scanf": "out_of_bound_pointer_line_150.scanf"
      }
    },
    {
      "file": "proj1.c",
      "line": 104,
      "error": "memory error: out of bound pointer",
      "witness": {
        "stdin": "out_of_bound_pointer_line_104.stdin",
        "scanf": "out_of_bound_pointer_line_104.scanf"
      }
    },
    {
      "file": "proj1.c",
      "line": 127,
      "error": "memory error: out of bound pointer",
      "witness": {
        "stdin": "out_of_bound_pointer_line_127.stdin",
        "scanf": "out_of_bound_pointer_line_127.scanf"
      }
    },
    {
      "file": "proj1.c",
      "line": 183,
      "error": "memory error: object read only",
      "witness": {
        "stdin": "object_read_only_line_183.stdin",
        "scanf": "object_read_only_line_183.scanf"
      }
    },
    {
      "file": "proj1.c",
      "line": 150,
      "error": "memory error: out of bound pointer",
      "witness": {
        "stdin": "out_of_bound_pointer_line_150.stdin",
        "scanf": "out_of_bound_pointer_line_150.scanf"
      }
    },
    {
      "file": "proj1.c",
      "line": 150,
      "error": "memory error: object read only",
      "witness": {
        "stdin": "object_read_only_line_150.stdin",
        "scanf": "object_read_only_line_150.scanf"
      }
    },
    {
      "file": "proj1.c",
      "line": 152,
      "error": "memory error: object read only",
      "witness": {
        "stdin": "object_read_only_line_152.stdin",
        "scanf": "object_read_only_line_152.scanf"
      }
    }
  ]
}