{
  "name": "Project_377",
  "errors": [
    {
      "file": "proj0.c",
      "line": 366,
      "error": "memory error: out of bound pointer",
      "witness": {
        "stdin": "out_of_bound_pointer_line_366.stdin",
        "scanf": "out_of_bound_pointer_line_366.scanf"
      }
    },
    {
      "file": "proj0.c",
      "line": 143,
      "error": "memory error: out of bound pointer",
      "witness": {
        "stdin": "out_of_bound_pointer_line_143.stdin",
        "scanf": "out_of_bound_pointer_line_143.scanf"
      }
    },
    {
      "file": "proj0.c",
      "line": 366,
      "error": "memory error: out of bound pointer",
      "witness": {
        "stdin": "out_of_bound_pointer_line_366.stdin",
        "scanf": "out_of_bound_pointer_line_366.scanf"
      }
    },
    {
      "file": "proj0.c",
      "line": 266,
      "error": "memory error: out of bound pointer",
      "witness": {
        "stdin": "out_of_bound_pointer_line_266.stdin",
        "scanf": "out_of_bound_pointer_line_266.scanf"
      }
    },
    {
      "file": "proj0.c",
      "line": 266,
      "error": "memory error: object read only",
      "witness": {
        "stdin": "object_read_only_line_266.stdin",
        "scanf": "object_read_only_line_266.scanf"
      }
    }
  ]
}