{
  "name": "Project_393",
  "errors": [
    {
      "file": "proj1.c",
      "line": 86,
      "error": "memory error: out of bound pointer",
      "witness": {
        "stdin": "out_of_bound_pointer_line_86.stdin",
        "scanf": "out_of_bound_pointer_line_86.scanf"
      }
    },
    {
      "file": "proj1.c",
      "line": 230,
      "error": "memory error: out of bound pointer",
      "witness": {
        "stdin": "out_of_bound_pointer_line_230.stdin",
        "scanf": "out_of_bound_pointer_line_230.scanf"
      }
    },
    {
      "file": "proj1.c",
      "line": 171,
      "error": "memory error: out of bound pointer",
      "witness": {
        "stdin": "out_of_bound_pointer_line_171.stdin",
        "scanf": "out_of_bound_pointer_line_171.scanf"
      }
    }
  ]
}