{
  "name": "Project_314",
  "errors": [
    {
      "file": "proj1.c",
      "line": 176,
      "error": "memory error: object read only",
      "witness": {
        "stdin": "object_read_only_line_176.stdin",
        "scanf": "object_read_only_line_176.scanf"
      }
    },
    {
      "file": "proj1.c",
      "line": 298,
      "error": "memory error: object read only",
      "witness": {
        "stdin": "object_read_only_line_298.stdin",
        "scanf": "object_read_only_line_298.scanf"
      }
    },
    {
      "file": "proj1.c",
      "line": 218,
      "error": "memory error: out of bound pointer",
      "witness": {
        "stdin": "out_of_bound_pointer_line_218.stdin",
        "scanf": "out_of_bound_pointer_line_218.scanf"
      }
    },
    {
      "file": "proj1.c",
      "line": 359,
      "error": "memory error: out of bound pointer",
      "witness": {
        "stdin": "out_of_bound_pointer_line_359.stdin",
        "scanf": "out_of_bound_pointer_line_359.scanf"
      }
    },
    {
      "file": "proj1.c",
      "line": 383,
      "error": "memory error: object read only",
      "witness": {
        "stdin": "object_read_only_line_383.stdin",
        "scanf": "object_read_only_line_383.scanf"
      }
    },
    {
      "file": "proj1.c",
      "line": 383,
      "error": "memory error: out of bound pointer",
      "witness": {
        "stdin": "out_of_bound_pointer_line_383.stdin",
        "scanf": "out_of_bound_pointer_line_383.scanf"
      }
    },
    {
      "file": "proj1.c",
      "line": 545,
      "error": "memory error: out of bound pointer",
      "witness": {
        "stdin": "out_of_bound_pointer_line_545.stdin",
        "scanf": "out_of_bound_pointer_line_545.scanf"
      }
    },
    {
      "file": "proj1.c",
      "line": 176,
      "error": "memory error: out of bound pointer",
      "witness": {
        "stdin": "out_of_bound_pointer_line_176.stdin",
        "scanf": "out_of_bound_pointer_line_176.scanf"
      }
    },
    {
      "file": "proj1.c",
      "line": 296,
      "error": "memory error: out of bound pointer",
      "witness": {
        "stdin": "out_of_bound_pointer_line_296.stdin",
        "scanf": "out_of_bound_pointer_line_296.scanf"
      }
    }
  ]
}