{
  "name": "Project_168",
  "errors": [
    {
      "file": "proj1.c",
      "line": 147,
      "error": "memory error: object read only",
      "witness": {
        "stdin": "object_read_only_line_147.stdin",
        "scanf": "object_read_only_line_147.scanf"
      }
    },
    {
      "file": "proj1.c",
      "line": 232,
      "error": "memory error: out of bound pointer",
      "witness": {
        "stdin": "out_of_bound_pointer_line_232.stdin",
        "scanf": "out_of_bound_pointer_line_232.scanf"
      }
    },
    {
      "file": "proj1.c",
      "line": 306,
      "error": "memory error: out of bound pointer",
      "witness": {
        "stdin": "out_of_bound_pointer_line_306.stdin",
        "scanf": "out_of_bound_pointer_line_306.scanf"
      }
    },
    {
      "file": "proj1.c",
      "line": 147,
      "error": "memory error: out of bound pointer",
      "witness": {
        "stdin": "out_of_bound_pointer_line_147.stdin",
        "scanf": "out_of_bound_pointer_line_147.scanf"
      }
    },
    {
      "file": "proj1.c",
      "line": 288,
      "error": "memory error: out of bound pointer",
      "witness": {
        "stdin": "out_of_bound_pointer_line_288.stdin",
        "scanf": "out_of_bound_pointer_line_288.scanf"
      }
    },
    {
      "file": "proj1.c",
      "line": 306,
      "error": "memory error: object read only",
      "witness": {
        "stdin": "object_read_only_line_306.stdin",
        "scanf": "object_read_only_line_306.scanf"
      }
    }
  ]
}