{
  "name": "Project_294",
  "errors": [
    {
      "file": "proj1_final.c",
      "line": 244,
      "error": "memory error: object read only",
      "witness": {
        "stdin": "object_read_only_line_244.stdin",
        "scanf": "object_read_only_line_244.scanf"
      }
    },
    {
      "file": "proj1_final.c",
      "line": 220,
      "error": "memory error: out of bound pointer",
      "witness": {
        "stdin": "out_of_bound_pointer_line_220.stdin",
        "scanf": "out_of_bound_pointer_line_220.scanf"
      }
    },
    {
      "file": "proj1_final.c",
      "line": 244,
      "error": "memory error: out of bound pointer",
      "witness": {
        "stdin": "out_of_bound_pointer_line_244.stdin",
        "scanf": "out_of_bound_pointer_line_244.scanf"
      }
    },
    {
      "file": "proj1_final.c",
      "line": 221,
      "error": "memory error: out of bound pointer",
      "witness": {
        "stdin": "out_of_bound_pointer_line_221.stdin",
        "scanf": "out_of_bound_pointer_line_221.scanf"
      }
    }
  ]
}