{
  "name": "Project_320",
  "errors": [
    {
      "file": "proj1.c",
      "line": 46,
      "error": "memory error: object read only",
      "witness": {
        "stdin": "object_read_only_line_46.stdin",
        "scanf": "object_read_only_line_46.scanf"
      }
    },
    {
      "file": "proj1.c",
      "line": 243,
      "error": "memory error: out of bound pointer",
      "witness": {
        "stdin": "out_of_bound_pointer_line_243.stdin",
        "scanf": "out_of_bound_pointer_line_243.scanf"
      }
    },
    {
      "file": "proj1.c",
      "line": 353,
      "error": "ASSERTION FAIL: f->off >= 0",
      "witness": {
        "stdin": "f->off_>=_0_line_353.stdin",
        "scanf": "f->off_>=_0_line_353.scanf"
      }
    },
    {
      "file": "proj1.c",
      "line": 209,
      "error": "memory error: out of bound pointer",
      "witness": {
        "stdin": "out_of_bound_pointer_line_209.stdin",
        "scanf": "out_of_bound_pointer_line_209.scanf"
      }
    },
    {
      "file": "proj1.c",
      "line": 247,
      "error": "memory error: out of bound pointer",
      "witness": {
        "stdin": "out_of_bound_pointer_line_247.stdin",
        "scanf": "out_of_bound_pointer_line_247.scanf"
      }
    },
    {
      "file": "proj1.c",
      "line": 82,
      "error": "memory error: out of bound pointer",
      "witness": {
        "stdin": "out_of_bound_pointer_line_82.stdin",
        "scanf": "out_of_bound_pointer_line_82.scanf"
      }
    },
    {
      "file": "proj1.c",
      "line": 208,
      "error": "memory error: out of bound pointer",
      "witness": {
        "stdin": "out_of_bound_pointer_line_208.stdin",
        "scanf": "out_of_bound_pointer_line_208.scanf"
      }
    },
    {
      "file": "proj1.c",
      "line": 131,
      "error": "memory error: object read only",
      "witness": {
        "stdin": "object_read_only_line_131.stdin",
        "scanf": "object_read_only_line_131.scanf"
      }
    },
    {
      "file": "proj1.c",
      "line": 195,
      "error": "memory error: out of bound pointer",
      "witness": {
        "stdin": "out_of_bound_pointer_line_195.stdin",
        "scanf": "out_of_bound_pointer_line_195.scanf"
      }
    },
    {
      "file": "proj1.c",
      "line": 147,
      "error": "memory error: out of bound pointer",
      "witness": {
        "stdin": "out_of_bound_pointer_line_147.stdin",
        "scanf": "out_of_bound_pointer_line_147.scanf"
      }
    },
    {
      "file": "proj1.c",
      "line": 89,
      "error": "memory error: out of bound pointer",
      "witness": {
        "stdin": "out_of_bound_pointer_line_89.stdin",
        "scanf": "out_of_bound_pointer_line_89.scanf"
      }
    },
    {
      "file": "proj1.c",
      "line": 46,
      "error": "memory error: out of bound pointer",
      "witness": {
        "stdin": "out_of_bound_pointer_line_46.stdin",
        "scanf": "out_of_bound_pointer_line_46.scanf"
      }
    },
    {
      "file": "proj1.c",
      "line": 246,
      "error": "memory error: out of bound pointer",
      "witness": {
        "stdin": "out_of_bound_pointer_line_246.stdin",
        "scanf": "out_of_bound_pointer_line_246.scanf"
      }
    },
    {
      "file": "proj1.c",
      "line": 111,
      "error": "memory error: out of bound pointer",
      "witness": {
        "stdin": "out_of_bound_pointer_line_111.stdin",
        "scanf": "out_of_bound_pointer_line_111.scanf"
      }
    },
    {
      "file": "proj1.c",
      "line": 88,
      "error": "memory error: object read only",
      "witness": {
        "stdin": "object_read_only_line_88.stdin",
        "scanf": "object_read_only_line_88.scanf"
      }
    },
    {
      "file": "proj1.c",
      "line": 225,
      "error": "memory error: out of bound pointer",
      "witness": {
        "stdin": "out_of_bound_pointer_line_225.stdin",
        "scanf": "out_of_bound_pointer_line_225.scanf"
      }
    },
    {
      "file": "proj1.c",
      "line": 195,
      "error": "memory error: object read only",
      "witness": {
        "stdin": "object_read_only_line_195.stdin",
        "scanf": "object_read_only_line_195.scanf"
      }
    },
    {
      "file": "proj1.c",
      "line": 95,
      "error": "memory error: out of bound pointer",
      "witness": {
        "stdin": "out_of_bound_pointer_line_95.stdin",
        "scanf": "out_of_bound_pointer_line_95.scanf"
      }
    },
    {
      "file": "proj1.c",
      "line": 85,
      "error": "memory error: out of bound pointer",
      "witness": {
        "stdin": "out_of_bound_pointer_line_85.stdin",
        "scanf": "out_of_bound_pointer_line_85.scanf"
      }
    },
    {
      "file": "proj1.c",
      "line": 130,
      "error": "memory error: out of bound pointer",
      "witness": {
        "stdin": "out_of_bound_pointer_line_130.stdin",
        "scanf": "out_of_bound_pointer_line_130.scanf"
      }
    },
    {
      "file": "proj1.c",
      "line": 146,
      "error": "memory error: out of bound pointer",
      "witness": {
        "stdin": "out_of_bound_pointer_line_146.stdin",
        "scanf": "out_of_bound_pointer_line_146.scanf"
      }
    },
    {
      "file": "proj1.c",
      "line": 226,
      "error": "memory error: out of bound pointer",
      "witness": {
        "stdin": "out_of_bound_pointer_line_226.stdin",
        "scanf": "out_of_bound_pointer_line_226.scanf"
      }
    }
  ]
}