{
  "name": "Project_230",
  "errors": [
    {
      "file": "hash.c",
      "line": 81,
      "error": "memory error: out of bound pointer",
      "witness": {
        "stdin": "out_of_bound_pointer_line_81.stdin",
        "scanf": "out_of_bound_pointer_line_81.scanf"
      }
    },
    {
      "file": "hash.c",
      "line": 77,
      "error": "memory error: out of bound pointer",
      "witness": {
        "stdin": "out_of_bound_pointer_line_77.stdin",
        "scanf": "out_of_bound_pointer_line_77.scanf"
      }
    }
  ]
}