{
  "name": "Project_tp045",
  "errors": [
    {
      "file": "projeto_final.c",
      "line": 135,
      "error": "memory error: out of bound pointer",
      "witness": {
        "stdin": "out_of_bound_pointer_line_135.stdin",
        "scanf": "out_of_bound_pointer_line_135.scanf"
      }
    },
    {
      "file": "projeto_final.c",
      "line": 134,
      "error": "memory error: out of bound pointer",
      "witness": {
        "stdin": "out_of_bound_pointer_line_134.stdin",
        "scanf": "out_of_bound_pointer_line_134.scanf"
      }
    },
    {
      "file": "projeto_final.c",
      "line": 112,
      "error": "concretized symbolic size",
      "witness": {
        "stdin": "concretized_symbolic_size_line_112.stdin",
        "scanf": "concretized_symbolic_size_line_112.scanf"
      }
    },
    {
      "file": "projeto_final.c",
      "line": 230,
      "error": "memory error: out of bound pointer",
      "witness": {
        "stdin": "out_of_bound_pointer_line_230.stdin",
        "scanf": "out_of_bound_pointer_line_230.scanf"
      }
    }
  ]
}