{
  "name": "Project_222",
  "errors": [
    {
      "file": "proj1.c",
      "line": 203,
      "error": "memory error: out of bound pointer",
      "witness": {
        "stdin": "out_of_bound_pointer_line_203.stdin",
        "scanf": "out_of_bound_pointer_line_203.scanf"
      }
    },
    {
      "file": "proj1.c",
      "line": 199,
      "error": "memory error: out of bound pointer",
      "witness": {
        "stdin": "out_of_bound_pointer_line_199.stdin",
        "scanf": "out_of_bound_pointer_line_199.scanf"
      }
    },
    {
      "file": "proj1.c",
      "line": 406,
      "error": "memory error: out of bound pointer",
      "witness": {
        "stdin": "out_of_bound_pointer_line_406.stdin",
        "scanf": "out_of_bound_pointer_line_406.scanf"
      }
    },
    {
      "file": "proj1.c",
      "line": 241,
      "error": "memory error: out of bound pointer",
      "witness": {
        "stdin": "out_of_bound_pointer_line_241.stdin",
        "scanf": "out_of_bound_pointer_line_241.scanf"
      }
    },
    {
      "file": "proj1.c",
      "line": 318,
      "error": "memory error: out of bound pointer",
      "witness": {
        "stdin": "out_of_bound_pointer_line_318.stdin",
        "scanf": "out_of_bound_pointer_line_318.scanf"
      }
    },
    {
      "file": "proj1.c",
      "line": 428,
      "error": "memory error: object read only",
      "witness": {
        "stdin": "object_read_only_line_428.stdin",
        "scanf": "object_read_only_line_428.scanf"
      }
    },
    {
      "file": "proj1.c",
      "line": 428,
      "error": "memory error: out of bound pointer",
      "witness": {
        "stdin": "out_of_bound_pointer_line_428.stdin",
        "scanf": "out_of_bound_pointer_line_428.scanf"
      }
    }
  ]
}