{
  "name": "Project_66",
  "errors": [
    {
      "file": "Projeto1_95525.c",
      "line": 270,
      "error": "memory error: out of bound pointer",
      "witness": {
        "stdin": "out_of_bound_pointer_line_270.stdin",
        "scanf": "out_of_bound_pointer_line_270.scanf"
      }
    },
    {
      "file": "Projeto1_95525.c",
      "line": 273,
      "error": "memory error: out of bound pointer",
      "witness": {
        "stdin": "out_of_bound_pointer_line_273.stdin",
        "scanf": "out_of_bound_pointer_line_273.scanf"
      }
    },
    {
      "file": "Projeto1_95525.c",
      "line": 258,
      "error": "memory error: out of bound pointer",
      "witness": {
        "stdin": "out_of_bound_pointer_line_258.stdin",
        "scanf": "out_of_bound_pointer_line_258.scanf"
      }
    },
    {
      "file": "Projeto1_95525.c",
      "line": 269,
      "error": "memory error: out of bound pointer",
      "witness": {
        "stdin": "out_of_bound_pointer_line_269.stdin",
        "scanf": "out_of_bound_pointer_line_269.scanf"
      }
    }
  ]
}