{
  "name": "Project_279",
  "errors": [
    {
      "file": "projeto1versaofinalfinalfinalaserio.c",
      "line": 277,
      "error": "memory error: out of bound pointer",
      "witness": {
        "stdin": "out_of_bound_pointer_line_277.stdin",
        "scanf": "out_of_bound_pointer_line_277.scanf"
      }
    },
    {
      "file": "projeto1versaofinalfinalfinalaserio.c",
      "line": 377,
      "error": "memory error: out of bound pointer",
      "witness": {
        "stdin": "out_of_bound_pointer_line_377.stdin",
        "scanf": "out_of_bound_pointer_line_377.scanf"
      }
    }
  ]
}