{
  "name": "Project_122",
  "errors": [
    {
      "file": "proj1.c",
      "line": 253,
      "error": "memory error: object read only",
      "witness": {
        "stdin": "object_read_only_line_253.stdin",
        "scanf": "object_read_only_line_253.scanf"
      }
    },
    {
      "file": "proj1.c",
      "line": 253,
      "error": "memory error: out of bound pointer",
      "witness": {
        "stdin": "out_of_bound_pointer_line_253.stdin",
        "scanf": "out_of_bound_pointer_line_253.scanf"
      }
    },
    {
      "file": "proj1.c",
      "line": 168,
      "error": "memory error: out of bound pointer",
      "witness": {
        "stdin": "out_of_bound_pointer_line_168.stdin",
        "scanf": "out_of_bound_pointer_line_168.scanf"
      }
    },
    {
      "file": "proj1.c",
      "line": 287,
      "error": "memory error: out of bound pointer",
      "witness": {
        "stdin": "out_of_bound_pointer_line_287.stdin",
        "scanf": "out_of_bound_pointer_line_287.scanf"
      }
    },
    {
      "file": "proj1.c",
      "line": 203,
      "error": "memory error: out of bound pointer",
      "witness": {
        "stdin": "out_of_bound_pointer_line_203.stdin",
        "scanf": "out_of_bound_pointer_line_203.scanf"
      }
    },
    {
      "file": "proj1.c",
      "line": 91,
      "error": "memory error: out of bound pointer",
      "witness": {
        "stdin": "out_of_bound_pointer_line_91.stdin",
        "scanf": "out_of_bound_pointer_line_91.scanf"
      }
    },
    {
      "file": "proj1.c",
      "line": 91,
      "error": "memory error: object read only",
      "witness": {
        "stdin": "object_read_only_line_91.stdin",
        "scanf": "object_read_only_line_91.scanf"
      }
    }
  ]
}