{
  "name": "Project_76",
  "errors": [
    {
      "file": "proj1.c",
      "line": 95,
      "error": "memory error: out of bound pointer",
      "witness": {
        "stdin": "out_of_bound_pointer_line_95.stdin",
        "scanf": "out_of_bound_pointer_line_95.scanf"
      }
    },
    {
      "file": "proj1.c",
      "line": 89,
      "error": "memory error: out of bound pointer",
      "witness": {
        "stdin": "out_of_bound_pointer_line_89.stdin",
        "scanf": "out_of_bound_pointer_line_89.scanf"
      }
    }
  ]
}