{
  "name": "Project_158",
  "errors": [
    {
      "file": "proj2.c",
      "line": 214,
      "error": "memory error: out of bound pointer",
      "witness": {
        "stdin": "out_of_bound_pointer_line_214.stdin",
        "scanf": "out_of_bound_pointer_line_214.scanf"
      }
    },
    {
      "file": "proj2.c",
      "line": 172,
      "error": "memory error: out of bound pointer",
      "witness": {
        "stdin": "out_of_bound_pointer_line_172.stdin",
        "scanf": "out_of_bound_pointer_line_172.scanf"
      }
    },
    {
      "file": "proj2.c",
      "line": 672,
      "error": "memory error: out of bound pointer",
      "witness": {
        "stdin": "out_of_bound_pointer_line_672.stdin",
        "scanf": "out_of_bound_pointer_line_672.scanf"
      }
    },
    {
      "file": "proj2.c",
      "line": 662,
      "error": "memory error: out of bound pointer",
      "witness": {
        "stdin": "out_of_bound_pointer_line_662.stdin",
        "scanf": "out_of_bound_pointer_line_662.scanf"
      }
    },
    {
      "file": "proj2.c",
      "line": 247,
      "error": "memory error: out of bound pointer",
      "witness": {
        "stdin": "out_of_bound_pointer_line_247.stdin",
        "scanf": "out_of_bound_pointer_line_247.scanf"
      }
    }
  ]
}