{
  "name": "Project_267",
  "errors": [
    {
      "file": "p1.c",
      "line": 142,
      "error": "memory error: out of bound pointer",
      "witness": {
        "stdin": "out_of_bound_pointer_line_142.stdin",
        "scanf": "out_of_bound_pointer_line_142.scanf"
      }
    },
    {
      "file": "p1.c",
      "line": -1,
      "error": "memory error: out of bound pointer",
      "witness": {
        "stdin": "out_of_bound_pointer_line_-1.stdin",
        "scanf": "out_of_bound_pointer_line_-1.scanf"
      }
    },
    {
      "file": "p1.c",
      "line": 294,
      "error": "memory error: out of bound pointer",
      "witness": {
        "stdin": "out_of_bound_pointer_line_294.stdin",
        "scanf": "out_of_bound_pointer_line_294.scanf"
      }
    }
  ]
}