{
  "name": "Project_21",
  "errors": [
    {
      "file": "MATCHHTABLE.c",
      "line": 73,
      "error": "memory error: out of bound pointer",
      "witness": {
        "stdin": "out_of_bound_pointer_line_73.stdin",
        "scanf": "out_of_bound_pointer_line_73.scanf"
      }
    },
    {
      "file": "TEAMHTABLE.c",
      "line": 88,
      "error": "memory error: out of bound pointer",
      "witness": {
        "stdin": "out_of_bound_pointer_line_88.stdin",
        "scanf": "out_of_bound_pointer_line_88.scanf"
      }
    }
  ]
}