{
  "name": "Project_179",
  "errors": [
    {
      "file": "proj1-final.c",
      "line": 211,
      "error": "memory error: out of bound pointer",
      "witness": {
        "stdin": "out_of_bound_pointer_line_211.stdin",
        "scanf": "out_of_bound_pointer_line_211.scanf"
      }
    },
    {
      "file": "proj1-final.c",
      "line": 170,
      "error": "memory error: out of bound pointer",
      "witness": {
        "stdin": "out_of_bound_pointer_line_170.stdin",
        "scanf": "out_of_bound_pointer_line_170.scanf"
      }
    },
    {
      "file": "proj1-final.c",
      "line": 170,
      "error": "memory error: object read only",
      "witness": {
        "stdin": "object_read_only_line_170.stdin",
        "scanf": "object_read_only_line_170.scanf"
      }
    },
    {
      "file": "proj1-final.c",
      "line": 230,
      "error": "memory error: out of bound pointer",
      "witness": {
        "stdin": "out_of_bound_pointer_line_230.stdin",
        "scanf": "out_of_bound_pointer_line_230.scanf"
      }
    },
    {
      "file": "proj1-final.c",
      "line": 128,
      "error": "memory error: object read only",
      "witness": {
        "stdin": "object_read_only_line_128.stdin",
        "scanf": "object_read_only_line_128.scanf"
      }
    },
    {
      "file": "proj1-final.c",
      "line": 152,
      "error": "memory error: object read only",
      "witness": {
        "stdin": "object_read_only_line_152.stdin",
        "scanf": "object_read_only_line_152.scanf"
      }
    },
    {
      "file": "proj1-final.c",
      "line": 147,
      "error": "memory error: out of bound pointer",
      "witness": {
        "stdin": "out_of_bound_pointer_line_147.stdin",
        "scanf": "out_of_bound_pointer_line_147.scanf"
      }
    },
    {
      "file": "proj1-final.c",
      "line": 106,
      "error": "memory error: out of bound pointer",
      "witness": {
        "stdin": "out_of_bound_pointer_line_106.stdin",
        "scanf": "out_of_bound_pointer_line_106.scanf"
      }
    },
    {
      "file": "proj1-final.c",
      "line": 170,
      "error": "memory error: out of bound pointer",
      "witness": {
        "stdin": "out_of_bound_pointer_line_170.stdin",
        "scanf": "out_of_bound_pointer_line_170.scanf"
      }
    },
    {
      "file": "proj1-final.c",
      "line": 211,
      "error": "memory error: object read only",
      "witness": {
        "stdin": "object_read_only_line_211.stdin",
        "scanf": "object_read_only_line_211.scanf"
      }
    },
    {
      "file": "proj1-final.c",
      "line": 128,
      "error": "memory error: out of bound pointer",
      "witness": {
        "stdin": "out_of_bound_pointer_line_128.stdin",
        "scanf": "out_of_bound_pointer_line_128.scanf"
      }
    },
    {
      "file": "proj1-final.c",
      "line": 80,
      "error": "memory error: object read only",
      "witness": {
        "stdin": "object_read_only_line_80.stdin",
        "scanf": "object_read_only_line_80.scanf"
      }
    },
    {
      "file": "proj1-final.c",
      "line": 80,
      "error": "memory error: out of bound pointer",
      "witness": {
        "stdin": "out_of_bound_pointer_line_80.stdin",
        "scanf": "out_of_bound_pointer_line_80.scanf"
      }
    }
  ]
}