{
  "name": "Project_14",
  "errors": [
    {
      "file": "proj1.c",
      "line": 265,
      "error": "memory error: out of bound pointer",
      "witness": {
        "stdin": "out_of_bound_pointer_line_265.stdin",
        "scanf": "out_of_bound_pointer_line_265.scanf"
      }
    },
    {
      "file": "proj1.c",
      "line": 179,
      "error": "memory error: out of bound pointer",
      "witness": {
        "stdin": "out_of_bound_pointer_line_179.stdin",
        "scanf": "out_of_bound_pointer_line_179.scanf"
      }
    },
    {
      "file": "proj1.c",
      "line": 179,
      "error": "memory error: object read only",
      "witness": {
        "stdin": "object_read_only_line_179.stdin",
        "scanf": "object_read_only_line_179.scanf"
      }
    },
    {
      "file": "proj1.c",
      "line": 155,
      "error": "memory error: out of bound pointer",
      "witness": {
        "stdin": "out_of_bound_pointer_line_155.stdin",
        "scanf": "out_of_bound_pointer_line_155.scanf"
      }
    },
    {
      "file": "proj1.c",
      "line": 265,
      "error": "memory error: object read only",
      "witness": {
        "stdin": "object_read_only_line_265.stdin",
        "scanf": "object_read_only_line_265.scanf"
      }
    },
    {
      "file": "proj1.c",
      "line": 141,
      "error": "memory error: out of bound pointer",
      "witness": {
        "stdin": "out_of_bound_pointer_line_141.stdin",
        "scanf": "out_of_bound_pointer_line_141.scanf"
      }
    },
    {
      "file": "proj1.c",
      "line": 190,
      "error": "memory error: out of bound pointer",
      "witness": {
        "stdin": "out_of_bound_pointer_line_190.stdin",
        "scanf": "out_of_bound_pointer_line_190.scanf"
      }
    }
  ]
}