{
  "name": "Project_390",
  "errors": [
    {
      "file": "p1v2.c",
      "line": 189,
      "error": "memory error: out of bound pointer",
      "witness": {
        "stdin": "out_of_bound_pointer_line_189.stdin",
        "scanf": "out_of_bound_pointer_line_189.scanf"
      }
    },
    {
      "file": "p1v2.c",
      "line": 92,
      "error": "memory error: out of bound pointer",
      "witness": {
        "stdin": "out_of_bound_pointer_line_92.stdin",
        "scanf": "out_of_bound_pointer_line_92.scanf"
      }
    }
  ]
}