{
  "name": "Project_233",
  "errors": [
    {
      "file": "equipa.c",
      "line": 97,
      "error": "memory error: out of bound pointer",
      "witness": {
        "stdin": "out_of_bound_pointer_line_97.stdin",
        "scanf": "out_of_bound_pointer_line_97.scanf"
      }
    },
    {
      "file": "equipa.c",
      "line": 49,
      "error": "memory error: out of bound pointer",
      "witness": {
        "stdin": "out_of_bound_pointer_line_49.stdin",
        "scanf": "out_of_bound_pointer_line_49.scanf"
      }
    }
  ]
}