{
  "name": "Project_124",
  "errors": [
    {
      "file": "resproj01.c",
      "line": 74,
      "error": "memory error: object read only",
      "witness": {
        "stdin": "object_read_only_line_74.stdin",
        "scanf": "object_read_only_line_74.scanf"
      }
    },
    {
      "file": "resproj01.c",
      "line": 74,
      "error": "memory error: out of bound pointer",
      "witness": {
        "stdin": "out_of_bound_pointer_line_74.stdin",
        "scanf": "out_of_bound_pointer_line_74.scanf"
      }
    },
    {
      "file": "resproj01.c",
      "line": 191,
      "error": "memory error: object read only",
      "witness": {
        "stdin": "object_read_only_line_191.stdin",
        "scanf": "object_read_only_line_191.scanf"
      }
    },
    {
      "file": "resproj01.c",
      "line": 209,
      "error": "memory error: out of bound pointer",
      "witness": {
        "stdin": "out_of_bound_pointer_line_209.stdin",
        "scanf": "out_of_bound_pointer_line_209.scanf"
      }
    },
    {
      "file": "resproj01.c",
      "line": 191,
      "error": "memory error: out of bound pointer",
      "witness": {
        "stdin": "out_of_bound_pointer_line_191.stdin",
        "scanf": "out_of_bound_pointer_line_191.scanf"
      }
    }
  ]
}