{
  "name": "Project_324",
  "errors": [
    {
      "file": "proj1.c",
      "line": 340,
      "error": "memory error: out of bound pointer",
      "witness": {
        "stdin": "out_of_bound_pointer_line_340.stdin",
        "scanf": "out_of_bound_pointer_line_340.scanf"
      }
    },
    {
      "file": "proj1.c",
      "line": 325,
      "error": "memory error: out of bound pointer",
      "witness": {
        "stdin": "out_of_bound_pointer_line_325.stdin",
        "scanf": "out_of_bound_pointer_line_325.scanf"
      }
    },
    {
      "file": "proj1.c",
      "line": 340,
      "error": "memory error: object read only",
      "witness": {
        "stdin": "object_read_only_line_340.stdin",
        "scanf": "object_read_only_line_340.scanf"
      }
    }
  ]
}