{
    "iaed_p1": {
        "256": 0.33,
        "45": 0.14,
        "264": 0.26,
        "403": 0.15,
        "365": 0.18,
        "5": 0.11,
        "82": 0.21,
        "24": 0.27,
        "47": 0.21,
        "323": 0.17,
        "260": 0.33,
        "236": 0.16,
        "402": 0.16,
        "120": 0.19,
        "31": 0.31,
        "20": 0.17,
        "19": 0.2,
        "23": 0.25,
        "166": 0.2,
        "330": 0.18,
        "50": 0.23,
        "338": 0.27,
        "149": 0.27,
        "152": 0.23,
        "306": 0.34,
        "198": 0.19,
        "140": 0.33,
        "263": 0.17,
        "172": 0.23,
        "266": 0.24,
        "246": 0.3,
        "374": 0.19,
        "360": 0.11,
        "241": 0.28,
        "205": 0.23,
        "85": 0.17,
        "13": 0.16,
        "290": 0.22,
        "363": 0.17,
        "70": 0.26,
        "353": 0.3,
        "104": 0.37,
        "316": 0.31,
        "48": 0.18,
        "29": 0.29,
        "379": 0.24,
        "213": 0.18,
        "211": 0.16,
        "245": 0.29,
        "167": 0.18,
        "343": 0.2,
        "295": 0.16,
        "138": 0.33,
        "222": 0.25,
        "86": 0.16,
        "294": 0.18,
        "309": 0.43,
        "21": 0.18,
        "392": 0.15,
        "89": 0.21,
        "250": 0.17,
        "230": 0.21,
        "312": 0.21,
        "1": 0.07,
        "40": 0.16,
        "233": 0.21,
        "191": 0.3,
        "186": 0.09,
        "189": 0.12,
        "356": 0.24,
        "131": 0.34,
        "289": 0.25,
        "299": 0.24,
        "184": 0.19,
        "382": 0.12,
        "350": 0.23,
        "227": 0.2,
        "296": 0.18,
        "232": 0.22,
        "386": 0.26,
        "349": 0.22,
        "123": 0.29,
        "192": 0.28,
        "68": 0.23,
        "199": 0.21,
        "160": 0.21,
        "391": 0.23,
        "84": 0.21,
        "74": 0.13,
        "158": 0.27,
        "377": 0.24,
        "51": 0.25,
        "326": 0.27,
        "153": 0.2,
        "163": 0.27,
        "370": 0.22,
        "117": 0.33,
        "151": 0.27,
        "298": 0.3,
        "182": 0.17,
        "231": 0.19,
        "393": 0.2,
        "197": 0.21,
        "262": 0.19,
        "216": 0.22,
        "135": 0.19,
        "121": 0.35,
        "57": 0.21,
        "384": 0.16,
        "239": 0.1,
        "238": 0.11,
        "183": 0.16,
        "362": 0.22,
        "364": 0.21,
        "358": 0.18,
        "368": 0.17,
        "321": 0.19,
        "75": 0.27,
        "130": 0.26,
        "148": 0.29,
        "92": 0.19,
        "35": 0.25,
        "73": 0.22,
        "376": 0.13,
        "150": 0.12,
        "95": 0.16,
        "12": 0.15,
        "133": 0.34,
        "375": 0.17,
        "268": 0.27,
        "269": 0.25,
        "336": 0.32,
        "257": 0.37,
        "180": 0.23,
        "28": 0.1,
        "155": 0.19,
        "400": 0.21,
        "242": 0.25,
        "249": 0.14,
        "93": 0.23,
        "39": 0.11,
        "144": 0.22,
        "244": 0.26,
        "112": 0.18,
        "124": 0.2,
        "322": 0.23,
        "71": 0.22,
        "324": 0.25,
        "77": 0.2,
        "397": 0.15,
        "328": 0.27,
        "291": 0.19,
        "147": 0.24,
        "270": 0.22,
        "385": 0.11,
        "348": 0.1,
        "209": 0.16,
        "255": 0.22,
        "369": 0.2,
        "181": 0.24,
        "237": 0.13,
        "113": 0.17,
        "210": 0.24,
        "310": 0.15,
        "42": 0.15,
        "55": 0.34,
        "53": 0.27,
        "11": 0.2,
        "271": 0.18,
        "319": 0.23,
        "303": 0.35,
        "342": 0.32,
        "136": 0.26,
        "114": 0.2,
        "347": 0.17,
        "125": 0.19,
        "293": 0.22,
        "288": 0.32,
        "8": 0.23,
        "389": 0.24,
        "126": 0.14,
        "247": 0.27,
        "320": 0.17,
        "304": 0.2,
        "224": 0.26,
        "118": 0.33,
        "279": 0.16,
        "225": 0.29,
        "373": 0.2,
        "215": 0.31,
        "65": 0.24,
        "79": 0.24,
        "141": 0.2,
        "102": 0.37,
        "337": 0.28,
        "302": 0.21,
        "122": 0.29,
        "94": 0.16,
        "251": 0.14,
        "300": 0.18,
        "208": 0.19,
        "59": 0.35,
        "394": 0.17,
        "76": 0.22,
        "143": 0.26,
        "367": 0.21,
        "156": 0.23,
        "110": 0.28,
        "329": 0.22,
        "351": 0.25,
        "286": 0.22,
        "159": 0.18,
        "201": 0.21,
        "15": 0.29,
        "395": 0.11,
        "46": 0.13,
        "54": 0.19,
        "284": 0.2,
        "27": 0.25,
        "226": 0.31,
        "196": 0.27,
        "220": 0.22,
        "234": 0.21,
        "116": 0.31,
        "26": 0.26,
        "173": 0.33,
        "283": 0.22,
        "88": 0.24,
        "168": 0.47,
        "108": 0.3,
        "327": 0.23,
        "219": 0.33,
        "335": 0.31,
        "63": 0.17,
        "195": 0.26,
        "18": 0.22,
        "206": 0.21,
        "274": 0.23,
        "200": 0.13,
        "34": 0.38,
        "111": 0.19,
        "100": 0.15,
        "58": 0.33,
        "229": 0.29,
        "72": 0.17,
        "381": 0.17,
        "174": 0.29,
        "164": 0.31,
        "252": 0.25,
        "259": 0.32,
        "297": 0.18,
        "99": 0.13,
        "308": 0.18,
        "17": 0.29,
        "66": 0.29,
        "378": 0.17,
        "334": 0.24,
        "142": 0.29,
        "38": 0.22,
        "187": 0.12,
        "253": 0.27,
        "280": 0.22,
        "80": 0.19,
        "62": 0.23,
        "380": 0.14,
        "240": 0.31,
        "325": 0.26,
        "398": 0.11,
        "372": 0.11,
        "258": 0.38,
        "261": 0.29,
        "96": 0.18,
        "129": 0.28,
        "217": 0.19,
        "178": 0.25,
        "315": 0.24,
        "107": 0.31,
        "177": 0.31,
        "41": 0.26,
        "2": 0.25,
        "277": 0.21,
        "318": 0.24,
        "188": 0.28,
        "317": 0.27,
        "115": 0.27,
        "145": 0.3,
        "10": 0.26,
        "361": 0.16,
        "170": 0.28,
        "106": 0.19,
        "292": 0.17,
        "314": 0.28,
        "119": 0.38,
        "101": 0.08,
        "223": 0.21,
        "207": 0.25,
        "228": 0.32,
        "165": 0.43,
        "399": 0.14,
        "281": 0.21,
        "248": 0.29,
        "344": 0.13,
        "194": 0.27,
        "354": 0.19,
        "139": 0.19,
        "109": 0.36,
        "366": 0.12,
        "56": 0.21,
        "212": 0.27,
        "221": 0.19,
        "301": 0.25,
        "214": 0.38,
        "345": 0.21,
        "383": 0.12,
        "52": 0.09,
        "61": 0.23,
        "204": 0.29,
        "176": 0.27,
        "32": 0.21,
        "36": 0.19,
        "169": 0.3,
        "83": 0.22,
        "49": 0.18,
        "359": 0.17,
        "87": 0.17,
        "161": 0.29,
        "67": 0.29,
        "331": 0.39,
        "313": 0.27,
        "390": 0.19,
        "273": 0.2,
        "146": 0.21,
        "179": 0.21,
        "341": 0.24,
        "190": 0.2,
        "243": 0.13,
        "91": 0.18,
        "371": 0.24,
        "3": 0.23,
        "202": 0.21,
        "98": 0.16,
        "332": 0.45,
        "267": 0.16,
        "305": 0.27,
        "7": 0.17,
        "388": 0.23,
        "387": 0.27,
        "346": 0.23,
        "339": 0.26,
        "203": 0.28,
        "127": 0.12,
        "352": 0.2,
        "105": 0.33,
        "276": 0.19,
        "9": 0.11,
        "287": 0.34,
        "97": 0.16,
        "30": 0.24,
        "265": 0.09,
        "355": 0.25,
        "4": 0.19,
        "157": 0.28,
        "103": 0.19,
        "218": 0.18,
        "193": 0.3,
        "14": 0.18,
        "162": 0.26,
        "132": 0.22,
        "128": 0.26,
        "278": 0.2,
        "171": 0.26,
        "37": 0.14,
        "185": 0.18,
        "285": 0.23,
        "25": 0.21,
        "134": 0.18,
        "64": 0.24,
        "137": 0.34,
        "357": 0.15,
        "311": 0.2,
        "69": 0.22,
        "333": 0.23,
        "16": 0.2,
        "81": 0.22,
        "44": 0.11,
        "90": 0.18,
        "396": 0.14,
        "154": 0.22
    },
    "asa_2122_p1": {
        "al067": 0.29,
        "tp063": 0.19,
        "tp040": 0.33,
        "tp032": 0.33,
        "al133": 0.25,
        "al010": 0.07,
        "al062": 0.08,
        "al140": 0.24,
        "al031": 0.32,
        "al101": 0.29,
        "tp045": 0.32,
        "tp052": 0.25,
        "al056": 0.11,
        "al087": 0.29
    },
    "iaed_p2": {
        "256": 0.09,
        "45": 0.15,
        "264": 0.11,
        "5": 0.1,
        "82": 0.19,
        "24": 0.19,
        "47": 0.15,
        "323": 0.14,
        "260": 0.16,
        "236": 0.24,
        "120": 0.24,
        "31": 0.09,
        "33": 0.13,
        "19": 0.17,
        "23": 0.14,
        "166": 0.09,
        "330": 0.2,
        "338": 0.14,
        "149": 0.13,
        "306": 0.22,
        "198": 0.17,
        "140": 0.15,
        "263": 0.11,
        "172": 0.1,
        "266": 0.15,
        "246": 0.19,
        "205": 0.18,
        "85": 0.18,
        "13": 0.1,
        "290": 0.19,
        "70": 0.16,
        "353": 0.09,
        "104": 0.25,
        "316": 0.13,
        "29": 0.15,
        "213": 0.13,
        "211": 0.21,
        "245": 0.21,
        "167": 0.14,
        "343": 0.28,
        "6": 0.22,
        "295": 0.14,
        "138": 0.16,
        "222": 0.09,
        "86": 0.17,
        "294": 0.09,
        "309": 0.12,
        "21": 0.16,
        "89": 0.21,
        "250": 0.14,
        "230": 0.16,
        "312": 0.22,
        "1": 0.13,
        "40": 0.1,
        "233": 0.09,
        "191": 0.1,
        "186": 0.12,
        "189": 0.12,
        "131": 0.09,
        "289": 0.24,
        "299": 0.2,
        "184": 0.1,
        "350": 0.19,
        "227": 0.14,
        "296": 0.12,
        "232": 0.19,
        "349": 0.1,
        "123": 0.14,
        "192": 0.09,
        "199": 0.18,
        "84": 0.18,
        "74": 0.1,
        "158": 0.16,
        "51": 0.18,
        "326": 0.1,
        "153": 0.1,
        "163": 0.12,
        "117": 0.21,
        "151": 0.12,
        "298": 0.27,
        "182": 0.17,
        "231": 0.18,
        "197": 0.17,
        "262": 0.15,
        "216": 0.2,
        "135": 0.13,
        "121": 0.26,
        "239": 0.1,
        "238": 0.12,
        "183": 0.16,
        "75": 0.13,
        "130": 0.11,
        "148": 0.12,
        "175": 0.1,
        "22": 0.15,
        "282": 0.12,
        "35": 0.16,
        "73": 0.14,
        "150": 0.08,
        "95": 0.18,
        "254": 0.15,
        "133": 0.21,
        "268": 0.14,
        "269": 0.13,
        "336": 0.11,
        "257": 0.23,
        "180": 0.11,
        "28": 0.17,
        "155": 0.16,
        "242": 0.15,
        "144": 0.15,
        "244": 0.24,
        "112": 0.15,
        "124": 0.2,
        "322": 0.17,
        "71": 0.14,
        "324": 0.11,
        "77": 0.11,
        "328": 0.11,
        "291": 0.14,
        "147": 0.18,
        "270": 0.15,
        "348": 0.21,
        "209": 0.14,
        "255": 0.09,
        "181": 0.13,
        "237": 0.23,
        "113": 0.09,
        "210": 0.1,
        "310": 0.13,
        "42": 0.1,
        "55": 0.21,
        "11": 0.23,
        "136": 0.23,
        "114": 0.11,
        "347": 0.22,
        "293": 0.11,
        "288": 0.23,
        "8": 0.17,
        "126": 0.12,
        "320": 0.11,
        "304": 0.2,
        "60": 0.15,
        "224": 0.19,
        "279": 0.16,
        "225": 0.17,
        "215": 0.21,
        "235": 0.11,
        "65": 0.1,
        "79": 0.17,
        "141": 0.15,
        "337": 0.1,
        "302": 0.27,
        "122": 0.2,
        "300": 0.2,
        "208": 0.18,
        "59": 0.09,
        "76": 0.14,
        "143": 0.2,
        "156": 0.21,
        "110": 0.23,
        "329": 0.2,
        "351": 0.17,
        "286": 0.14,
        "159": 0.15,
        "46": 0.13,
        "54": 0.15,
        "284": 0.23,
        "27": 0.15,
        "226": 0.17,
        "116": 0.14,
        "26": 0.09,
        "173": 0.17,
        "283": 0.23,
        "88": 0.12,
        "168": 0.12,
        "108": 0.13,
        "327": 0.1,
        "272": 0.22,
        "219": 0.16,
        "335": 0.14,
        "340": 0.13,
        "63": 0.18,
        "195": 0.12,
        "18": 0.16,
        "206": 0.18,
        "274": 0.13,
        "200": 0.2,
        "34": 0.13,
        "111": 0.14,
        "100": 0.29,
        "58": 0.18,
        "72": 0.14,
        "174": 0.23,
        "164": 0.21,
        "252": 0.1,
        "259": 0.22,
        "297": 0.17,
        "99": 0.12,
        "308": 0.14,
        "17": 0.15,
        "66": 0.24,
        "334": 0.13,
        "142": 0.19,
        "38": 0.12,
        "187": 0.23,
        "253": 0.1,
        "62": 0.08,
        "240": 0.23,
        "325": 0.12,
        "258": 0.24,
        "261": 0.17,
        "96": 0.17,
        "129": 0.1,
        "217": 0.17,
        "178": 0.11,
        "315": 0.25,
        "107": 0.25,
        "177": 0.18,
        "41": 0.08,
        "2": 0.19,
        "277": 0.08,
        "318": 0.21,
        "188": 0.18,
        "317": 0.2,
        "115": 0.22,
        "145": 0.17,
        "10": 0.12,
        "170": 0.17,
        "292": 0.13,
        "314": 0.1,
        "119": 0.16,
        "101": 0.26,
        "223": 0.16,
        "207": 0.24,
        "228": 0.15,
        "165": 0.15,
        "248": 0.2,
        "344": 0.19,
        "194": 0.2,
        "139": 0.14,
        "109": 0.24,
        "56": 0.16,
        "212": 0.21,
        "221": 0.09,
        "301": 0.24,
        "214": 0.12,
        "52": 0.17,
        "61": 0.16,
        "176": 0.2,
        "32": 0.13,
        "36": 0.14,
        "169": 0.11,
        "83": 0.12,
        "49": 0.14,
        "87": 0.14,
        "161": 0.16,
        "67": 0.24,
        "331": 0.18,
        "313": 0.14,
        "273": 0.21,
        "179": 0.13,
        "341": 0.25,
        "190": 0.11,
        "243": 0.13,
        "91": 0.09,
        "3": 0.24,
        "98": 0.13,
        "332": 0.17,
        "267": 0.15,
        "305": 0.22,
        "7": 0.14,
        "275": 0.2,
        "346": 0.21,
        "203": 0.16,
        "127": 0.15,
        "352": 0.15,
        "105": 0.21,
        "276": 0.17,
        "9": 0.17,
        "287": 0.23,
        "97": 0.2,
        "265": 0.17,
        "157": 0.19,
        "103": 0.13,
        "218": 0.13,
        "193": 0.22,
        "14": 0.09,
        "162": 0.22,
        "132": 0.12,
        "128": 0.17,
        "278": 0.16,
        "37": 0.12,
        "285": 0.16,
        "25": 0.12,
        "134": 0.19,
        "64": 0.17,
        "137": 0.08,
        "311": 0.11,
        "69": 0.16,
        "333": 0.13,
        "16": 0.16,
        "81": 0.13,
        "44": 0.14,
        "90": 0.19,
        "154": 0.16
    },
    "asa_2021_p2": {
        "al134": 0.27,
        "al058": 0.27,
        "al152": 0.25,
        "al150": 0.29,
        "al133": 0.18,
        "tp061": 0.14,
        "al110": 0.27,
        "al117": 0.31,
        "al065": 0.1,
        "al098": 0.2,
        "al049": 0.26,
        "tp018": 0.15,
        "al086": 0.21,
        "al003": 0.08
    },
    "asa_1819_p1": {
        "al053": 0.12,
        "al136": 0.16,
        "tg031": 0.3,
        "tg028": 0.28,
        "al041": 0.25,
        "al141": 0.21,
        "tg033": 0.24,
        "al067": 0.22,
        "tg006": 0.28,
        "tg015": 0.14,
        "al002": 0.12,
        "al059": 0.35,
        "tg003": 0.24,
        "tg047": 0.2,
        "tg011": 0.34,
        "al142": 0.19,
        "al036": 0.21,
        "al083": 0.23,
        "al071": 0.28,
        "al146": 0.17,
        "tg017": 0.14,
        "tg001": 0.28,
        "al153": 0.14,
        "al158": 0.21,
        "al121": 0.17,
        "al112": 0.23,
        "al144": 0.26,
        "al030": 0.29,
        "al135": 0.25,
        "tg056": 0.19,
        "al103": 0.25,
        "al004": 0.15,
        "tg022": 0.21,
        "tg004": 0.17,
        "al128": 0.26,
        "al117": 0.2,
        "al080": 0.17,
        "al077": 0.22,
        "al062": 0.27,
        "al118": 0.15,
        "tg068": 0.17,
        "al070": 0.24,
        "tg019": 0.2,
        "al018": 0.32,
        "tg044": 0.25,
        "al098": 0.24,
        "tg021": 0.24,
        "al026": 0.27,
        "al001": 0.09,
        "al031": 0.2,
        "tg024": 0.2,
        "al049": 0.21,
        "tg008": 0.35,
        "al092": 0.22,
        "al119": 0.18,
        "al008": 0.34,
        "al130": 0.19,
        "al074": 0.21,
        "tg007": 0.19,
        "tg005": 0.28,
        "al101": 0.17,
        "al060": 0.3,
        "al082": 0.23,
        "al102": 0.2,
        "al054": 0.33,
        "tg025": 0.27,
        "al037": 0.21,
        "al124": 0.18,
        "al085": 0.1,
        "al042": 0.26,
        "tg014": 0.35,
        "al044": 0.17,
        "tg051": 0.17,
        "al113": 0.23,
        "tg026": 0.24,
        "tg009": 0.36,
        "al147": 0.24,
        "al057": 0.39,
        "tg020": 0.2,
        "tg034": 0.3,
        "al087": 0.21,
        "al020": 0.22,
        "al069": 0.27,
        "al003": 0.27
    },
    "asa_2021_p1": {
        "tp001": 0.16,
        "al134": 0.21,
        "al145": 0.22,
        "al058": 0.19,
        "al050": 0.19,
        "tp023": 0.19,
        "al146": 0.16,
        "al111": 0.23,
        "al152": 0.14,
        "al150": 0.22,
        "al133": 0.2,
        "al029": 0.12,
        "tp061": 0.13,
        "al110": 0.22,
        "al117": 0.22,
        "al098": 0.29,
        "al049": 0.13,
        "al106": 0.21,
        "tp018": 0.11,
        "al095": 0.25,
        "al044": 0.3,
        "al086": 0.22,
        "tp067": 0.11,
        "al003": 0.08,
        "al040": 0.32
    },
    "asa_1920_p1": {
        "tp001": 0.19,
        "al136": 0.3,
        "al017": 0.29,
        "al067": 0.18,
        "tp033": 0.21,
        "al099": 0.21,
        "al046": 0.28,
        "al058": 0.25,
        "tp041": 0.19,
        "al108": 0.35,
        "tp012": 0.25,
        "tp023": 0.3,
        "al142": 0.22,
        "al024": 0.17,
        "al146": 0.19,
        "tp050": 0.19,
        "al111": 0.32,
        "tp031": 0.3,
        "al021": 0.26,
        "al152": 0.24,
        "al151": 0.11,
        "al125": 0.15,
        "tp032": 0.17,
        "tp013": 0.24,
        "tp053": 0.21,
        "al150": 0.21,
        "al023": 0.29,
        "al126": 0.19,
        "al133": 0.34,
        "al153": 0.23,
        "al029": 0.18,
        "al121": 0.14,
        "al120": 0.19,
        "al166": 0.26,
        "tp009": 0.18,
        "al033": 0.28,
        "al144": 0.24,
        "al030": 0.09,
        "al135": 0.22,
        "al167": 0.33,
        "tp025": 0.2,
        "al055": 0.15,
        "al103": 0.29,
        "al015": 0.34,
        "al072": 0.22,
        "al128": 0.25,
        "al117": 0.23,
        "al114": 0.24,
        "al080": 0.25,
        "al035": 0.24,
        "tp021": 0.24,
        "al077": 0.3,
        "tp068": 0.18,
        "al065": 0.19,
        "tp015": 0.32,
        "al005": 0.4,
        "tp027": 0.18,
        "al012": 0.38,
        "al094": 0.2,
        "tp008": 0.18,
        "al070": 0.25,
        "al009": 0.36,
        "al105": 0.3,
        "tp062": 0.19,
        "al149": 0.21,
        "al170": 0.2,
        "al001": 0.1,
        "al123": 0.29,
        "al031": 0.32,
        "al090": 0.23,
        "al025": 0.16,
        "al132": 0.31,
        "tp056": 0.17,
        "tp011": 0.16,
        "al092": 0.27,
        "al119": 0.18,
        "al008": 0.4,
        "al066": 0.19,
        "al038": 0.22,
        "tp054": 0.22,
        "al127": 0.19,
        "al101": 0.37,
        "al104": 0.27,
        "al157": 0.2,
        "tp002": 0.27,
        "al137": 0.2,
        "tp004": 0.18,
        "al082": 0.17,
        "al102": 0.26,
        "al154": 0.3,
        "al054": 0.12,
        "al160": 0.27,
        "al019": 0.32,
        "tp060": 0.2,
        "al037": 0.32,
        "al124": 0.07,
        "al085": 0.17,
        "tp045": 0.17,
        "al081": 0.2,
        "tp052": 0.26,
        "al044": 0.19,
        "al076": 0.32,
        "al171": 0.23,
        "al168": 0.24,
        "tp038": 0.19,
        "al011": 0.34,
        "al131": 0.24,
        "al016": 0.1,
        "al048": 0.3,
        "al086": 0.19,
        "al147": 0.17,
        "al057": 0.17,
        "tp057": 0.15,
        "tp051": 0.19,
        "tp034": 0.2,
        "al156": 0.29,
        "al003": 0.1
    },
    "asa_1920_p2": {
        "tp001": 0.16,
        "al017": 0.23,
        "al067": 0.28,
        "al099": 0.18,
        "al058": 0.17,
        "tp041": 0.24,
        "tp012": 0.2,
        "tp023": 0.2,
        "al142": 0.17,
        "tp050": 0.13,
        "al111": 0.19,
        "tp031": 0.33,
        "al021": 0.26,
        "al152": 0.21,
        "al125": 0.23,
        "tp032": 0.12,
        "tp013": 0.17,
        "al150": 0.22,
        "al029": 0.28,
        "al121": 0.08,
        "al166": 0.25,
        "tp009": 0.18,
        "al033": 0.17,
        "al144": 0.24,
        "al030": 0.16,
        "al135": 0.2,
        "al167": 0.25,
        "al055": 0.19,
        "al015": 0.24,
        "al114": 0.19,
        "al035": 0.16,
        "al065": 0.21,
        "tp015": 0.15,
        "al005": 0.18,
        "tp027": 0.21,
        "al012": 0.21,
        "al094": 0.23,
        "tp008": 0.2,
        "al070": 0.26,
        "al009": 0.19,
        "al105": 0.21,
        "tp062": 0.14,
        "al170": 0.23,
        "al123": 0.18,
        "al090": 0.18,
        "al025": 0.22,
        "tp056": 0.18,
        "al119": 0.22,
        "al008": 0.13,
        "al066": 0.25,
        "al038": 0.13,
        "tp054": 0.19,
        "al101": 0.21,
        "al104": 0.22,
        "al157": 0.17,
        "tp004": 0.18,
        "al102": 0.16,
        "al154": 0.28,
        "al054": 0.17,
        "al160": 0.18,
        "al019": 0.31,
        "al037": 0.11,
        "al124": 0.25,
        "al085": 0.23,
        "tp052": 0.22,
        "al076": 0.26,
        "al171": 0.23,
        "al168": 0.25,
        "al011": 0.26,
        "al131": 0.18,
        "al016": 0.31,
        "al086": 0.18,
        "tp057": 0.17,
        "tp051": 0.25,
        "tp034": 0.23,
        "al156": 0.08
    },
    "asa_1819_p2": {
        "tg031": 0.23,
        "al141": 0.4,
        "tg033": 0.16,
        "al067": 0.19,
        "tg006": 0.32,
        "tg015": 0.26,
        "al059": 0.19,
        "tg003": 0.23,
        "tg002": 0.22,
        "tg047": 0.15,
        "tg011": 0.29,
        "al142": 0.21,
        "al036": 0.39,
        "al083": 0.26,
        "al071": 0.28,
        "tg017": 0.24,
        "al093": 0.28,
        "al153": 0.22,
        "al121": 0.22,
        "al030": 0.4,
        "al135": 0.36,
        "tg056": 0.18,
        "al004": 0.1,
        "tg022": 0.28,
        "tg004": 0.15,
        "al128": 0.4,
        "al117": 0.16,
        "al114": 0.43,
        "al077": 0.25,
        "tg061": 0.19,
        "al062": 0.23,
        "al018": 0.4,
        "tg044": 0.13,
        "al098": 0.25,
        "tg021": 0.34,
        "al031": 0.37,
        "al049": 0.28,
        "tg008": 0.41,
        "al119": 0.25,
        "tg043": 0.22,
        "al008": 0.15,
        "al074": 0.23,
        "tg007": 0.45,
        "tg005": 0.23,
        "al101": 0.16,
        "al060": 0.14,
        "al082": 0.24,
        "al043": 0.33,
        "al102": 0.15,
        "al054": 0.33,
        "tg025": 0.23,
        "al037": 0.3,
        "al124": 0.21,
        "tg014": 0.35,
        "tg051": 0.16,
        "al113": 0.14,
        "tg009": 0.23,
        "al147": 0.22,
        "al057": 0.24,
        "tg034": 0.22,
        "al020": 0.37,
        "al069": 0.29,
        "al088": 0.2,
        "al003": 0.41
    },
    "asa_2122_p2": {
        "al067": 0.22,
        "tp063": 0.23,
        "tp040": 0.21,
        "al133": 0.27,
        "al010": 0.1,
        "al118": 0.23,
        "al140": 0.21,
        "al031": 0.1,
        "al025": 0.2,
        "al064": 0.2,
        "al056": 0.25
    }
}
