{
  "name": "Project_75",
  "errors": [
    {
      "file": "proj1.c",
      "line": 471,
      "error": "memory error: object read only",
      "witness": {
        "stdin": "object_read_only_line_471.stdin",
        "scanf": "object_read_only_line_471.scanf"
      }
    },
    {
      "file": "proj1.c",
      "line": 665,
      "error": "memory error: out of bound pointer",
      "witness": {
        "stdin": "out_of_bound_pointer_line_665.stdin",
        "scanf": "out_of_bound_pointer_line_665.scanf"
      }
    },
    {
      "file": "proj1.c",
      "line": 471,
      "error": "memory error: out of bound pointer",
      "witness": {
        "stdin": "out_of_bound_pointer_line_471.stdin",
        "scanf": "out_of_bound_pointer_line_471.scanf"
      }
    },
    {
      "file": "proj1.c",
      "line": 805,
      "error": "memory error: out of bound pointer",
      "witness": {
        "stdin": "out_of_bound_pointer_line_805.stdin",
        "scanf": "out_of_bound_pointer_line_805.scanf"
      }
    },
    {
      "file": "proj1.c",
      "line": 805,
      "error": "memory error: object read only",
      "witness": {
        "stdin": "object_read_only_line_805.stdin",
        "scanf": "object_read_only_line_805.scanf"
      }
    }
  ]
}