{
  "name": "Project_294",
  "errors": [
    {
      "file": "Funcoes.c",
      "line": 349,
      "error": "memory error: out of bound pointer",
      "witness": {
        "stdin": "out_of_bound_pointer_line_349.stdin",
        "scanf": "out_of_bound_pointer_line_349.scanf"
      }
    },
    {
      "file": "HashTable.c",
      "line": 80,
      "error": "memory error: out of bound pointer",
      "witness": {
        "stdin": "out_of_bound_pointer_line_80.stdin",
        "scanf": "out_of_bound_pointer_line_80.scanf"
      }
    },
    {
      "file": "HashTable.c",
      "line": 66,
      "error": "memory error: out of bound pointer",
      "witness": {
        "stdin": "out_of_bound_pointer_line_66.stdin",
        "scanf": "out_of_bound_pointer_line_66.scanf"
      }
    }
  ]
}