{
  "name": "Project_211",
  "errors": [
    {
      "file": "teams.c",
      "line": 34,
      "error": "memory error: out of bound pointer",
      "witness": {
        "stdin": "out_of_bound_pointer_line_34.stdin",
        "scanf": "out_of_bound_pointer_line_34.scanf"
      }
    },
    {
      "file": "matches.c",
      "line": 42,
      "error": "memory error: out of bound pointer",
      "witness": {
        "stdin": "out_of_bound_pointer_line_42.stdin",
        "scanf": "out_of_bound_pointer_line_42.scanf"
      }
    }
  ]
}