{
  "name": "Project_10",
  "errors": [
    {
      "file": "proj1.c",
      "line": 318,
      "error": "memory error: out of bound pointer",
      "witness": {
        "stdin": "out_of_bound_pointer_line_318.stdin",
        "scanf": "out_of_bound_pointer_line_318.scanf"
      }
    },
    {
      "file": "proj1.c",
      "line": 547,
      "error": "memory error: out of bound pointer",
      "witness": {
        "stdin": "out_of_bound_pointer_line_547.stdin",
        "scanf": "out_of_bound_pointer_line_547.scanf"
      }
    },
    {
      "file": "proj1.c",
      "line": 452,
      "error": "memory error: out of bound pointer",
      "witness": {
        "stdin": "out_of_bound_pointer_line_452.stdin",
        "scanf": "out_of_bound_pointer_line_452.scanf"
      }
    }
  ]
}