{
  "name": "Project_306",
  "errors": [
    {
      "file": "PROJETO.c",
      "line": 404,
      "error": "memory error: out of bound pointer",
      "witness": {
        "stdin": "out_of_bound_pointer_line_404.stdin",
        "scanf": "out_of_bound_pointer_line_404.scanf"
      }
    },
    {
      "file": "PROJETO.c",
      "line": 252,
      "error": "memory error: out of bound pointer",
      "witness": {
        "stdin": "out_of_bound_pointer_line_252.stdin",
        "scanf": "out_of_bound_pointer_line_252.scanf"
      }
    }
  ]
}