{
  "name": "Project_175",
  "errors": [
    {
      "file": "equipas.c",
      "line": 259,
      "error": "memory error: out of bound pointer",
      "witness": {
        "stdin": "out_of_bound_pointer_line_259.stdin",
        "scanf": "out_of_bound_pointer_line_259.scanf"
      }
    },
    {
      "file": "equipas.c",
      "line": 309,
      "error": "memory error: out of bound pointer",
      "witness": {
        "stdin": "out_of_bound_pointer_line_309.stdin",
        "scanf": "out_of_bound_pointer_line_309.scanf"
      }
    },
    {
      "file": "jogos.c",
      "line": 341,
      "error": "memory error: out of bound pointer",
      "witness": {
        "stdin": "out_of_bound_pointer_line_341.stdin",
        "scanf": "out_of_bound_pointer_line_341.scanf"
      }
    },
    {
      "file": "jogos.c",
      "line": 287,
      "error": "memory error: out of bound pointer",
      "witness": {
        "stdin": "out_of_bound_pointer_line_287.stdin",
        "scanf": "out_of_bound_pointer_line_287.scanf"
      }
    },
    {
      "file": "jogos.c",
      "line": 145,
      "error": "memory error: out of bound pointer",
      "witness": {
        "stdin": "out_of_bound_pointer_line_145.stdin",
        "scanf": "out_of_bound_pointer_line_145.scanf"
      }
    },
    {
      "file": "jogos.c",
      "line": 154,
      "error": "memory error: out of bound pointer",
      "witness": {
        "stdin": "out_of_bound_pointer_line_154.stdin",
        "scanf": "out_of_bound_pointer_line_154.scanf"
      }
    },
    {
      "file": "jogos.c",
      "line": 264,
      "error": "memory error: out of bound pointer",
      "witness": {
        "stdin": "out_of_bound_pointer_line_264.stdin",
        "scanf": "out_of_bound_pointer_line_264.scanf"
      }
    }
  ]
}