{
  "name": "Project_326",
  "errors": [
    {
      "file": "projetov2.c",
      "line": 203,
      "error": "memory error: out of bound pointer",
      "witness": {
        "stdin": "out_of_bound_pointer_line_203.stdin",
        "scanf": "out_of_bound_pointer_line_203.scanf"
      }
    },
    {
      "file": "projetov2.c",
      "line": 203,
      "error": "memory error: object read only",
      "witness": {
        "stdin": "object_read_only_line_203.stdin",
        "scanf": "object_read_only_line_203.scanf"
      }
    }
  ]
}