{
  "name": "Project_120",
  "errors": [
    {
      "file": "proj1.c",
      "line": 477,
      "error": "memory error: out of bound pointer",
      "witness": {
        "stdin": "out_of_bound_pointer_line_477.stdin",
        "scanf": "out_of_bound_pointer_line_477.scanf"
      }
    },
    {
      "file": "proj1.c",
      "line": 479,
      "error": "memory error: out of bound pointer",
      "witness": {
        "stdin": "out_of_bound_pointer_line_479.stdin",
        "scanf": "out_of_bound_pointer_line_479.scanf"
      }
    },
    {
      "file": "proj1.c",
      "line": 279,
      "error": "memory error: out of bound pointer",
      "witness": {
        "stdin": "out_of_bound_pointer_line_279.stdin",
        "scanf": "out_of_bound_pointer_line_279.scanf"
      }
    },
    {
      "file": "proj1.c",
      "line": 279,
      "error": "memory error: object read only",
      "witness": {
        "stdin": "object_read_only_line_279.stdin",
        "scanf": "object_read_only_line_279.scanf"
      }
    },
    {
      "file": "proj1.c",
      "line": 236,
      "error": "memory error: out of bound pointer",
      "witness": {
        "stdin": "out_of_bound_pointer_line_236.stdin",
        "scanf": "out_of_bound_pointer_line_236.scanf"
      }
    },
    {
      "file": "proj1.c",
      "line": 236,
      "error": "memory error: object read only",
      "witness": {
        "stdin": "object_read_only_line_236.stdin",
        "scanf": "object_read_only_line_236.scanf"
      }
    }
  ]
}