{
  "name": "Project_59",
  "errors": [
    {
      "file": "proj1.c",
      "line": 290,
      "error": "memory error: out of bound pointer",
      "witness": {
        "stdin": "out_of_bound_pointer_line_290.stdin",
        "scanf": "out_of_bound_pointer_line_290.scanf"
      }
    },
    {
      "file": "proj1.c",
      "line": 225,
      "error": "memory error: out of bound pointer",
      "witness": {
        "stdin": "out_of_bound_pointer_line_225.stdin",
        "scanf": "out_of_bound_pointer_line_225.scanf"
      }
    },
    {
      "file": "proj1.c",
      "line": -1,
      "error": "memory error: out of bound pointer",
      "witness": {
        "stdin": "out_of_bound_pointer_line_-1.stdin",
        "scanf": "out_of_bound_pointer_line_-1.scanf"
      }
    },
    {
      "file": "proj1.c",
      "line": 290,
      "error": "memory error: object read only",
      "witness": {
        "stdin": "object_read_only_line_290.stdin",
        "scanf": "object_read_only_line_290.scanf"
      }
    },
    {
      "file": "proj1.c",
      "line": 155,
      "error": "memory error: out of bound pointer",
      "witness": {
        "stdin": "out_of_bound_pointer_line_155.stdin",
        "scanf": "out_of_bound_pointer_line_155.scanf"
      }
    },
    {
      "file": "proj1.c",
      "line": 155,
      "error": "memory error: object read only",
      "witness": {
        "stdin": "object_read_only_line_155.stdin",
        "scanf": "object_read_only_line_155.scanf"
      }
    }
  ]
}