{
  "name": "Project_35",
  "errors": [
    {
      "file": "IAED.c",
      "line": 241,
      "error": "memory error: out of bound pointer",
      "witness": {
        "stdin": "out_of_bound_pointer_line_241.stdin",
        "scanf": "out_of_bound_pointer_line_241.scanf"
      }
    },
    {
      "file": "IAED.c",
      "line": 197,
      "error": "memory error: out of bound pointer",
      "witness": {
        "stdin": "out_of_bound_pointer_line_197.stdin",
        "scanf": "out_of_bound_pointer_line_197.scanf"
      }
    }
  ]
}