{
  "name": "Project_126",
  "errors": [
    {
      "file": "projecto.c",
      "line": 467,
      "error": "memory error: out of bound pointer",
      "witness": {
        "stdin": "out_of_bound_pointer_line_467.stdin",
        "scanf": "out_of_bound_pointer_line_467.scanf"
      }
    },
    {
      "file": "projecto.c",
      "line": 220,
      "error": "memory error: object read only",
      "witness": {
        "stdin": "object_read_only_line_220.stdin",
        "scanf": "object_read_only_line_220.scanf"
      }
    },
    {
      "file": "projecto.c",
      "line": 50,
      "error": "memory error: out of bound pointer",
      "witness": {
        "stdin": "out_of_bound_pointer_line_50.stdin",
        "scanf": "out_of_bound_pointer_line_50.scanf"
      }
    },
    {
      "file": "projecto.c",
      "line": 115,
      "error": "memory error: out of bound pointer",
      "witness": {
        "stdin": "out_of_bound_pointer_line_115.stdin",
        "scanf": "out_of_bound_pointer_line_115.scanf"
      }
    },
    {
      "file": "projecto.c",
      "line": 155,
      "error": "memory error: out of bound pointer",
      "witness": {
        "stdin": "out_of_bound_pointer_line_155.stdin",
        "scanf": "out_of_bound_pointer_line_155.scanf"
      }
    },
    {
      "file": "projecto.c",
      "line": 213,
      "error": "memory error: object read only",
      "witness": {
        "stdin": "object_read_only_line_213.stdin",
        "scanf": "object_read_only_line_213.scanf"
      }
    },
    {
      "file": "projecto.c",
      "line": 220,
      "error": "memory error: out of bound pointer",
      "witness": {
        "stdin": "out_of_bound_pointer_line_220.stdin",
        "scanf": "out_of_bound_pointer_line_220.scanf"
      }
    },
    {
      "file": "projecto.c",
      "line": 448,
      "error": "memory error: out of bound pointer",
      "witness": {
        "stdin": "out_of_bound_pointer_line_448.stdin",
        "scanf": "out_of_bound_pointer_line_448.scanf"
      }
    },
    {
      "file": "projecto.c",
      "line": 209,
      "error": "memory error: out of bound pointer",
      "witness": {
        "stdin": "out_of_bound_pointer_line_209.stdin",
        "scanf": "out_of_bound_pointer_line_209.scanf"
      }
    },
    {
      "file": "projecto.c",
      "line": 98,
      "error": "memory error: out of bound pointer",
      "witness": {
        "stdin": "out_of_bound_pointer_line_98.stdin",
        "scanf": "out_of_bound_pointer_line_98.scanf"
      }
    },
    {
      "file": "projecto.c",
      "line": 155,
      "error": "memory error: object read only",
      "witness": {
        "stdin": "object_read_only_line_155.stdin",
        "scanf": "object_read_only_line_155.scanf"
      }
    }
  ]
}