{
  "name": "Project_363",
  "errors": [
    {
      "file": "proj1.c",
      "line": 159,
      "error": "memory error: out of bound pointer",
      "witness": {
        "stdin": "out_of_bound_pointer_line_159.stdin",
        "scanf": "out_of_bound_pointer_line_159.scanf"
      }
    },
    {
      "file": "proj1.c",
      "line": 103,
      "error": "memory error: out of bound pointer",
      "witness": {
        "stdin": "out_of_bound_pointer_line_103.stdin",
        "scanf": "out_of_bound_pointer_line_103.scanf"
      }
    }
  ]
}