{
  "name": "Project_189",
  "errors": [
    {
      "file": "proj_1.c",
      "line": 621,
      "error": "memory error: out of bound pointer",
      "witness": {
        "stdin": "out_of_bound_pointer_line_621.stdin",
        "scanf": "out_of_bound_pointer_line_621.scanf"
      }
    },
    {
      "file": "proj_1.c",
      "line": 268,
      "error": "memory error: out of bound pointer",
      "witness": {
        "stdin": "out_of_bound_pointer_line_268.stdin",
        "scanf": "out_of_bound_pointer_line_268.scanf"
      }
    },
    {
      "file": "proj_1.c",
      "line": 337,
      "error": "memory error: out of bound pointer",
      "witness": {
        "stdin": "out_of_bound_pointer_line_337.stdin",
        "scanf": "out_of_bound_pointer_line_337.scanf"
      }
    }
  ]
}