{
  "name": "Project_47",
  "errors": [
    {
      "file": "hashTeam.c",
      "line": 84,
      "error": "memory error: out of bound pointer",
      "witness": {
        "stdin": "out_of_bound_pointer_line_84.stdin",
        "scanf": "out_of_bound_pointer_line_84.scanf"
      }
    },
    {
      "file": "hashGame.c",
      "line": 83,
      "error": "memory error: out of bound pointer",
      "witness": {
        "stdin": "out_of_bound_pointer_line_83.stdin",
        "scanf": "out_of_bound_pointer_line_83.scanf"
      }
    }
  ]
}