{
  "name": "Project_288",
  "errors": [
    {
      "file": "projeto1memoria.c",
      "line": 213,
      "error": "memory error: out of bound pointer",
      "witness": {
        "stdin": "out_of_bound_pointer_line_213.stdin",
        "scanf": "out_of_bound_pointer_line_213.scanf"
      }
    },
    {
      "file": "projeto1memoria.c",
      "line": 233,
      "error": "memory error: out of bound pointer",
      "witness": {
        "stdin": "out_of_bound_pointer_line_233.stdin",
        "scanf": "out_of_bound_pointer_line_233.scanf"
      }
    },
    {
      "file": "projeto1memoria.c",
      "line": 254,
      "error": "memory error: out of bound pointer",
      "witness": {
        "stdin": "out_of_bound_pointer_line_254.stdin",
        "scanf": "out_of_bound_pointer_line_254.scanf"
      }
    },
    {
      "file": "projeto1memoria.c",
      "line": 213,
      "error": "memory error: out of bound pointer",
      "witness": {
        "stdin": "out_of_bound_pointer_line_213.stdin",
        "scanf": "out_of_bound_pointer_line_213.scanf"
      }
    },
    {
      "file": "projeto1memoria.c",
      "line": 185,
      "error": "memory error: out of bound pointer",
      "witness": {
        "stdin": "out_of_bound_pointer_line_185.stdin",
        "scanf": "out_of_bound_pointer_line_185.scanf"
      }
    },
    {
      "file": "projeto1memoria.c",
      "line": 213,
      "error": "memory error: out of bound pointer",
      "witness": {
        "stdin": "out_of_bound_pointer_line_213.stdin",
        "scanf": "out_of_bound_pointer_line_213.scanf"
      }
    },
    {
      "file": "projeto1memoria.c",
      "line": 117,
      "error": "memory error: out of bound pointer",
      "witness": {
        "stdin": "out_of_bound_pointer_line_117.stdin",
        "scanf": "out_of_bound_pointer_line_117.scanf"
      }
    },
    {
      "file": "projeto1memoria.c",
      "line": 117,
      "error": "memory error: object read only",
      "witness": {
        "stdin": "object_read_only_line_117.stdin",
        "scanf": "object_read_only_line_117.scanf"
      }
    },
    {
      "file": "projeto1memoria.c",
      "line": 254,
      "error": "memory error: object read only",
      "witness": {
        "stdin": "object_read_only_line_254.stdin",
        "scanf": "object_read_only_line_254.scanf"
      }
    }
  ]
}