{
  "name": "Project_79",
  "errors": [
    {
      "file": "proj1.c",
      "line": 96,
      "error": "calling function with too few arguments",
      "witness": {
        "stdin": "calling_function_with_too_few_arguments_line_96.stdin",
        "scanf": "calling_function_with_too_few_arguments_line_96.scanf"
      }
    },
    {
      "file": "proj1.c",
      "line": 130,
      "error": "memory error: out of bound pointer",
      "witness": {
        "stdin": "out_of_bound_pointer_line_130.stdin",
        "scanf": "out_of_bound_pointer_line_130.scanf"
      }
    }
  ]
}