{
  "name": "Project_383",
  "errors": [
    {
      "file": "Projeto1.c",
      "line": 115,
      "error": "memory error: out of bound pointer",
      "witness": {
        "stdin": "out_of_bound_pointer_line_115.stdin",
        "scanf": "out_of_bound_pointer_line_115.scanf"
      }
    },
    {
      "file": "Projeto1.c",
      "line": 101,
      "error": "memory error: out of bound pointer",
      "witness": {
        "stdin": "out_of_bound_pointer_line_101.stdin",
        "scanf": "out_of_bound_pointer_line_101.scanf"
      }
    },
    {
      "file": "Projeto1.c",
      "line": 351,
      "error": "memory error: out of bound pointer",
      "witness": {
        "stdin": "out_of_bound_pointer_line_351.stdin",
        "scanf": "out_of_bound_pointer_line_351.scanf"
      }
    },
    {
      "file": "Projeto1.c",
      "line": 116,
      "error": "memory error: object read only",
      "witness": {
        "stdin": "object_read_only_line_116.stdin",
        "scanf": "object_read_only_line_116.scanf"
      }
    },
    {
      "file": "Projeto1.c",
      "line": 321,
      "error": "memory error: out of bound pointer",
      "witness": {
        "stdin": "out_of_bound_pointer_line_321.stdin",
        "scanf": "out_of_bound_pointer_line_321.scanf"
      }
    }
  ]
}