{
  "name": "Project_1",
  "errors": [
    {
      "file": "al95638.c",
      "line": 214,
      "error": "memory error: out of bound pointer",
      "witness": {
        "stdin": "out_of_bound_pointer_line_214.stdin",
        "scanf": "out_of_bound_pointer_line_214.scanf"
      }
    },
    {
      "file": "al95638.c",
      "line": 246,
      "error": "memory error: out of bound pointer",
      "witness": {
        "stdin": "out_of_bound_pointer_line_246.stdin",
        "scanf": "out_of_bound_pointer_line_246.scanf"
      }
    },
    {
      "file": "al95638.c",
      "line": 197,
      "error": "memory error: object read only",
      "witness": {
        "stdin": "object_read_only_line_197.stdin",
        "scanf": "object_read_only_line_197.scanf"
      }
    },
    {
      "file": "al95638.c",
      "line": 192,
      "error": "memory error: out of bound pointer",
      "witness": {
        "stdin": "out_of_bound_pointer_line_192.stdin",
        "scanf": "out_of_bound_pointer_line_192.scanf"
      }
    },
    {
      "file": "al95638.c",
      "line": 214,
      "error": "memory error: out of bound pointer",
      "witness": {
        "stdin": "out_of_bound_pointer_line_214.stdin",
        "scanf": "out_of_bound_pointer_line_214.scanf"
      }
    },
    {
      "file": "al95638.c",
      "line": 246,
      "error": "memory error: object read only",
      "witness": {
        "stdin": "object_read_only_line_246.stdin",
        "scanf": "object_read_only_line_246.scanf"
      }
    },
    {
      "file": "al95638.c",
      "line": 267,
      "error": "memory error: out of bound pointer",
      "witness": {
        "stdin": "out_of_bound_pointer_line_267.stdin",
        "scanf": "out_of_bound_pointer_line_267.scanf"
      }
    },
    {
      "file": "al95638.c",
      "line": 143,
      "error": "memory error: out of bound pointer",
      "witness": {
        "stdin": "out_of_bound_pointer_line_143.stdin",
        "scanf": "out_of_bound_pointer_line_143.scanf"
      }
    },
    {
      "file": "al95638.c",
      "line": 143,
      "error": "memory error: object read only",
      "witness": {
        "stdin": "object_read_only_line_143.stdin",
        "scanf": "object_read_only_line_143.scanf"
      }
    }
  ]
}