{
  "name": "Project_109",
  "errors": [
    {
      "file": "Projeto1.c",
      "line": 300,
      "error": "memory error: out of bound pointer",
      "witness": {
        "stdin": "out_of_bound_pointer_line_300.stdin",
        "scanf": "out_of_bound_pointer_line_300.scanf"
      }
    },
    {
      "file": "Projeto1.c",
      "line": 170,
      "error": "memory error: out of bound pointer",
      "witness": {
        "stdin": "out_of_bound_pointer_line_170.stdin",
        "scanf": "out_of_bound_pointer_line_170.scanf"
      }
    },
    {
      "file": "Projeto1.c",
      "line": 59,
      "error": "memory error: out of bound pointer",
      "witness": {
        "stdin": "out_of_bound_pointer_line_59.stdin",
        "scanf": "out_of_bound_pointer_line_59.scanf"
      }
    },
    {
      "file": "Projeto1.c",
      "line": 300,
      "error": "memory error: object read only",
      "witness": {
        "stdin": "object_read_only_line_300.stdin",
        "scanf": "object_read_only_line_300.scanf"
      }
    },
    {
      "file": "Projeto1.c",
      "line": 166,
      "error": "memory error: out of bound pointer",
      "witness": {
        "stdin": "out_of_bound_pointer_line_166.stdin",
        "scanf": "out_of_bound_pointer_line_166.scanf"
      }
    }
  ]
}