{
  "name": "Project_34",
  "errors": [
    {
      "file": "proj1.c",
      "line": 62,
      "error": "memory error: out of bound pointer",
      "witness": {
        "stdin": "out_of_bound_pointer_line_62.stdin",
        "scanf": "out_of_bound_pointer_line_62.scanf"
      }
    },
    {
      "file": "proj1.c",
      "line": 72,
      "error": "memory error: out of bound pointer",
      "witness": {
        "stdin": "out_of_bound_pointer_line_72.stdin",
        "scanf": "out_of_bound_pointer_line_72.scanf"
      }
    },
    {
      "file": "proj1.c",
      "line": 382,
      "error": "memory error: out of bound pointer",
      "witness": {
        "stdin": "out_of_bound_pointer_line_382.stdin",
        "scanf": "out_of_bound_pointer_line_382.scanf"
      }
    }
  ]
}