{
  "name": "Project_74",
  "errors": [
    {
      "file": "final.c",
      "line": 171,
      "error": "memory error: out of bound pointer",
      "witness": {
        "stdin": "out_of_bound_pointer_line_171.stdin",
        "scanf": "out_of_bound_pointer_line_171.scanf"
      }
    },
    {
      "file": "final.c",
      "line": 64,
      "error": "memory error: out of bound pointer",
      "witness": {
        "stdin": "out_of_bound_pointer_line_64.stdin",
        "scanf": "out_of_bound_pointer_line_64.scanf"
      }
    },
    {
      "file": "final.c",
      "line": 64,
      "error": "memory error: object read only",
      "witness": {
        "stdin": "object_read_only_line_64.stdin",
        "scanf": "object_read_only_line_64.scanf"
      }
    }
  ]
}