{
  "name": "Project_216",
  "errors": [
    {
      "file": "champs.c",
      "line": 29,
      "error": "memory error: out of bound pointer",
      "witness": {
        "stdin": "out_of_bound_pointer_line_29.stdin",
        "scanf": "out_of_bound_pointer_line_29.scanf"
      }
    },
    {
      "file": "main.c",
      "line": 83,
      "error": "memory error: out of bound pointer",
      "witness": {
        "stdin": "out_of_bound_pointer_line_83.stdin",
        "scanf": "out_of_bound_pointer_line_83.scanf"
      }
    },
    {
      "file": "main.c",
      "line": 67,
      "error": "memory error: out of bound pointer",
      "witness": {
        "stdin": "out_of_bound_pointer_line_67.stdin",
        "scanf": "out_of_bound_pointer_line_67.scanf"
      }
    }
  ]
}