{
  "name": "Project_85",
  "errors": [
    {
      "file": "Projecto1.c",
      "line": 283,
      "error": "memory error: out of bound pointer",
      "witness": {
        "stdin": "out_of_bound_pointer_line_283.stdin",
        "scanf": "out_of_bound_pointer_line_283.scanf"
      }
    },
    {
      "file": "Projecto1.c",
      "line": 272,
      "error": "memory error: out of bound pointer",
      "witness": {
        "stdin": "out_of_bound_pointer_line_272.stdin",
        "scanf": "out_of_bound_pointer_line_272.scanf"
      }
    },
    {
      "file": "Projecto1.c",
      "line": 310,
      "error": "memory error: out of bound pointer",
      "witness": {
        "stdin": "out_of_bound_pointer_line_310.stdin",
        "scanf": "out_of_bound_pointer_line_310.scanf"
      }
    },
    {
      "file": "Projecto1.c",
      "line": 376,
      "error": "memory error: out of bound pointer",
      "witness": {
        "stdin": "out_of_bound_pointer_line_376.stdin",
        "scanf": "out_of_bound_pointer_line_376.scanf"
      }
    }
  ]
}