{
  "name": "Project_87",
  "errors": [
    {
      "file": "Projeto_Merge.c",
      "line": 386,
      "error": "memory error: object read only",
      "witness": {
        "stdin": "object_read_only_line_386.stdin",
        "scanf": "object_read_only_line_386.scanf"
      }
    },
    {
      "file": "Projeto_Merge.c",
      "line": 386,
      "error": "memory error: out of bound pointer",
      "witness": {
        "stdin": "out_of_bound_pointer_line_386.stdin",
        "scanf": "out_of_bound_pointer_line_386.scanf"
      }
    },
    {
      "file": "Projeto_Merge.c",
      "line": 301,
      "error": "memory error: object read only",
      "witness": {
        "stdin": "object_read_only_line_301.stdin",
        "scanf": "object_read_only_line_301.scanf"
      }
    },
    {
      "file": "Projeto_Merge.c",
      "line": 170,
      "error": "memory error: out of bound pointer",
      "witness": {
        "stdin": "out_of_bound_pointer_line_170.stdin",
        "scanf": "out_of_bound_pointer_line_170.scanf"
      }
    },
    {
      "file": "Projeto_Merge.c",
      "line": 301,
      "error": "memory error: out of bound pointer",
      "witness": {
        "stdin": "out_of_bound_pointer_line_301.stdin",
        "scanf": "out_of_bound_pointer_line_301.scanf"
      }
    },
    {
      "file": "Projeto_Merge.c",
      "line": 181,
      "error": "memory error: out of bound pointer",
      "witness": {
        "stdin": "out_of_bound_pointer_line_181.stdin",
        "scanf": "out_of_bound_pointer_line_181.scanf"
      }
    },
    {
      "file": "Projeto_Merge.c",
      "line": 363,
      "error": "memory error: object read only",
      "witness": {
        "stdin": "object_read_only_line_363.stdin",
        "scanf": "object_read_only_line_363.scanf"
      }
    }
  ]
}