{
  "name": "Project_368",
  "errors": [
    {
      "file": "proj1.c",
      "line": 265,
      "error": "memory error: out of bound pointer",
      "witness": {
        "stdin": "out_of_bound_pointer_line_265.stdin",
        "scanf": "out_of_bound_pointer_line_265.scanf"
      }
    },
    {
      "file": "proj1.c",
      "line": 246,
      "error": "memory error: out of bound pointer",
      "witness": {
        "stdin": "out_of_bound_pointer_line_246.stdin",
        "scanf": "out_of_bound_pointer_line_246.scanf"
      }
    },
    {
      "file": "proj1.c",
      "line": 204,
      "error": "memory error: out of bound pointer",
      "witness": {
        "stdin": "out_of_bound_pointer_line_204.stdin",
        "scanf": "out_of_bound_pointer_line_204.scanf"
      }
    },
    {
      "file": "proj1.c",
      "line": 131,
      "error": "memory error: object read only",
      "witness": {
        "stdin": "object_read_only_line_131.stdin",
        "scanf": "object_read_only_line_131.scanf"
      }
    },
    {
      "file": "proj1.c",
      "line": 131,
      "error": "memory error: out of bound pointer",
      "witness": {
        "stdin": "out_of_bound_pointer_line_131.stdin",
        "scanf": "out_of_bound_pointer_line_131.scanf"
      }
    },
    {
      "file": "proj1.c",
      "line": 265,
      "error": "memory error: object read only",
      "witness": {
        "stdin": "object_read_only_line_265.stdin",
        "scanf": "object_read_only_line_265.scanf"
      }
    }
  ]
}