{
  "name": "Project_350",
  "errors": [
    {
      "file": "SistemaJogos.c",
      "line": 212,
      "error": "memory error: out of bound pointer",
      "witness": {
        "stdin": "out_of_bound_pointer_line_212.stdin",
        "scanf": "out_of_bound_pointer_line_212.scanf"
      }
    },
    {
      "file": "SistemaJogos.c",
      "line": 184,
      "error": "memory error: out of bound pointer",
      "witness": {
        "stdin": "out_of_bound_pointer_line_184.stdin",
        "scanf": "out_of_bound_pointer_line_184.scanf"
      }
    }
  ]
}