{
  "name": "Project_86",
  "errors": [
    {
      "file": "HashTables.c",
      "line": 31,
      "error": "memory error: out of bound pointer",
      "witness": {
        "stdin": "out_of_bound_pointer_line_31.stdin",
        "scanf": "out_of_bound_pointer_line_31.scanf"
      }
    },
    {
      "file": "HashTables.c",
      "line": 81,
      "error": "memory error: out of bound pointer",
      "witness": {
        "stdin": "out_of_bound_pointer_line_81.stdin",
        "scanf": "out_of_bound_pointer_line_81.scanf"
      }
    }
  ]
}