{
  "name": "Project_309",
  "errors": [
    {
      "file": "proj1.c",
      "line": 295,
      "error": "memory error: object read only",
      "witness": {
        "stdin": "object_read_only_line_295.stdin",
        "scanf": "object_read_only_line_295.scanf"
      }
    },
    {
      "file": "proj1.c",
      "line": 275,
      "error": "memory error: out of bound pointer",
      "witness": {
        "stdin": "out_of_bound_pointer_line_275.stdin",
        "scanf": "out_of_bound_pointer_line_275.scanf"
      }
    },
    {
      "file": "proj1.c",
      "line": 238,
      "error": "memory error: out of bound pointer",
      "witness": {
        "stdin": "out_of_bound_pointer_line_238.stdin",
        "scanf": "out_of_bound_pointer_line_238.scanf"
      }
    },
    {
      "file": "proj1.c",
      "line": 295,
      "error": "memory error: out of bound pointer",
      "witness": {
        "stdin": "out_of_bound_pointer_line_295.stdin",
        "scanf": "out_of_bound_pointer_line_295.scanf"
      }
    }
  ]
}