{
  "name": "Project_119",
  "errors": [
    {
      "file": "NotaMaxima.c",
      "line": 125,
      "error": "memory error: out of bound pointer",
      "witness": {
        "stdin": "out_of_bound_pointer_line_125.stdin",
        "scanf": "out_of_bound_pointer_line_125.scanf"
      }
    },
    {
      "file": "NotaMaxima.c",
      "line": 79,
      "error": "memory error: out of bound pointer",
      "witness": {
        "stdin": "out_of_bound_pointer_line_79.stdin",
        "scanf": "out_of_bound_pointer_line_79.scanf"
      }
    },
    {
      "file": "NotaMaxima.c",
      "line": 98,
      "error": "memory error: out of bound pointer",
      "witness": {
        "stdin": "out_of_bound_pointer_line_98.stdin",
        "scanf": "out_of_bound_pointer_line_98.scanf"
      }
    },
    {
      "file": "NotaMaxima.c",
      "line": 79,
      "error": "memory error: object read only",
      "witness": {
        "stdin": "object_read_only_line_79.stdin",
        "scanf": "object_read_only_line_79.scanf"
      }
    },
    {
      "file": "NotaMaxima.c",
      "line": 159,
      "error": "memory error: out of bound pointer",
      "witness": {
        "stdin": "out_of_bound_pointer_line_159.stdin",
        "scanf": "out_of_bound_pointer_line_159.scanf"
      }
    }
  ]
}