{
  "name": "Project_40",
  "errors": [
    {
      "file": "projeto1.c",
      "line": 203,
      "error": "memory error: out of bound pointer",
      "witness": {
        "stdin": "out_of_bound_pointer_line_203.stdin",
        "scanf": "out_of_bound_pointer_line_203.scanf"
      }
    },
    {
      "file": "projeto1.c",
      "line": 227,
      "error": "memory error: out of bound pointer",
      "witness": {
        "stdin": "out_of_bound_pointer_line_227.stdin",
        "scanf": "out_of_bound_pointer_line_227.scanf"
      }
    },
    {
      "file": "projeto1.c",
      "line": 143,
      "error": "memory error: out of bound pointer",
      "witness": {
        "stdin": "out_of_bound_pointer_line_143.stdin",
        "scanf": "out_of_bound_pointer_line_143.scanf"
      }
    },
    {
      "file": "projeto1.c",
      "line": 143,
      "error": "memory error: object read only",
      "witness": {
        "stdin": "object_read_only_line_143.stdin",
        "scanf": "object_read_only_line_143.scanf"
      }
    },
    {
      "file": "projeto1.c",
      "line": 258,
      "error": "memory error: out of bound pointer",
      "witness": {
        "stdin": "out_of_bound_pointer_line_258.stdin",
        "scanf": "out_of_bound_pointer_line_258.scanf"
      }
    },
    {
      "file": "projeto1.c",
      "line": 277,
      "error": "memory error: out of bound pointer",
      "witness": {
        "stdin": "out_of_bound_pointer_line_277.stdin",
        "scanf": "out_of_bound_pointer_line_277.scanf"
      }
    },
    {
      "file": "projeto1.c",
      "line": 258,
      "error": "memory error: object read only",
      "witness": {
        "stdin": "object_read_only_line_258.stdin",
        "scanf": "object_read_only_line_258.scanf"
      }
    },
    {
      "file": "projeto1.c",
      "line": 227,
      "error": "memory error: object read only",
      "witness": {
        "stdin": "object_read_only_line_227.stdin",
        "scanf": "object_read_only_line_227.scanf"
      }
    },
    {
      "file": "projeto1.c",
      "line": 227,
      "error": "memory error: out of bound pointer",
      "witness": {
        "stdin": "out_of_bound_pointer_line_227.stdin",
        "scanf": "out_of_bound_pointer_line_227.scanf"
      }
    },
    {
      "file": "projeto1.c",
      "line": 228,
      "error": "memory error: object read only",
      "witness": {
        "stdin": "object_read_only_line_228.stdin",
        "scanf": "object_read_only_line_228.scanf"
      }
    },
    {
      "file": "projeto1.c",
      "line": 176,
      "error": "memory error: out of bound pointer",
      "witness": {
        "stdin": "out_of_bound_pointer_line_176.stdin",
        "scanf": "out_of_bound_pointer_line_176.scanf"
      }
    }
  ]
}