{
  "name": "Project_117",
  "errors": [
    {
      "file": "p2.c",
      "line": 56,
      "error": "memory error: out of bound pointer",
      "witness": {
        "stdin": "out_of_bound_pointer_line_56.stdin",
        "scanf": "out_of_bound_pointer_line_56.scanf"
      }
    },
    {
      "file": "p2.c",
      "line": 121,
      "error": "memory error: out of bound pointer",
      "witness": {
        "stdin": "out_of_bound_pointer_line_121.stdin",
        "scanf": "out_of_bound_pointer_line_121.scanf"
      }
    }
  ]
}