{
  "name": "Project_2",
  "errors": [
    {
      "file": "p1.c",
      "line": 280,
      "error": "memory error: out of bound pointer",
      "witness": {
        "stdin": "out_of_bound_pointer_line_280.stdin",
        "scanf": "out_of_bound_pointer_line_280.scanf"
      }
    },
    {
      "file": "p1.c",
      "line": 605,
      "error": "memory error: out of bound pointer",
      "witness": {
        "stdin": "out_of_bound_pointer_line_605.stdin",
        "scanf": "out_of_bound_pointer_line_605.scanf"
      }
    },
    {
      "file": "p1.c",
      "line": 768,
      "error": "memory error: out of bound pointer",
      "witness": {
        "stdin": "out_of_bound_pointer_line_768.stdin",
        "scanf": "out_of_bound_pointer_line_768.scanf"
      }
    },
    {
      "file": "p1.c",
      "line": 1128,
      "error": "memory error: out of bound pointer",
      "witness": {
        "stdin": "out_of_bound_pointer_line_1128.stdin",
        "scanf": "out_of_bound_pointer_line_1128.scanf"
      }
    }
  ]
}