{
  "name": "Project_180",
  "errors": [
    {
      "file": "proj1.c",
      "line": 84,
      "error": "memory error: out of bound pointer",
      "witness": {
        "stdin": "out_of_bound_pointer_line_84.stdin",
        "scanf": "out_of_bound_pointer_line_84.scanf"
      }
    },
    {
      "file": "proj1.c",
      "line": 87,
      "error": "memory error: out of bound pointer",
      "witness": {
        "stdin": "out_of_bound_pointer_line_87.stdin",
        "scanf": "out_of_bound_pointer_line_87.scanf"
      }
    }
  ]
}