{
  "name": "Project_12",
  "errors": [
    {
      "file": "main.c",
      "line": 102,
      "error": "memory error: out of bound pointer",
      "witness": {
        "stdin": "out_of_bound_pointer_line_102.stdin",
        "scanf": "out_of_bound_pointer_line_102.scanf"
      }
    },
    {
      "file": "main.c",
      "line": 150,
      "error": "memory error: out of bound pointer",
      "witness": {
        "stdin": "out_of_bound_pointer_line_150.stdin",
        "scanf": "out_of_bound_pointer_line_150.scanf"
      }
    },
    {
      "file": "main.c",
      "line": 150,
      "error": "memory error: object read only",
      "witness": {
        "stdin": "object_read_only_line_150.stdin",
        "scanf": "object_read_only_line_150.scanf"
      }
    },
    {
      "file": "main.c",
      "line": 166,
      "error": "memory error: out of bound pointer",
      "witness": {
        "stdin": "out_of_bound_pointer_line_166.stdin",
        "scanf": "out_of_bound_pointer_line_166.scanf"
      }
    },
    {
      "file": "main.c",
      "line": 60,
      "error": "memory error: object read only",
      "witness": {
        "stdin": "object_read_only_line_60.stdin",
        "scanf": "object_read_only_line_60.scanf"
      }
    },
    {
      "file": "main.c",
      "line": 60,
      "error": "memory error: out of bound pointer",
      "witness": {
        "stdin": "out_of_bound_pointer_line_60.stdin",
        "scanf": "out_of_bound_pointer_line_60.scanf"
      }
    },
    {
      "file": "main.c",
      "line": 83,
      "error": "memory error: out of bound pointer",
      "witness": {
        "stdin": "out_of_bound_pointer_line_83.stdin",
        "scanf": "out_of_bound_pointer_line_83.scanf"
      }
    },
    {
      "file": "main.c",
      "line": 79,
      "error": "memory error: out of bound pointer",
      "witness": {
        "stdin": "out_of_bound_pointer_line_79.stdin",
        "scanf": "out_of_bound_pointer_line_79.scanf"
      }
    }
  ]
}