{
  "name": "Project_84",
  "errors": [
    {
      "file": "jogos_equipas.c",
      "line": 298,
      "error": "memory error: out of bound pointer",
      "witness": {
        "stdin": "out_of_bound_pointer_line_298.stdin",
        "scanf": "out_of_bound_pointer_line_298.scanf"
      }
    },
    {
      "file": "jogos_equipas.c",
      "line": 107,
      "error": "memory error: out of bound pointer",
      "witness": {
        "stdin": "out_of_bound_pointer_line_107.stdin",
        "scanf": "out_of_bound_pointer_line_107.scanf"
      }
    }
  ]
}