{
  "name": "Project_27",
  "errors": [
    {
      "file": "Proj1.c",
      "line": 401,
      "error": "memory error: out of bound pointer",
      "witness": {
        "stdin": "out_of_bound_pointer_line_401.stdin",
        "scanf": "out_of_bound_pointer_line_401.scanf"
      }
    },
    {
      "file": "Proj1.c",
      "line": 401,
      "error": "memory error: object read only",
      "witness": {
        "stdin": "object_read_only_line_401.stdin",
        "scanf": "object_read_only_line_401.scanf"
      }
    },
    {
      "file": "Proj1.c",
      "line": 544,
      "error": "memory error: out of bound pointer",
      "witness": {
        "stdin": "out_of_bound_pointer_line_544.stdin",
        "scanf": "out_of_bound_pointer_line_544.scanf"
      }
    },
    {
      "file": "Proj1.c",
      "line": 184,
      "error": "memory error: out of bound pointer",
      "witness": {
        "stdin": "out_of_bound_pointer_line_184.stdin",
        "scanf": "out_of_bound_pointer_line_184.scanf"
      }
    },
    {
      "file": "Proj1.c",
      "line": 184,
      "error": "memory error: object read only",
      "witness": {
        "stdin": "object_read_only_line_184.stdin",
        "scanf": "object_read_only_line_184.scanf"
      }
    }
  ]
}