{
  "name": "Project_346",
  "errors": [
    {
      "file": "proj1.c",
      "line": 331,
      "error": "memory error: out of bound pointer",
      "witness": {
        "stdin": "out_of_bound_pointer_line_331.stdin",
        "scanf": "out_of_bound_pointer_line_331.scanf"
      }
    },
    {
      "file": "proj1.c",
      "line": 245,
      "error": "memory error: out of bound pointer",
      "witness": {
        "stdin": "out_of_bound_pointer_line_245.stdin",
        "scanf": "out_of_bound_pointer_line_245.scanf"
      }
    }
  ]
}