{
  "name": "Project_193",
  "errors": [
    {
      "file": "proj1.c",
      "line": 347,
      "error": "ASSERTION FAIL: f->off >= 0",
      "witness": {
        "stdin": "f->off_>=_0_line_347.stdin",
        "scanf": "f->off_>=_0_line_347.scanf"
      }
    },
    {
      "file": "proj1.c",
      "line": 145,
      "error": "memory error: out of bound pointer",
      "witness": {
        "stdin": "out_of_bound_pointer_line_145.stdin",
        "scanf": "out_of_bound_pointer_line_145.scanf"
      }
    },
    {
      "file": "proj1.c",
      "line": 256,
      "error": "memory error: out of bound pointer",
      "witness": {
        "stdin": "out_of_bound_pointer_line_256.stdin",
        "scanf": "out_of_bound_pointer_line_256.scanf"
      }
    },
    {
      "file": "proj1.c",
      "line": 41,
      "error": "memory error: out of bound pointer",
      "witness": {
        "stdin": "out_of_bound_pointer_line_41.stdin",
        "scanf": "out_of_bound_pointer_line_41.scanf"
      }
    },
    {
      "file": "proj1.c",
      "line": 238,
      "error": "memory error: out of bound pointer",
      "witness": {
        "stdin": "out_of_bound_pointer_line_238.stdin",
        "scanf": "out_of_bound_pointer_line_238.scanf"
      }
    },
    {
      "file": "proj1.c",
      "line": 204,
      "error": "memory error: object read only",
      "witness": {
        "stdin": "object_read_only_line_204.stdin",
        "scanf": "object_read_only_line_204.scanf"
      }
    },
    {
      "file": "proj1.c",
      "line": 145,
      "error": "memory error: object read only",
      "witness": {
        "stdin": "object_read_only_line_145.stdin",
        "scanf": "object_read_only_line_145.scanf"
      }
    },
    {
      "file": "proj1.c",
      "line": 256,
      "error": "memory error: object read only",
      "witness": {
        "stdin": "object_read_only_line_256.stdin",
        "scanf": "object_read_only_line_256.scanf"
      }
    }
  ]
}