{
  "name": "Project_197",
  "errors": [
    {
      "file": "stock_manager.c",
      "line": 444,
      "error": "memory error: out of bound pointer",
      "witness": {
        "stdin": "out_of_bound_pointer_line_444.stdin",
        "scanf": "out_of_bound_pointer_line_444.scanf"
      }
    },
    {
      "file": "stock_manager.c",
      "line": 176,
      "error": "memory error: out of bound pointer",
      "witness": {
        "stdin": "out_of_bound_pointer_line_176.stdin",
        "scanf": "out_of_bound_pointer_line_176.scanf"
      }
    },
    {
      "file": "stock_manager.c",
      "line": 169,
      "error": "memory error: out of bound pointer",
      "witness": {
        "stdin": "out_of_bound_pointer_line_169.stdin",
        "scanf": "out_of_bound_pointer_line_169.scanf"
      }
    },
    {
      "file": "stock_manager.c",
      "line": 584,
      "error": "memory error: out of bound pointer",
      "witness": {
        "stdin": "out_of_bound_pointer_line_584.stdin",
        "scanf": "out_of_bound_pointer_line_584.scanf"
      }
    }
  ]
}