{
  "name": "Project_229",
  "errors": [
    {
      "file": "proj1.c",
      "line": 677,
      "error": "memory error: out of bound pointer",
      "witness": {
        "stdin": "out_of_bound_pointer_line_677.stdin",
        "scanf": "out_of_bound_pointer_line_677.scanf"
      }
    },
    {
      "file": "proj1.c",
      "line": 247,
      "error": "memory error: out of bound pointer",
      "witness": {
        "stdin": "out_of_bound_pointer_line_247.stdin",
        "scanf": "out_of_bound_pointer_line_247.scanf"
      }
    }
  ]
}