{
    "iaed_p1": {
        "Uninitialized variable": [
            {
                "bug_type": "Uninitialized variable",
                "line": 266,
                "procedure": "unknown",
                "file": "home/fmarques/sbugs/projects/outputs/cppcheck/iaed_p1/236/p1.c"
            },
            {
                "bug_type": "Uninitialized variable",
                "line": 346,
                "procedure": "unknown",
                "file": "home/fmarques/sbugs/projects/outputs/cppcheck/iaed_p1/236/p1.c"
            },
            {
                "bug_type": "Uninitialized variable",
                "line": 312,
                "procedure": "unknown",
                "file": "home/fmarques/sbugs/projects/outputs/cppcheck/iaed_p1/330/proj-bernie.c"
            },
            {
                "bug_type": "Uninitialized variable",
                "line": 247,
                "procedure": "unknown",
                "file": "home/fmarques/sbugs/projects/outputs/cppcheck/iaed_p1/241/prj1.c"
            },
            {
                "bug_type": "Uninitialized variable",
                "line": 402,
                "procedure": "unknown",
                "file": "home/fmarques/sbugs/projects/outputs/cppcheck/iaed_p1/85/Projecto1.c"
            },
            {
                "bug_type": "Uninitialized variable",
                "line": 403,
                "procedure": "unknown",
                "file": "home/fmarques/sbugs/projects/outputs/cppcheck/iaed_p1/85/Projecto1.c"
            },
            {
                "bug_type": "Uninitialized variable",
                "line": 285,
                "procedure": "unknown",
                "file": "home/fmarques/sbugs/projects/outputs/cppcheck/iaed_p1/13/proj1.c"
            },
            {
                "bug_type": "Uninitialized variable",
                "line": 263,
                "procedure": "unknown",
                "file": "home/fmarques/sbugs/projects/outputs/cppcheck/iaed_p1/343/proj1.c"
            },
            {
                "bug_type": "Uninitialized variable",
                "line": 278,
                "procedure": "unknown",
                "file": "home/fmarques/sbugs/projects/outputs/cppcheck/iaed_p1/89/proj1.c"
            },
            {
                "bug_type": "Uninitialized variable",
                "line": 181,
                "procedure": "unknown",
                "file": "home/fmarques/sbugs/projects/outputs/cppcheck/iaed_p1/312/nove.c"
            },
            {
                "bug_type": "Uninitialized variable",
                "line": 184,
                "procedure": "unknown",
                "file": "home/fmarques/sbugs/projects/outputs/cppcheck/iaed_p1/312/nove.c"
            },
            {
                "bug_type": "Uninitialized variable",
                "line": 221,
                "procedure": "unknown",
                "file": "home/fmarques/sbugs/projects/outputs/cppcheck/iaed_p1/192/proj1.c"
            },
            {
                "bug_type": "Uninitialized variable",
                "line": 55,
                "procedure": "unknown",
                "file": "home/fmarques/sbugs/projects/outputs/cppcheck/iaed_p1/68/p1.c"
            },
            {
                "bug_type": "Uninitialized variable",
                "line": 443,
                "procedure": "unknown",
                "file": "home/fmarques/sbugs/projects/outputs/cppcheck/iaed_p1/84/finalprojeto.c"
            },
            {
                "bug_type": "Uninitialized variable",
                "line": 185,
                "procedure": "unknown",
                "file": "home/fmarques/sbugs/projects/outputs/cppcheck/iaed_p1/51/p1v2.c"
            },
            {
                "bug_type": "Uninitialized variable",
                "line": 54,
                "procedure": "unknown",
                "file": "home/fmarques/sbugs/projects/outputs/cppcheck/iaed_p1/135/proj1.c"
            },
            {
                "bug_type": "Uninitialized variable",
                "line": 324,
                "procedure": "unknown",
                "file": "home/fmarques/sbugs/projects/outputs/cppcheck/iaed_p1/384/proj1.c"
            },
            {
                "bug_type": "Uninitialized variable",
                "line": 139,
                "procedure": "unknown",
                "file": "home/fmarques/sbugs/projects/outputs/cppcheck/iaed_p1/397/Projeto.c"
            },
            {
                "bug_type": "Uninitialized variable",
                "line": 139,
                "procedure": "unknown",
                "file": "home/fmarques/sbugs/projects/outputs/cppcheck/iaed_p1/397/Projeto.c"
            },
            {
                "bug_type": "Uninitialized variable",
                "line": 139,
                "procedure": "unknown",
                "file": "home/fmarques/sbugs/projects/outputs/cppcheck/iaed_p1/397/Projeto.c"
            },
            {
                "bug_type": "Uninitialized variable",
                "line": 143,
                "procedure": "unknown",
                "file": "home/fmarques/sbugs/projects/outputs/cppcheck/iaed_p1/397/Projeto.c"
            },
            {
                "bug_type": "Uninitialized variable",
                "line": 143,
                "procedure": "unknown",
                "file": "home/fmarques/sbugs/projects/outputs/cppcheck/iaed_p1/397/Projeto.c"
            },
            {
                "bug_type": "Uninitialized variable",
                "line": 150,
                "procedure": "unknown",
                "file": "home/fmarques/sbugs/projects/outputs/cppcheck/iaed_p1/397/Projeto.c"
            },
            {
                "bug_type": "Uninitialized variable",
                "line": 150,
                "procedure": "unknown",
                "file": "home/fmarques/sbugs/projects/outputs/cppcheck/iaed_p1/397/Projeto.c"
            },
            {
                "bug_type": "Uninitialized variable",
                "line": 150,
                "procedure": "unknown",
                "file": "home/fmarques/sbugs/projects/outputs/cppcheck/iaed_p1/397/Projeto.c"
            },
            {
                "bug_type": "Uninitialized variable",
                "line": 154,
                "procedure": "unknown",
                "file": "home/fmarques/sbugs/projects/outputs/cppcheck/iaed_p1/397/Projeto.c"
            },
            {
                "bug_type": "Uninitialized variable",
                "line": 154,
                "procedure": "unknown",
                "file": "home/fmarques/sbugs/projects/outputs/cppcheck/iaed_p1/397/Projeto.c"
            },
            {
                "bug_type": "Uninitialized variable",
                "line": 158,
                "procedure": "unknown",
                "file": "home/fmarques/sbugs/projects/outputs/cppcheck/iaed_p1/397/Projeto.c"
            },
            {
                "bug_type": "Uninitialized variable",
                "line": 158,
                "procedure": "unknown",
                "file": "home/fmarques/sbugs/projects/outputs/cppcheck/iaed_p1/397/Projeto.c"
            },
            {
                "bug_type": "Uninitialized variable",
                "line": 162,
                "procedure": "unknown",
                "file": "home/fmarques/sbugs/projects/outputs/cppcheck/iaed_p1/397/Projeto.c"
            },
            {
                "bug_type": "Uninitialized variable",
                "line": 166,
                "procedure": "unknown",
                "file": "home/fmarques/sbugs/projects/outputs/cppcheck/iaed_p1/397/Projeto.c"
            },
            {
                "bug_type": "Uninitialized variable",
                "line": 166,
                "procedure": "unknown",
                "file": "home/fmarques/sbugs/projects/outputs/cppcheck/iaed_p1/397/Projeto.c"
            },
            {
                "bug_type": "Uninitialized variable",
                "line": 170,
                "procedure": "unknown",
                "file": "home/fmarques/sbugs/projects/outputs/cppcheck/iaed_p1/397/Projeto.c"
            },
            {
                "bug_type": "Uninitialized variable",
                "line": 170,
                "procedure": "unknown",
                "file": "home/fmarques/sbugs/projects/outputs/cppcheck/iaed_p1/397/Projeto.c"
            },
            {
                "bug_type": "Uninitialized variable",
                "line": 174,
                "procedure": "unknown",
                "file": "home/fmarques/sbugs/projects/outputs/cppcheck/iaed_p1/397/Projeto.c"
            },
            {
                "bug_type": "Uninitialized variable",
                "line": 181,
                "procedure": "unknown",
                "file": "home/fmarques/sbugs/projects/outputs/cppcheck/iaed_p1/397/Projeto.c"
            },
            {
                "bug_type": "Uninitialized variable",
                "line": 321,
                "procedure": "unknown",
                "file": "home/fmarques/sbugs/projects/outputs/cppcheck/iaed_p1/348/proj1.c"
            },
            {
                "bug_type": "Uninitialized variable",
                "line": 326,
                "procedure": "unknown",
                "file": "home/fmarques/sbugs/projects/outputs/cppcheck/iaed_p1/237/proj1.c"
            },
            {
                "bug_type": "Uninitialized variable",
                "line": 469,
                "procedure": "unknown",
                "file": "home/fmarques/sbugs/projects/outputs/cppcheck/iaed_p1/125/proj1.5.c"
            },
            {
                "bug_type": "Uninitialized variable",
                "line": 196,
                "procedure": "unknown",
                "file": "home/fmarques/sbugs/projects/outputs/cppcheck/iaed_p1/247/prj1.c"
            },
            {
                "bug_type": "Uninitialized variable",
                "line": 212,
                "procedure": "unknown",
                "file": "home/fmarques/sbugs/projects/outputs/cppcheck/iaed_p1/300/proj1.c"
            },
            {
                "bug_type": "Uninitialized variable",
                "line": 234,
                "procedure": "unknown",
                "file": "home/fmarques/sbugs/projects/outputs/cppcheck/iaed_p1/300/proj1.c"
            },
            {
                "bug_type": "Uninitialized variable",
                "line": 349,
                "procedure": "unknown",
                "file": "home/fmarques/sbugs/projects/outputs/cppcheck/iaed_p1/351/proj1.c"
            },
            {
                "bug_type": "Uninitialized variable",
                "line": 69,
                "procedure": "unknown",
                "file": "home/fmarques/sbugs/projects/outputs/cppcheck/iaed_p1/395/project.c"
            },
            {
                "bug_type": "Uninitialized variable",
                "line": 243,
                "procedure": "unknown",
                "file": "home/fmarques/sbugs/projects/outputs/cppcheck/iaed_p1/116/proj1.c"
            },
            {
                "bug_type": "Uninitialized variable",
                "line": 253,
                "procedure": "unknown",
                "file": "home/fmarques/sbugs/projects/outputs/cppcheck/iaed_p1/274/proj1.c"
            },
            {
                "bug_type": "Uninitialized variable",
                "line": 69,
                "procedure": "unknown",
                "file": "home/fmarques/sbugs/projects/outputs/cppcheck/iaed_p1/317/main.c"
            },
            {
                "bug_type": "Uninitialized variable",
                "line": 182,
                "procedure": "unknown",
                "file": "home/fmarques/sbugs/projects/outputs/cppcheck/iaed_p1/292/1.c"
            },
            {
                "bug_type": "Uninitialized variable",
                "line": 241,
                "procedure": "unknown",
                "file": "home/fmarques/sbugs/projects/outputs/cppcheck/iaed_p1/223/projeto1.c"
            },
            {
                "bug_type": "Uninitialized variable",
                "line": 437,
                "procedure": "unknown",
                "file": "home/fmarques/sbugs/projects/outputs/cppcheck/iaed_p1/228/final.c"
            },
            {
                "bug_type": "Uninitialized variable",
                "line": 586,
                "procedure": "unknown",
                "file": "home/fmarques/sbugs/projects/outputs/cppcheck/iaed_p1/248/proj1.c"
            },
            {
                "bug_type": "Uninitialized variable",
                "line": 530,
                "procedure": "unknown",
                "file": "home/fmarques/sbugs/projects/outputs/cppcheck/iaed_p1/344/proj1.c"
            },
            {
                "bug_type": "Uninitialized variable",
                "line": 436,
                "procedure": "unknown",
                "file": "home/fmarques/sbugs/projects/outputs/cppcheck/iaed_p1/301/projeto1.c"
            },
            {
                "bug_type": "Uninitialized variable",
                "line": 433,
                "procedure": "unknown",
                "file": "home/fmarques/sbugs/projects/outputs/cppcheck/iaed_p1/301/projeto1.c"
            },
            {
                "bug_type": "Uninitialized variable",
                "line": 158,
                "procedure": "unknown",
                "file": "home/fmarques/sbugs/projects/outputs/cppcheck/iaed_p1/390/p1v2.c"
            },
            {
                "bug_type": "Uninitialized variable",
                "line": 454,
                "procedure": "unknown",
                "file": "home/fmarques/sbugs/projects/outputs/cppcheck/iaed_p1/371/proj1.c"
            },
            {
                "bug_type": "Uninitialized variable",
                "line": 306,
                "procedure": "unknown",
                "file": "home/fmarques/sbugs/projects/outputs/cppcheck/iaed_p1/4/proj1.c"
            },
            {
                "bug_type": "Uninitialized variable",
                "line": 438,
                "procedure": "unknown",
                "file": "home/fmarques/sbugs/projects/outputs/cppcheck/iaed_p1/4/proj1.c"
            },
            {
                "bug_type": "Uninitialized variable",
                "line": 157,
                "procedure": "unknown",
                "file": "home/fmarques/sbugs/projects/outputs/cppcheck/iaed_p1/132/proj1.c"
            },
            {
                "bug_type": "Uninitialized variable",
                "line": 26,
                "procedure": "unknown",
                "file": "home/fmarques/sbugs/projects/outputs/cppcheck/iaed_p1/25/logisticae.c"
            },
            {
                "bug_type": "Uninitialized variable",
                "line": 258,
                "procedure": "unknown",
                "file": "home/fmarques/sbugs/projects/outputs/cppcheck/iaed_p1/333/mainMHD.c"
            },
            {
                "bug_type": "Uninitialized variable",
                "line": 77,
                "procedure": "unknown",
                "file": "home/fmarques/sbugs/projects/outputs/cppcheck/iaed_p1/90/proj1-95554.c"
            },
            {
                "bug_type": "Uninitialized variable",
                "line": 64,
                "procedure": "unknown",
                "file": "home/fmarques/sbugs/projects/outputs/cppcheck/iaed_p1/154/projetofinal.c"
            }
        ],
        "Uninitialized struct member": [
            {
                "bug_type": "Uninitialized struct member",
                "line": 457,
                "procedure": "unknown",
                "file": "home/fmarques/sbugs/projects/outputs/cppcheck/iaed_p1/23/proj1_90398.c"
            },
            {
                "bug_type": "Uninitialized struct member",
                "line": 496,
                "procedure": "unknown",
                "file": "home/fmarques/sbugs/projects/outputs/cppcheck/iaed_p1/23/proj1_90398.c"
            },
            {
                "bug_type": "Uninitialized struct member",
                "line": 358,
                "procedure": "unknown",
                "file": "home/fmarques/sbugs/projects/outputs/cppcheck/iaed_p1/166/proj1.c"
            },
            {
                "bug_type": "Uninitialized struct member",
                "line": 69,
                "procedure": "unknown",
                "file": "home/fmarques/sbugs/projects/outputs/cppcheck/iaed_p1/263/proj1.c"
            },
            {
                "bug_type": "Uninitialized struct member",
                "line": 312,
                "procedure": "unknown",
                "file": "home/fmarques/sbugs/projects/outputs/cppcheck/iaed_p1/29/Projeto1.c"
            },
            {
                "bug_type": "Uninitialized struct member",
                "line": 312,
                "procedure": "unknown",
                "file": "home/fmarques/sbugs/projects/outputs/cppcheck/iaed_p1/29/Projeto1.c"
            },
            {
                "bug_type": "Uninitialized struct member",
                "line": 143,
                "procedure": "unknown",
                "file": "home/fmarques/sbugs/projects/outputs/cppcheck/iaed_p1/364/proj1.c"
            },
            {
                "bug_type": "Uninitialized struct member",
                "line": 143,
                "procedure": "unknown",
                "file": "home/fmarques/sbugs/projects/outputs/cppcheck/iaed_p1/364/proj1.c"
            },
            {
                "bug_type": "Uninitialized struct member",
                "line": 182,
                "procedure": "unknown",
                "file": "home/fmarques/sbugs/projects/outputs/cppcheck/iaed_p1/73/projeto1.c"
            },
            {
                "bug_type": "Uninitialized struct member",
                "line": 182,
                "procedure": "unknown",
                "file": "home/fmarques/sbugs/projects/outputs/cppcheck/iaed_p1/73/projeto1.c"
            },
            {
                "bug_type": "Uninitialized struct member",
                "line": 184,
                "procedure": "unknown",
                "file": "home/fmarques/sbugs/projects/outputs/cppcheck/iaed_p1/270/projeto70final.c"
            },
            {
                "bug_type": "Uninitialized struct member",
                "line": 69,
                "procedure": "unknown",
                "file": "home/fmarques/sbugs/projects/outputs/cppcheck/iaed_p1/303/proj1.c"
            },
            {
                "bug_type": "Uninitialized struct member",
                "line": 69,
                "procedure": "unknown",
                "file": "home/fmarques/sbugs/projects/outputs/cppcheck/iaed_p1/303/proj1.c"
            },
            {
                "bug_type": "Uninitialized struct member",
                "line": 69,
                "procedure": "unknown",
                "file": "home/fmarques/sbugs/projects/outputs/cppcheck/iaed_p1/395/project.c"
            },
            {
                "bug_type": "Uninitialized struct member",
                "line": 69,
                "procedure": "unknown",
                "file": "home/fmarques/sbugs/projects/outputs/cppcheck/iaed_p1/395/project.c"
            },
            {
                "bug_type": "Uninitialized struct member",
                "line": 69,
                "procedure": "unknown",
                "file": "home/fmarques/sbugs/projects/outputs/cppcheck/iaed_p1/395/project.c"
            },
            {
                "bug_type": "Uninitialized struct member",
                "line": 180,
                "procedure": "unknown",
                "file": "home/fmarques/sbugs/projects/outputs/cppcheck/iaed_p1/174/proj1.c"
            },
            {
                "bug_type": "Uninitialized struct member",
                "line": 180,
                "procedure": "unknown",
                "file": "home/fmarques/sbugs/projects/outputs/cppcheck/iaed_p1/174/proj1.c"
            },
            {
                "bug_type": "Uninitialized struct member",
                "line": 131,
                "procedure": "unknown",
                "file": "home/fmarques/sbugs/projects/outputs/cppcheck/iaed_p1/280/proj1.c"
            },
            {
                "bug_type": "Uninitialized struct member",
                "line": 159,
                "procedure": "unknown",
                "file": "home/fmarques/sbugs/projects/outputs/cppcheck/iaed_p1/292/1.c"
            },
            {
                "bug_type": "Uninitialized struct member",
                "line": 423,
                "procedure": "unknown",
                "file": "home/fmarques/sbugs/projects/outputs/cppcheck/iaed_p1/204/proj1.c"
            },
            {
                "bug_type": "Uninitialized struct member",
                "line": 423,
                "procedure": "unknown",
                "file": "home/fmarques/sbugs/projects/outputs/cppcheck/iaed_p1/204/proj1.c"
            },
            {
                "bug_type": "Uninitialized struct member",
                "line": 423,
                "procedure": "unknown",
                "file": "home/fmarques/sbugs/projects/outputs/cppcheck/iaed_p1/204/proj1.c"
            },
            {
                "bug_type": "Uninitialized struct member",
                "line": 423,
                "procedure": "unknown",
                "file": "home/fmarques/sbugs/projects/outputs/cppcheck/iaed_p1/204/proj1.c"
            },
            {
                "bug_type": "Uninitialized struct member",
                "line": 423,
                "procedure": "unknown",
                "file": "home/fmarques/sbugs/projects/outputs/cppcheck/iaed_p1/204/proj1.c"
            },
            {
                "bug_type": "Uninitialized struct member",
                "line": 180,
                "procedure": "unknown",
                "file": "home/fmarques/sbugs/projects/outputs/cppcheck/iaed_p1/134/projeto.c"
            },
            {
                "bug_type": "Uninitialized struct member",
                "line": 180,
                "procedure": "unknown",
                "file": "home/fmarques/sbugs/projects/outputs/cppcheck/iaed_p1/134/projeto.c"
            },
            {
                "bug_type": "Uninitialized struct member",
                "line": 248,
                "procedure": "unknown",
                "file": "home/fmarques/sbugs/projects/outputs/cppcheck/iaed_p1/64/proj.c"
            }
        ]
    },
    "asa_2122_p1": {
        "Uninitialized variable": [
            {
                "bug_type": "Uninitialized variable",
                "line": 138,
                "procedure": "unknown",
                "file": "home/fmarques/sbugs/projects/outputs/cppcheck/asa_2122_p1/tp063/ASA.c"
            },
            {
                "bug_type": "Uninitialized variable",
                "line": 155,
                "procedure": "unknown",
                "file": "home/fmarques/sbugs/projects/outputs/cppcheck/asa_2122_p1/tp063/ASA.c"
            },
            {
                "bug_type": "Uninitialized variable",
                "line": 165,
                "procedure": "unknown",
                "file": "home/fmarques/sbugs/projects/outputs/cppcheck/asa_2122_p1/tp063/ASA.c"
            },
            {
                "bug_type": "Uninitialized variable",
                "line": 167,
                "procedure": "unknown",
                "file": "home/fmarques/sbugs/projects/outputs/cppcheck/asa_2122_p1/tp052/file.c"
            }
        ]
    },
    "iaed_p2": {
        "Uninitialized variable": [
            {
                "bug_type": "Uninitialized variable",
                "line": 46,
                "procedure": "unknown",
                "file": "home/fmarques/sbugs/projects/outputs/cppcheck/iaed_p2/264/proj2.c"
            },
            {
                "bug_type": "Uninitialized variable",
                "line": 58,
                "procedure": "unknown",
                "file": "home/fmarques/sbugs/projects/outputs/cppcheck/iaed_p2/290/proj2.c"
            },
            {
                "bug_type": "Uninitialized variable",
                "line": 61,
                "procedure": "unknown",
                "file": "home/fmarques/sbugs/projects/outputs/cppcheck/iaed_p2/290/proj2.c"
            },
            {
                "bug_type": "Uninitialized variable",
                "line": 89,
                "procedure": "unknown",
                "file": "home/fmarques/sbugs/projects/outputs/cppcheck/iaed_p2/290/proj2.c"
            },
            {
                "bug_type": "Uninitialized variable",
                "line": 101,
                "procedure": "unknown",
                "file": "home/fmarques/sbugs/projects/outputs/cppcheck/iaed_p2/290/proj2.c"
            },
            {
                "bug_type": "Uninitialized variable",
                "line": 110,
                "procedure": "unknown",
                "file": "home/fmarques/sbugs/projects/outputs/cppcheck/iaed_p2/290/proj2.c"
            },
            {
                "bug_type": "Uninitialized variable",
                "line": 120,
                "procedure": "unknown",
                "file": "home/fmarques/sbugs/projects/outputs/cppcheck/iaed_p2/290/proj2.c"
            },
            {
                "bug_type": "Uninitialized variable",
                "line": 45,
                "procedure": "unknown",
                "file": "home/fmarques/sbugs/projects/outputs/cppcheck/iaed_p2/290/proj2.c"
            },
            {
                "bug_type": "Uninitialized variable",
                "line": 77,
                "procedure": "unknown",
                "file": "home/fmarques/sbugs/projects/outputs/cppcheck/iaed_p2/290/proj2.c"
            },
            {
                "bug_type": "Uninitialized variable",
                "line": 98,
                "procedure": "unknown",
                "file": "home/fmarques/sbugs/projects/outputs/cppcheck/iaed_p2/290/proj2.c"
            },
            {
                "bug_type": "Uninitialized variable",
                "line": 229,
                "procedure": "unknown",
                "file": "home/fmarques/sbugs/projects/outputs/cppcheck/iaed_p2/6/proj2.c"
            },
            {
                "bug_type": "Uninitialized variable",
                "line": 228,
                "procedure": "unknown",
                "file": "home/fmarques/sbugs/projects/outputs/cppcheck/iaed_p2/6/proj2.c"
            },
            {
                "bug_type": "Uninitialized variable",
                "line": 262,
                "procedure": "unknown",
                "file": "home/fmarques/sbugs/projects/outputs/cppcheck/iaed_p2/6/proj2.c"
            },
            {
                "bug_type": "Uninitialized variable",
                "line": 316,
                "procedure": "unknown",
                "file": "home/fmarques/sbugs/projects/outputs/cppcheck/iaed_p2/222/proj2.c"
            },
            {
                "bug_type": "Uninitialized variable",
                "line": 583,
                "procedure": "unknown",
                "file": "home/fmarques/sbugs/projects/outputs/cppcheck/iaed_p2/1/p2.c"
            },
            {
                "bug_type": "Uninitialized variable",
                "line": 735,
                "procedure": "unknown",
                "file": "home/fmarques/sbugs/projects/outputs/cppcheck/iaed_p2/158/proj2.c"
            },
            {
                "bug_type": "Uninitialized variable",
                "line": 13,
                "procedure": "unknown",
                "file": "home/fmarques/sbugs/projects/outputs/cppcheck/iaed_p2/239/hash_function.c"
            },
            {
                "bug_type": "Uninitialized variable",
                "line": 264,
                "procedure": "unknown",
                "file": "home/fmarques/sbugs/projects/outputs/cppcheck/iaed_p2/183/proj.c"
            },
            {
                "bug_type": "Uninitialized variable",
                "line": 92,
                "procedure": "unknown",
                "file": "home/fmarques/sbugs/projects/outputs/cppcheck/iaed_p2/322/control_functions.c"
            },
            {
                "bug_type": "Uninitialized variable",
                "line": 187,
                "procedure": "unknown",
                "file": "home/fmarques/sbugs/projects/outputs/cppcheck/iaed_p2/322/control_functions.c"
            },
            {
                "bug_type": "Uninitialized variable",
                "line": 277,
                "procedure": "unknown",
                "file": "home/fmarques/sbugs/projects/outputs/cppcheck/iaed_p2/322/control_functions.c"
            },
            {
                "bug_type": "Uninitialized variable",
                "line": 278,
                "procedure": "unknown",
                "file": "home/fmarques/sbugs/projects/outputs/cppcheck/iaed_p2/304/proj2.c"
            },
            {
                "bug_type": "Uninitialized variable",
                "line": 386,
                "procedure": "unknown",
                "file": "home/fmarques/sbugs/projects/outputs/cppcheck/iaed_p2/59/P_quase_final_7.c"
            },
            {
                "bug_type": "Uninitialized variable",
                "line": 67,
                "procedure": "unknown",
                "file": "home/fmarques/sbugs/projects/outputs/cppcheck/iaed_p2/110/main.c"
            },
            {
                "bug_type": "Uninitialized variable",
                "line": 129,
                "procedure": "unknown",
                "file": "home/fmarques/sbugs/projects/outputs/cppcheck/iaed_p2/177/sistema.c"
            },
            {
                "bug_type": "Uninitialized variable",
                "line": 243,
                "procedure": "unknown",
                "file": "home/fmarques/sbugs/projects/outputs/cppcheck/iaed_p2/177/sistema.c"
            },
            {
                "bug_type": "Uninitialized variable",
                "line": 102,
                "procedure": "unknown",
                "file": "home/fmarques/sbugs/projects/outputs/cppcheck/iaed_p2/207/hash_j.c"
            },
            {
                "bug_type": "Uninitialized variable",
                "line": 104,
                "procedure": "unknown",
                "file": "home/fmarques/sbugs/projects/outputs/cppcheck/iaed_p2/36/jogos.c"
            },
            {
                "bug_type": "Uninitialized variable",
                "line": 468,
                "procedure": "unknown",
                "file": "home/fmarques/sbugs/projects/outputs/cppcheck/iaed_p2/154/comandos.c"
            },
            {
                "bug_type": "Uninitialized variable",
                "line": 468,
                "procedure": "unknown",
                "file": "home/fmarques/sbugs/projects/outputs/cppcheck/iaed_p2/154/comandos.c"
            }
        ],
        "Uninitialized struct member": [
            {
                "bug_type": "Uninitialized struct member",
                "line": 1221,
                "procedure": "unknown",
                "file": "home/fmarques/sbugs/projects/outputs/cppcheck/iaed_p2/1/p2.c"
            },
            {
                "bug_type": "Uninitialized struct member",
                "line": 1221,
                "procedure": "unknown",
                "file": "home/fmarques/sbugs/projects/outputs/cppcheck/iaed_p2/1/p2.c"
            },
            {
                "bug_type": "Uninitialized struct member",
                "line": 344,
                "procedure": "unknown",
                "file": "home/fmarques/sbugs/projects/outputs/cppcheck/iaed_p2/197/proj2.c"
            },
            {
                "bug_type": "Uninitialized struct member",
                "line": 539,
                "procedure": "unknown",
                "file": "home/fmarques/sbugs/projects/outputs/cppcheck/iaed_p2/197/proj2.c"
            },
            {
                "bug_type": "Uninitialized struct member",
                "line": 196,
                "procedure": "unknown",
                "file": "home/fmarques/sbugs/projects/outputs/cppcheck/iaed_p2/276/ennn.c"
            },
            {
                "bug_type": "Uninitialized struct member",
                "line": 196,
                "procedure": "unknown",
                "file": "home/fmarques/sbugs/projects/outputs/cppcheck/iaed_p2/276/ennn.c"
            },
            {
                "bug_type": "Uninitialized struct member",
                "line": 239,
                "procedure": "unknown",
                "file": "home/fmarques/sbugs/projects/outputs/cppcheck/iaed_p2/276/ennn.c"
            }
        ],
        "Possible null pointer dereference": [
            {
                "bug_type": "Possible null pointer dereference",
                "line": 31,
                "procedure": "unknown",
                "file": "home/fmarques/sbugs/projects/outputs/cppcheck/iaed_p2/293/Games.c"
            },
            {
                "bug_type": "Possible null pointer dereference",
                "line": 31,
                "procedure": "unknown",
                "file": "home/fmarques/sbugs/projects/outputs/cppcheck/iaed_p2/293/Games.c"
            },
            {
                "bug_type": "Possible null pointer dereference",
                "line": 31,
                "procedure": "unknown",
                "file": "home/fmarques/sbugs/projects/outputs/cppcheck/iaed_p2/293/Games.c"
            },
            {
                "bug_type": "Possible null pointer dereference",
                "line": 31,
                "procedure": "unknown",
                "file": "home/fmarques/sbugs/projects/outputs/cppcheck/iaed_p2/293/Games.c"
            },
            {
                "bug_type": "Possible null pointer dereference",
                "line": 31,
                "procedure": "unknown",
                "file": "home/fmarques/sbugs/projects/outputs/cppcheck/iaed_p2/293/Games.c"
            },
            {
                "bug_type": "Possible null pointer dereference",
                "line": 32,
                "procedure": "unknown",
                "file": "home/fmarques/sbugs/projects/outputs/cppcheck/iaed_p2/293/Games.c"
            },
            {
                "bug_type": "Possible null pointer dereference",
                "line": 33,
                "procedure": "unknown",
                "file": "home/fmarques/sbugs/projects/outputs/cppcheck/iaed_p2/293/Games.c"
            },
            {
                "bug_type": "Possible null pointer dereference",
                "line": 43,
                "procedure": "unknown",
                "file": "home/fmarques/sbugs/projects/outputs/cppcheck/iaed_p2/293/Games.c"
            },
            {
                "bug_type": "Possible null pointer dereference",
                "line": 48,
                "procedure": "unknown",
                "file": "home/fmarques/sbugs/projects/outputs/cppcheck/iaed_p2/293/Games.c"
            },
            {
                "bug_type": "Possible null pointer dereference",
                "line": 53,
                "procedure": "unknown",
                "file": "home/fmarques/sbugs/projects/outputs/cppcheck/iaed_p2/293/Games.c"
            },
            {
                "bug_type": "Possible null pointer dereference",
                "line": 53,
                "procedure": "unknown",
                "file": "home/fmarques/sbugs/projects/outputs/cppcheck/iaed_p2/293/Games.c"
            },
            {
                "bug_type": "Possible null pointer dereference",
                "line": 53,
                "procedure": "unknown",
                "file": "home/fmarques/sbugs/projects/outputs/cppcheck/iaed_p2/293/Games.c"
            },
            {
                "bug_type": "Possible null pointer dereference",
                "line": 54,
                "procedure": "unknown",
                "file": "home/fmarques/sbugs/projects/outputs/cppcheck/iaed_p2/293/Games.c"
            },
            {
                "bug_type": "Possible null pointer dereference",
                "line": 55,
                "procedure": "unknown",
                "file": "home/fmarques/sbugs/projects/outputs/cppcheck/iaed_p2/293/Games.c"
            },
            {
                "bug_type": "Possible null pointer dereference",
                "line": 60,
                "procedure": "unknown",
                "file": "home/fmarques/sbugs/projects/outputs/cppcheck/iaed_p2/293/Games.c"
            },
            {
                "bug_type": "Possible null pointer dereference",
                "line": 65,
                "procedure": "unknown",
                "file": "home/fmarques/sbugs/projects/outputs/cppcheck/iaed_p2/293/Games.c"
            },
            {
                "bug_type": "Possible null pointer dereference",
                "line": 169,
                "procedure": "unknown",
                "file": "home/fmarques/sbugs/projects/outputs/cppcheck/iaed_p2/293/Games.c"
            },
            {
                "bug_type": "Possible null pointer dereference",
                "line": 232,
                "procedure": "unknown",
                "file": "home/fmarques/sbugs/projects/outputs/cppcheck/iaed_p2/293/Games.c"
            }
        ],
        "Null pointer dereference": [
            {
                "bug_type": "Null pointer dereference",
                "line": 655,
                "procedure": "unknown",
                "file": "home/fmarques/sbugs/projects/outputs/cppcheck/iaed_p2/208/proj2_v2.c"
            },
            {
                "bug_type": "Null pointer dereference",
                "line": 658,
                "procedure": "unknown",
                "file": "home/fmarques/sbugs/projects/outputs/cppcheck/iaed_p2/208/proj2_v2.c"
            },
            {
                "bug_type": "Null pointer dereference",
                "line": 672,
                "procedure": "unknown",
                "file": "home/fmarques/sbugs/projects/outputs/cppcheck/iaed_p2/208/proj2_v2.c"
            },
            {
                "bug_type": "Null pointer dereference",
                "line": 673,
                "procedure": "unknown",
                "file": "home/fmarques/sbugs/projects/outputs/cppcheck/iaed_p2/208/proj2_v2.c"
            },
            {
                "bug_type": "Null pointer dereference",
                "line": 101,
                "procedure": "unknown",
                "file": "home/fmarques/sbugs/projects/outputs/cppcheck/iaed_p2/207/hash_e.c"
            },
            {
                "bug_type": "Null pointer dereference",
                "line": 11,
                "procedure": "unknown",
                "file": "home/fmarques/sbugs/projects/outputs/cppcheck/iaed_p2/275/HighFunction.c"
            },
            {
                "bug_type": "Null pointer dereference",
                "line": 26,
                "procedure": "unknown",
                "file": "home/fmarques/sbugs/projects/outputs/cppcheck/iaed_p2/275/HighFunction.c"
            },
            {
                "bug_type": "Null pointer dereference",
                "line": 37,
                "procedure": "unknown",
                "file": "home/fmarques/sbugs/projects/outputs/cppcheck/iaed_p2/275/HighFunction.c"
            },
            {
                "bug_type": "Null pointer dereference",
                "line": 47,
                "procedure": "unknown",
                "file": "home/fmarques/sbugs/projects/outputs/cppcheck/iaed_p2/275/HighFunction.c"
            },
            {
                "bug_type": "Null pointer dereference",
                "line": 57,
                "procedure": "unknown",
                "file": "home/fmarques/sbugs/projects/outputs/cppcheck/iaed_p2/275/HighFunction.c"
            },
            {
                "bug_type": "Null pointer dereference",
                "line": 70,
                "procedure": "unknown",
                "file": "home/fmarques/sbugs/projects/outputs/cppcheck/iaed_p2/275/HighFunction.c"
            }
        ],
        "Buffer is accessed out of bounds": [
            {
                "bug_type": "Buffer is accessed out of bounds",
                "line": 107,
                "procedure": "unknown",
                "file": "home/fmarques/sbugs/projects/outputs/cppcheck/iaed_p2/217/proj2.c"
            },
            {
                "bug_type": "Buffer is accessed out of bounds",
                "line": 249,
                "procedure": "unknown",
                "file": "home/fmarques/sbugs/projects/outputs/cppcheck/iaed_p2/217/proj2.c"
            },
            {
                "bug_type": "Buffer is accessed out of bounds",
                "line": 314,
                "procedure": "unknown",
                "file": "home/fmarques/sbugs/projects/outputs/cppcheck/iaed_p2/217/proj2.c"
            },
            {
                "bug_type": "Buffer is accessed out of bounds",
                "line": 345,
                "procedure": "unknown",
                "file": "home/fmarques/sbugs/projects/outputs/cppcheck/iaed_p2/217/proj2.c"
            },
            {
                "bug_type": "Buffer is accessed out of bounds",
                "line": 377,
                "procedure": "unknown",
                "file": "home/fmarques/sbugs/projects/outputs/cppcheck/iaed_p2/217/proj2.c"
            },
            {
                "bug_type": "Buffer is accessed out of bounds",
                "line": 457,
                "procedure": "unknown",
                "file": "home/fmarques/sbugs/projects/outputs/cppcheck/iaed_p2/217/proj2.c"
            }
        ],
        "syntax error": [
            {
                "bug_type": "syntax error",
                "line": 21,
                "procedure": "unknown",
                "file": "home/fmarques/sbugs/projects/outputs/cppcheck/iaed_p2/16/proj2.c"
            }
        ]
    },
    "asa_1920_p1": {
        "Uninitialized variable": [
            {
                "bug_type": "Uninitialized variable",
                "line": 357,
                "procedure": "unknown",
                "file": "home/fmarques/sbugs/projects/outputs/cppcheck/asa_1920_p1/al005/projecto_recalcular_notas_estimadas.c"
            },
            {
                "bug_type": "Uninitialized variable",
                "line": 359,
                "procedure": "unknown",
                "file": "home/fmarques/sbugs/projects/outputs/cppcheck/asa_1920_p1/al005/projecto_recalcular_notas_estimadas.c"
            },
            {
                "bug_type": "Uninitialized variable",
                "line": 82,
                "procedure": "unknown",
                "file": "home/fmarques/sbugs/projects/outputs/cppcheck/asa_1920_p1/al005/projecto_recalcular_notas_estimadas.c"
            },
            {
                "bug_type": "Uninitialized variable",
                "line": 85,
                "procedure": "unknown",
                "file": "home/fmarques/sbugs/projects/outputs/cppcheck/asa_1920_p1/al005/projecto_recalcular_notas_estimadas.c"
            },
            {
                "bug_type": "Uninitialized variable",
                "line": 86,
                "procedure": "unknown",
                "file": "home/fmarques/sbugs/projects/outputs/cppcheck/asa_1920_p1/al005/projecto_recalcular_notas_estimadas.c"
            },
            {
                "bug_type": "Uninitialized variable",
                "line": 87,
                "procedure": "unknown",
                "file": "home/fmarques/sbugs/projects/outputs/cppcheck/asa_1920_p1/al005/projecto_recalcular_notas_estimadas.c"
            },
            {
                "bug_type": "Uninitialized variable",
                "line": 89,
                "procedure": "unknown",
                "file": "home/fmarques/sbugs/projects/outputs/cppcheck/asa_1920_p1/al005/projecto_recalcular_notas_estimadas.c"
            },
            {
                "bug_type": "Uninitialized variable",
                "line": 123,
                "procedure": "unknown",
                "file": "home/fmarques/sbugs/projects/outputs/cppcheck/asa_1920_p1/al005/projecto_recalcular_notas_estimadas.c"
            },
            {
                "bug_type": "Uninitialized variable",
                "line": 359,
                "procedure": "unknown",
                "file": "home/fmarques/sbugs/projects/outputs/cppcheck/asa_1920_p1/al005/projecto_recalcular_notas_estimadas.c"
            }
        ]
    },
    "asa_1920_p2": {
        "Uninitialized variable": [
            {
                "bug_type": "Uninitialized variable",
                "line": 255,
                "procedure": "unknown",
                "file": "home/fmarques/sbugs/projects/outputs/cppcheck/asa_1920_p2/al005/projeto_Manhattan_COVID_19.c"
            },
            {
                "bug_type": "Uninitialized variable",
                "line": 255,
                "procedure": "unknown",
                "file": "home/fmarques/sbugs/projects/outputs/cppcheck/asa_1920_p2/al005/projeto_Manhattan_COVID_19.c"
            },
            {
                "bug_type": "Uninitialized variable",
                "line": 265,
                "procedure": "unknown",
                "file": "home/fmarques/sbugs/projects/outputs/cppcheck/asa_1920_p2/al005/projeto_Manhattan_COVID_19.c"
            },
            {
                "bug_type": "Uninitialized variable",
                "line": 265,
                "procedure": "unknown",
                "file": "home/fmarques/sbugs/projects/outputs/cppcheck/asa_1920_p2/al005/projeto_Manhattan_COVID_19.c"
            },
            {
                "bug_type": "Uninitialized variable",
                "line": 63,
                "procedure": "unknown",
                "file": "home/fmarques/sbugs/projects/outputs/cppcheck/asa_1920_p2/al005/projeto_Manhattan_COVID_19.c"
            },
            {
                "bug_type": "Uninitialized variable",
                "line": 123,
                "procedure": "unknown",
                "file": "home/fmarques/sbugs/projects/outputs/cppcheck/asa_1920_p2/al005/projeto_Manhattan_COVID_19.c"
            },
            {
                "bug_type": "Uninitialized variable",
                "line": 258,
                "procedure": "unknown",
                "file": "home/fmarques/sbugs/projects/outputs/cppcheck/asa_1920_p2/al005/projeto_Manhattan_COVID_19.c"
            },
            {
                "bug_type": "Uninitialized variable",
                "line": 258,
                "procedure": "unknown",
                "file": "home/fmarques/sbugs/projects/outputs/cppcheck/asa_1920_p2/al005/projeto_Manhattan_COVID_19.c"
            },
            {
                "bug_type": "Uninitialized variable",
                "line": 265,
                "procedure": "unknown",
                "file": "home/fmarques/sbugs/projects/outputs/cppcheck/asa_1920_p2/al005/projeto_Manhattan_COVID_19.c"
            },
            {
                "bug_type": "Uninitialized variable",
                "line": 265,
                "procedure": "unknown",
                "file": "home/fmarques/sbugs/projects/outputs/cppcheck/asa_1920_p2/al005/projeto_Manhattan_COVID_19.c"
            }
        ]
    },
    "asa_1819_p2": {
        "Uninitialized struct member": [
            {
                "bug_type": "Uninitialized struct member",
                "line": 264,
                "procedure": "unknown",
                "file": "home/fmarques/sbugs/projects/outputs/cppcheck/asa_1819_p2/tg033/p2_pr_1.c"
            },
            {
                "bug_type": "Uninitialized struct member",
                "line": 66,
                "procedure": "unknown",
                "file": "home/fmarques/sbugs/projects/outputs/cppcheck/asa_1819_p2/al067/proj2.c"
            },
            {
                "bug_type": "Uninitialized struct member",
                "line": 66,
                "procedure": "unknown",
                "file": "home/fmarques/sbugs/projects/outputs/cppcheck/asa_1819_p2/al067/proj2.c"
            },
            {
                "bug_type": "Uninitialized struct member",
                "line": 66,
                "procedure": "unknown",
                "file": "home/fmarques/sbugs/projects/outputs/cppcheck/asa_1819_p2/al067/proj2.c"
            },
            {
                "bug_type": "Uninitialized struct member",
                "line": 119,
                "procedure": "unknown",
                "file": "home/fmarques/sbugs/projects/outputs/cppcheck/asa_1819_p2/al117/proj_2.c"
            },
            {
                "bug_type": "Uninitialized struct member",
                "line": 119,
                "procedure": "unknown",
                "file": "home/fmarques/sbugs/projects/outputs/cppcheck/asa_1819_p2/al117/proj_2.c"
            }
        ],
        "Uninitialized variable": [
            {
                "bug_type": "Uninitialized variable",
                "line": 295,
                "procedure": "unknown",
                "file": "home/fmarques/sbugs/projects/outputs/cppcheck/asa_1819_p2/al036/Asa2.c"
            },
            {
                "bug_type": "Uninitialized variable",
                "line": 39,
                "procedure": "unknown",
                "file": "home/fmarques/sbugs/projects/outputs/cppcheck/asa_1819_p2/al036/Asa2.c"
            },
            {
                "bug_type": "Uninitialized variable",
                "line": 40,
                "procedure": "unknown",
                "file": "home/fmarques/sbugs/projects/outputs/cppcheck/asa_1819_p2/al036/Asa2.c"
            },
            {
                "bug_type": "Uninitialized variable",
                "line": 296,
                "procedure": "unknown",
                "file": "home/fmarques/sbugs/projects/outputs/cppcheck/asa_1819_p2/al036/Asa2.c"
            },
            {
                "bug_type": "Uninitialized variable",
                "line": 307,
                "procedure": "unknown",
                "file": "home/fmarques/sbugs/projects/outputs/cppcheck/asa_1819_p2/tg061/main.c"
            }
        ]
    }
}