{
  "name": "Project_136",
  "errors": [
    {
      "file": "proj1.c",
      "line": 123,
      "error": "memory error: object read only",
      "witness": {
        "stdin": "object_read_only_line_123.stdin",
        "scanf": "object_read_only_line_123.scanf"
      }
    },
    {
      "file": "proj1.c",
      "line": 260,
      "error": "memory error: object read only",
      "witness": {
        "stdin": "object_read_only_line_260.stdin",
        "scanf": "object_read_only_line_260.scanf"
      }
    },
    {
      "file": "proj1.c",
      "line": 260,
      "error": "memory error: out of bound pointer",
      "witness": {
        "stdin": "out_of_bound_pointer_line_260.stdin",
        "scanf": "out_of_bound_pointer_line_260.scanf"
      }
    },
    {
      "file": "proj1.c",
      "line": 123,
      "error": "memory error: out of bound pointer",
      "witness": {
        "stdin": "out_of_bound_pointer_line_123.stdin",
        "scanf": "out_of_bound_pointer_line_123.scanf"
      }
    },
    {
      "file": "proj1.c",
      "line": 194,
      "error": "memory error: out of bound pointer",
      "witness": {
        "stdin": "out_of_bound_pointer_line_194.stdin",
        "scanf": "out_of_bound_pointer_line_194.scanf"
      }
    },
    {
      "file": "proj1.c",
      "line": 428,
      "error": "memory error: out of bound pointer",
      "witness": {
        "stdin": "out_of_bound_pointer_line_428.stdin",
        "scanf": "out_of_bound_pointer_line_428.scanf"
      }
    }
  ]
}