{
  "name": "Project_343",
  "errors": [
    {
      "file": "proj1.c",
      "line": 55,
      "error": "memory error: out of bound pointer",
      "witness": {
        "stdin": "out_of_bound_pointer_line_55.stdin",
        "scanf": "out_of_bound_pointer_line_55.scanf"
      }
    },
    {
      "file": "proj1.c",
      "line": 199,
      "error": "memory error: out of bound pointer",
      "witness": {
        "stdin": "out_of_bound_pointer_line_199.stdin",
        "scanf": "out_of_bound_pointer_line_199.scanf"
      }
    },
    {
      "file": "proj1.c",
      "line": 69,
      "error": "memory error: out of bound pointer",
      "witness": {
        "stdin": "out_of_bound_pointer_line_69.stdin",
        "scanf": "out_of_bound_pointer_line_69.scanf"
      }
    },
    {
      "file": "proj1.c",
      "line": 55,
      "error": "memory error: object read only",
      "witness": {
        "stdin": "object_read_only_line_55.stdin",
        "scanf": "object_read_only_line_55.scanf"
      }
    },
    {
      "file": "proj1.c",
      "line": 73,
      "error": "memory error: object read only",
      "witness": {
        "stdin": "object_read_only_line_73.stdin",
        "scanf": "object_read_only_line_73.scanf"
      }
    }
  ]
}