{
  "name": "Project_227",
  "errors": [
    {
      "file": "main.c",
      "line": 34,
      "error": "memory error: out of bound pointer",
      "witness": {
        "stdin": "out_of_bound_pointer_line_34.stdin",
        "scanf": "out_of_bound_pointer_line_34.scanf"
      }
    },
    {
      "file": "main.c",
      "line": 202,
      "error": "memory error: out of bound pointer",
      "witness": {
        "stdin": "out_of_bound_pointer_line_202.stdin",
        "scanf": "out_of_bound_pointer_line_202.scanf"
      }
    }
  ]
}