{
  "name": "Project_93",
  "errors": [
    {
      "file": "proj1_final.c",
      "line": 165,
      "error": "memory error: out of bound pointer",
      "witness": {
        "stdin": "out_of_bound_pointer_line_165.stdin",
        "scanf": "out_of_bound_pointer_line_165.scanf"
      }
    },
    {
      "file": "proj1_final.c",
      "line": 77,
      "error": "memory error: out of bound pointer",
      "witness": {
        "stdin": "out_of_bound_pointer_line_77.stdin",
        "scanf": "out_of_bound_pointer_line_77.scanf"
      }
    },
    {
      "file": "proj1_final.c",
      "line": 199,
      "error": "memory error: out of bound pointer",
      "witness": {
        "stdin": "out_of_bound_pointer_line_199.stdin",
        "scanf": "out_of_bound_pointer_line_199.scanf"
      }
    },
    {
      "file": "proj1_final.c",
      "line": 132,
      "error": "memory error: out of bound pointer",
      "witness": {
        "stdin": "out_of_bound_pointer_line_132.stdin",
        "scanf": "out_of_bound_pointer_line_132.scanf"
      }
    },
    {
      "file": "proj1_final.c",
      "line": 77,
      "error": "memory error: object read only",
      "witness": {
        "stdin": "object_read_only_line_77.stdin",
        "scanf": "object_read_only_line_77.scanf"
      }
    },
    {
      "file": "proj1_final.c",
      "line": 144,
      "error": "memory error: out of bound pointer",
      "witness": {
        "stdin": "out_of_bound_pointer_line_144.stdin",
        "scanf": "out_of_bound_pointer_line_144.scanf"
      }
    },
    {
      "file": "proj1_final.c",
      "line": 144,
      "error": "memory error: object read only",
      "witness": {
        "stdin": "object_read_only_line_144.stdin",
        "scanf": "object_read_only_line_144.scanf"
      }
    },
    {
      "file": "proj1_final.c",
      "line": 199,
      "error": "memory error: out of bound pointer",
      "witness": {
        "stdin": "out_of_bound_pointer_line_199.stdin",
        "scanf": "out_of_bound_pointer_line_199.scanf"
      }
    },
    {
      "file": "proj1_final.c",
      "line": 199,
      "error": "memory error: object read only",
      "witness": {
        "stdin": "object_read_only_line_199.stdin",
        "scanf": "object_read_only_line_199.scanf"
      }
    }
  ]
}