{
  "name": "Project_342",
  "errors": [
    {
      "file": "proj1.c",
      "line": 132,
      "error": "memory error: out of bound pointer",
      "witness": {
        "stdin": "out_of_bound_pointer_line_132.stdin",
        "scanf": "out_of_bound_pointer_line_132.scanf"
      }
    },
    {
      "file": "proj1.c",
      "line": 45,
      "error": "memory error: out of bound pointer",
      "witness": {
        "stdin": "out_of_bound_pointer_line_45.stdin",
        "scanf": "out_of_bound_pointer_line_45.scanf"
      }
    },
    {
      "file": "proj1.c",
      "line": 359,
      "error": "memory error: out of bound pointer",
      "witness": {
        "stdin": "out_of_bound_pointer_line_359.stdin",
        "scanf": "out_of_bound_pointer_line_359.scanf"
      }
    }
  ]
}