{
  "name": "Project_318",
  "errors": [
    {
      "file": "proj1.c",
      "line": 405,
      "error": "memory error: out of bound pointer",
      "witness": {
        "stdin": "out_of_bound_pointer_line_405.stdin",
        "scanf": "out_of_bound_pointer_line_405.scanf"
      }
    },
    {
      "file": "proj1.c",
      "line": 483,
      "error": "memory error: out of bound pointer",
      "witness": {
        "stdin": "out_of_bound_pointer_line_483.stdin",
        "scanf": "out_of_bound_pointer_line_483.scanf"
      }
    }
  ]
}