{
  "name": "Project_165",
  "errors": [
    {
      "file": "proj1.c",
      "line": 198,
      "error": "memory error: out of bound pointer",
      "witness": {
        "stdin": "out_of_bound_pointer_line_198.stdin",
        "scanf": "out_of_bound_pointer_line_198.scanf"
      }
    },
    {
      "file": "proj1.c",
      "line": 198,
      "error": "memory error: object read only",
      "witness": {
        "stdin": "object_read_only_line_198.stdin",
        "scanf": "object_read_only_line_198.scanf"
      }
    },
    {
      "file": "proj1.c",
      "line": 194,
      "error": "memory error: out of bound pointer",
      "witness": {
        "stdin": "out_of_bound_pointer_line_194.stdin",
        "scanf": "out_of_bound_pointer_line_194.scanf"
      }
    }
  ]
}