{
  "name": "Project_304",
  "errors": [
    {
      "file": "proj1.c",
      "line": 336,
      "error": "memory error: out of bound pointer",
      "witness": {
        "stdin": "out_of_bound_pointer_line_336.stdin",
        "scanf": "out_of_bound_pointer_line_336.scanf"
      }
    },
    {
      "file": "proj1.c",
      "line": 283,
      "error": "memory error: out of bound pointer",
      "witness": {
        "stdin": "out_of_bound_pointer_line_283.stdin",
        "scanf": "out_of_bound_pointer_line_283.scanf"
      }
    }
  ]
}