{
  "name": "Project_106",
  "errors": [
    {
      "file": "projf.c",
      "line": 188,
      "error": "memory error: out of bound pointer",
      "witness": {
        "stdin": "out_of_bound_pointer_line_188.stdin",
        "scanf": "out_of_bound_pointer_line_188.scanf"
      }
    },
    {
      "file": "projf.c",
      "line": 188,
      "error": "memory error: object read only",
      "witness": {
        "stdin": "object_read_only_line_188.stdin",
        "scanf": "object_read_only_line_188.scanf"
      }
    }
  ]
}