{
  "name": "Project_248",
  "errors": [
    {
      "file": "proj1.c",
      "line": 326,
      "error": "memory error: out of bound pointer",
      "witness": {
        "stdin": "out_of_bound_pointer_line_326.stdin",
        "scanf": "out_of_bound_pointer_line_326.scanf"
      }
    },
    {
      "file": "proj1.c",
      "line": 425,
      "error": "memory error: out of bound pointer",
      "witness": {
        "stdin": "out_of_bound_pointer_line_425.stdin",
        "scanf": "out_of_bound_pointer_line_425.scanf"
      }
    },
    {
      "file": "proj1.c",
      "line": 35,
      "error": "memory error: out of bound pointer",
      "witness": {
        "stdin": "out_of_bound_pointer_line_35.stdin",
        "scanf": "out_of_bound_pointer_line_35.scanf"
      }
    },
    {
      "file": "proj1.c",
      "line": 365,
      "error": "memory error: out of bound pointer",
      "witness": {
        "stdin": "out_of_bound_pointer_line_365.stdin",
        "scanf": "out_of_bound_pointer_line_365.scanf"
      }
    },
    {
      "file": "proj1.c",
      "line": 555,
      "error": "memory error: out of bound pointer",
      "witness": {
        "stdin": "out_of_bound_pointer_line_555.stdin",
        "scanf": "out_of_bound_pointer_line_555.scanf"
      }
    },
    {
      "file": "proj1.c",
      "line": 76,
      "error": "memory error: out of bound pointer",
      "witness": {
        "stdin": "out_of_bound_pointer_line_76.stdin",
        "scanf": "out_of_bound_pointer_line_76.scanf"
      }
    },
    {
      "file": "proj1.c",
      "line": 38,
      "error": "memory error: out of bound pointer",
      "witness": {
        "stdin": "out_of_bound_pointer_line_38.stdin",
        "scanf": "out_of_bound_pointer_line_38.scanf"
      }
    },
    {
      "file": "proj1.c",
      "line": 428,
      "error": "memory error: out of bound pointer",
      "witness": {
        "stdin": "out_of_bound_pointer_line_428.stdin",
        "scanf": "out_of_bound_pointer_line_428.scanf"
      }
    },
    {
      "file": "proj1.c",
      "line": 220,
      "error": "memory error: out of bound pointer",
      "witness": {
        "stdin": "out_of_bound_pointer_line_220.stdin",
        "scanf": "out_of_bound_pointer_line_220.scanf"
      }
    },
    {
      "file": "proj1.c",
      "line": 294,
      "error": "memory error: out of bound pointer",
      "witness": {
        "stdin": "out_of_bound_pointer_line_294.stdin",
        "scanf": "out_of_bound_pointer_line_294.scanf"
      }
    },
    {
      "file": "proj1.c",
      "line": 183,
      "error": "memory error: out of bound pointer",
      "witness": {
        "stdin": "out_of_bound_pointer_line_183.stdin",
        "scanf": "out_of_bound_pointer_line_183.scanf"
      }
    },
    {
      "file": "proj1.c",
      "line": 260,
      "error": "memory error: out of bound pointer",
      "witness": {
        "stdin": "out_of_bound_pointer_line_260.stdin",
        "scanf": "out_of_bound_pointer_line_260.scanf"
      }
    },
    {
      "file": "proj1.c",
      "line": 128,
      "error": "memory error: out of bound pointer",
      "witness": {
        "stdin": "out_of_bound_pointer_line_128.stdin",
        "scanf": "out_of_bound_pointer_line_128.scanf"
      }
    }
  ]
}