{
  "name": "Project_57",
  "errors": [
    {
      "file": "proj1.c",
      "line": 253,
      "error": "memory error: object read only",
      "witness": {
        "stdin": "object_read_only_line_253.stdin",
        "scanf": "object_read_only_line_253.scanf"
      }
    },
    {
      "file": "proj1.c",
      "line": 314,
      "error": "memory error: out of bound pointer",
      "witness": {
        "stdin": "out_of_bound_pointer_line_314.stdin",
        "scanf": "out_of_bound_pointer_line_314.scanf"
      }
    },
    {
      "file": "proj1.c",
      "line": 252,
      "error": "memory error: out of bound pointer",
      "witness": {
        "stdin": "out_of_bound_pointer_line_252.stdin",
        "scanf": "out_of_bound_pointer_line_252.scanf"
      }
    },
    {
      "file": "proj1.c",
      "line": 319,
      "error": "memory error: out of bound pointer",
      "witness": {
        "stdin": "out_of_bound_pointer_line_319.stdin",
        "scanf": "out_of_bound_pointer_line_319.scanf"
      }
    }
  ]
}