{
  "name": "Project_238",
  "errors": [
    {
      "file": "functions.c",
      "line": 14,
      "error": "memory error: out of bound pointer",
      "witness": {
        "stdin": "out_of_bound_pointer_line_14.stdin",
        "scanf": "out_of_bound_pointer_line_14.scanf"
      }
    },
    {
      "file": "functions.c",
      "line": 332,
      "error": "memory error: out of bound pointer",
      "witness": {
        "stdin": "out_of_bound_pointer_line_332.stdin",
        "scanf": "out_of_bound_pointer_line_332.scanf"
      }
    },
    {
      "file": "functions.c",
      "line": 168,
      "error": "memory error: out of bound pointer",
      "witness": {
        "stdin": "out_of_bound_pointer_line_168.stdin",
        "scanf": "out_of_bound_pointer_line_168.scanf"
      }
    }
  ]
}