{
  "name": "Project_337",
  "errors": [
    {
      "file": "proj1.c",
      "line": 341,
      "error": "memory error: out of bound pointer",
      "witness": {
        "stdin": "out_of_bound_pointer_line_341.stdin",
        "scanf": "out_of_bound_pointer_line_341.scanf"
      }
    },
    {
      "file": "proj1.c",
      "line": 229,
      "error": "memory error: out of bound pointer",
      "witness": {
        "stdin": "out_of_bound_pointer_line_229.stdin",
        "scanf": "out_of_bound_pointer_line_229.scanf"
      }
    }
  ]
}