{
  "name": "Project_82",
  "errors": [
    {
      "file": "projeto.c",
      "line": 46,
      "error": "memory error: object read only",
      "witness": {
        "stdin": "object_read_only_line_46.stdin",
        "scanf": "object_read_only_line_46.scanf"
      }
    },
    {
      "file": "projeto.c",
      "line": 38,
      "error": "memory error: out of bound pointer",
      "witness": {
        "stdin": "out_of_bound_pointer_line_38.stdin",
        "scanf": "out_of_bound_pointer_line_38.scanf"
      }
    },
    {
      "file": "projeto.c",
      "line": 22,
      "error": "memory error: out of bound pointer",
      "witness": {
        "stdin": "out_of_bound_pointer_line_22.stdin",
        "scanf": "out_of_bound_pointer_line_22.scanf"
      }
    },
    {
      "file": "projeto.c",
      "line": 50,
      "error": "memory error: out of bound pointer",
      "witness": {
        "stdin": "out_of_bound_pointer_line_50.stdin",
        "scanf": "out_of_bound_pointer_line_50.scanf"
      }
    },
    {
      "file": "projeto.c",
      "line": 22,
      "error": "memory error: object read only",
      "witness": {
        "stdin": "object_read_only_line_22.stdin",
        "scanf": "object_read_only_line_22.scanf"
      }
    },
    {
      "file": "projeto.c",
      "line": 15,
      "error": "memory error: out of bound pointer",
      "witness": {
        "stdin": "out_of_bound_pointer_line_15.stdin",
        "scanf": "out_of_bound_pointer_line_15.scanf"
      }
    },
    {
      "file": "projeto.c",
      "line": 38,
      "error": "memory error: out of bound pointer",
      "witness": {
        "stdin": "out_of_bound_pointer_line_38.stdin",
        "scanf": "out_of_bound_pointer_line_38.scanf"
      }
    },
    {
      "file": "projeto.c",
      "line": 46,
      "error": "memory error: out of bound pointer",
      "witness": {
        "stdin": "out_of_bound_pointer_line_46.stdin",
        "scanf": "out_of_bound_pointer_line_46.scanf"
      }
    },
    {
      "file": "projeto.c",
      "line": 22,
      "error": "memory error: out of bound pointer",
      "witness": {
        "stdin": "out_of_bound_pointer_line_22.stdin",
        "scanf": "out_of_bound_pointer_line_22.scanf"
      }
    }
  ]
}