{
  "name": "Project_243",
  "errors": [
    {
      "file": "proj1.c",
      "line": 109,
      "error": "memory error: out of bound pointer",
      "witness": {
        "stdin": "out_of_bound_pointer_line_109.stdin",
        "scanf": "out_of_bound_pointer_line_109.scanf"
      }
    },
    {
      "file": "proj1.c",
      "line": 112,
      "error": "memory error: out of bound pointer",
      "witness": {
        "stdin": "out_of_bound_pointer_line_112.stdin",
        "scanf": "out_of_bound_pointer_line_112.scanf"
      }
    }
  ]
}