{
  "name": "Project_250",
  "errors": [
    {
      "file": "p1_93691.c",
      "line": 723,
      "error": "memory error: out of bound pointer",
      "witness": {
        "stdin": "out_of_bound_pointer_line_723.stdin",
        "scanf": "out_of_bound_pointer_line_723.scanf"
      }
    },
    {
      "file": "p1_93691.c",
      "line": 424,
      "error": "memory error: out of bound pointer",
      "witness": {
        "stdin": "out_of_bound_pointer_line_424.stdin",
        "scanf": "out_of_bound_pointer_line_424.scanf"
      }
    },
    {
      "file": "p1_93691.c",
      "line": 162,
      "error": "memory error: out of bound pointer",
      "witness": {
        "stdin": "out_of_bound_pointer_line_162.stdin",
        "scanf": "out_of_bound_pointer_line_162.scanf"
      }
    }
  ]
}