{
  "name": "Project_96",
  "errors": [
    {
      "file": "Project1Final.c",
      "line": 394,
      "error": "memory error: out of bound pointer",
      "witness": {
        "stdin": "out_of_bound_pointer_line_394.stdin",
        "scanf": "out_of_bound_pointer_line_394.scanf"
      }
    },
    {
      "file": "Project1Final.c",
      "line": 212,
      "error": "memory error: out of bound pointer",
      "witness": {
        "stdin": "out_of_bound_pointer_line_212.stdin",
        "scanf": "out_of_bound_pointer_line_212.scanf"
      }
    }
  ]
}