{
  "name": "Project_330",
  "errors": [
    {
      "file": "proj-bernie.c",
      "line": 296,
      "error": "memory error: out of bound pointer",
      "witness": {
        "stdin": "out_of_bound_pointer_line_296.stdin",
        "scanf": "out_of_bound_pointer_line_296.scanf"
      }
    },
    {
      "file": "proj-bernie.c",
      "line": 352,
      "error": "memory error: out of bound pointer",
      "witness": {
        "stdin": "out_of_bound_pointer_line_352.stdin",
        "scanf": "out_of_bound_pointer_line_352.scanf"
      }
    },
    {
      "file": "proj-bernie.c",
      "line": 317,
      "error": "memory error: out of bound pointer",
      "witness": {
        "stdin": "out_of_bound_pointer_line_317.stdin",
        "scanf": "out_of_bound_pointer_line_317.scanf"
      }
    },
    {
      "file": "proj-bernie.c",
      "line": 174,
      "error": "memory error: out of bound pointer",
      "witness": {
        "stdin": "out_of_bound_pointer_line_174.stdin",
        "scanf": "out_of_bound_pointer_line_174.scanf"
      }
    }
  ]
}