{
  "name": "Project_380",
  "errors": [
    {
      "file": "projeto1.c",
      "line": 109,
      "error": "memory error: out of bound pointer",
      "witness": {
        "stdin": "out_of_bound_pointer_line_109.stdin",
        "scanf": "out_of_bound_pointer_line_109.scanf"
      }
    },
    {
      "file": "projeto1.c",
      "line": 123,
      "error": "memory error: out of bound pointer",
      "witness": {
        "stdin": "out_of_bound_pointer_line_123.stdin",
        "scanf": "out_of_bound_pointer_line_123.scanf"
      }
    },
    {
      "file": "projeto1.c",
      "line": 134,
      "error": "memory error: out of bound pointer",
      "witness": {
        "stdin": "out_of_bound_pointer_line_134.stdin",
        "scanf": "out_of_bound_pointer_line_134.scanf"
      }
    },
    {
      "file": "projeto1.c",
      "line": 123,
      "error": "memory error: object read only",
      "witness": {
        "stdin": "object_read_only_line_123.stdin",
        "scanf": "object_read_only_line_123.scanf"
      }
    },
    {
      "file": "projeto1.c",
      "line": 78,
      "error": "memory error: out of bound pointer",
      "witness": {
        "stdin": "out_of_bound_pointer_line_78.stdin",
        "scanf": "out_of_bound_pointer_line_78.scanf"
      }
    },
    {
      "file": "projeto1.c",
      "line": 39,
      "error": "memory error: out of bound pointer",
      "witness": {
        "stdin": "out_of_bound_pointer_line_39.stdin",
        "scanf": "out_of_bound_pointer_line_39.scanf"
      }
    },
    {
      "file": "projeto1.c",
      "line": 39,
      "error": "memory error: object read only",
      "witness": {
        "stdin": "object_read_only_line_39.stdin",
        "scanf": "object_read_only_line_39.scanf"
      }
    }
  ]
}