{
  "name": "Project_290",
  "errors": [
    {
      "file": "proj2.c",
      "line": 58,
      "error": "memory error: out of bound pointer",
      "witness": {
        "stdin": "out_of_bound_pointer_line_58.stdin",
        "scanf": "out_of_bound_pointer_line_58.scanf"
      }
    },
    {
      "file": "proj2.c",
      "line": 120,
      "error": "memory error: out of bound pointer",
      "witness": {
        "stdin": "out_of_bound_pointer_line_120.stdin",
        "scanf": "out_of_bound_pointer_line_120.scanf"
      }
    },
    {
      "file": "proj2.c",
      "line": 89,
      "error": "memory error: out of bound pointer",
      "witness": {
        "stdin": "out_of_bound_pointer_line_89.stdin",
        "scanf": "out_of_bound_pointer_line_89.scanf"
      }
    },
    {
      "file": "proj2.c",
      "line": 137,
      "error": "memory error: out of bound pointer",
      "witness": {
        "stdin": "out_of_bound_pointer_line_137.stdin",
        "scanf": "out_of_bound_pointer_line_137.scanf"
      }
    },
    {
      "file": "proj2.c",
      "line": 110,
      "error": "memory error: out of bound pointer",
      "witness": {
        "stdin": "out_of_bound_pointer_line_110.stdin",
        "scanf": "out_of_bound_pointer_line_110.scanf"
      }
    }
  ]
}