{
  "name": "Project_321",
  "errors": [
    {
      "file": "all.c",
      "line": 87,
      "error": "memory error: out of bound pointer",
      "witness": {
        "stdin": "out_of_bound_pointer_line_87.stdin",
        "scanf": "out_of_bound_pointer_line_87.scanf"
      }
    },
    {
      "file": "all.c",
      "line": 242,
      "error": "memory error: out of bound pointer",
      "witness": {
        "stdin": "out_of_bound_pointer_line_242.stdin",
        "scanf": "out_of_bound_pointer_line_242.scanf"
      }
    },
    {
      "file": "all.c",
      "line": 229,
      "error": "memory error: out of bound pointer",
      "witness": {
        "stdin": "out_of_bound_pointer_line_229.stdin",
        "scanf": "out_of_bound_pointer_line_229.scanf"
      }
    },
    {
      "file": "all.c",
      "line": 30,
      "error": "memory error: out of bound pointer",
      "witness": {
        "stdin": "out_of_bound_pointer_line_30.stdin",
        "scanf": "out_of_bound_pointer_line_30.scanf"
      }
    },
    {
      "file": "all.c",
      "line": 58,
      "error": "memory error: out of bound pointer",
      "witness": {
        "stdin": "out_of_bound_pointer_line_58.stdin",
        "scanf": "out_of_bound_pointer_line_58.scanf"
      }
    },
    {
      "file": "all.c",
      "line": 229,
      "error": "memory error: object read only",
      "witness": {
        "stdin": "object_read_only_line_229.stdin",
        "scanf": "object_read_only_line_229.scanf"
      }
    },
    {
      "file": "all.c",
      "line": 35,
      "error": "memory error: out of bound pointer",
      "witness": {
        "stdin": "out_of_bound_pointer_line_35.stdin",
        "scanf": "out_of_bound_pointer_line_35.scanf"
      }
    },
    {
      "file": "all.c",
      "line": 165,
      "error": "memory error: out of bound pointer",
      "witness": {
        "stdin": "out_of_bound_pointer_line_165.stdin",
        "scanf": "out_of_bound_pointer_line_165.scanf"
      }
    },
    {
      "file": "all.c",
      "line": 87,
      "error": "memory error: object read only",
      "witness": {
        "stdin": "object_read_only_line_87.stdin",
        "scanf": "object_read_only_line_87.scanf"
      }
    }
  ]
}