{
  "name": "Project_289",
  "errors": [
    {
      "file": "hash_equipas.c",
      "line": 68,
      "error": "memory error: out of bound pointer",
      "witness": {
        "stdin": "out_of_bound_pointer_line_68.stdin",
        "scanf": "out_of_bound_pointer_line_68.scanf"
      }
    },
    {
      "file": "hash_jogos.c",
      "line": 107,
      "error": "memory error: out of bound pointer",
      "witness": {
        "stdin": "out_of_bound_pointer_line_107.stdin",
        "scanf": "out_of_bound_pointer_line_107.scanf"
      }
    }
  ]
}