{
  "name": "Project_150",
  "errors": [
    {
      "file": "proj1.c",
      "line": 250,
      "error": "memory error: out of bound pointer",
      "witness": {
        "stdin": "out_of_bound_pointer_line_250.stdin",
        "scanf": "out_of_bound_pointer_line_250.scanf"
      }
    },
    {
      "file": "proj1.c",
      "line": 218,
      "error": "memory error: out of bound pointer",
      "witness": {
        "stdin": "out_of_bound_pointer_line_218.stdin",
        "scanf": "out_of_bound_pointer_line_218.scanf"
      }
    },
    {
      "file": "proj1.c",
      "line": 290,
      "error": "memory error: out of bound pointer",
      "witness": {
        "stdin": "out_of_bound_pointer_line_290.stdin",
        "scanf": "out_of_bound_pointer_line_290.scanf"
      }
    },
    {
      "file": "proj1.c",
      "line": 250,
      "error": "memory error: object read only",
      "witness": {
        "stdin": "object_read_only_line_250.stdin",
        "scanf": "object_read_only_line_250.scanf"
      }
    }
  ]
}