{
  "name": "Project_237",
  "errors": [
    {
      "file": "proj1.c",
      "line": 321,
      "error": "memory error: out of bound pointer",
      "witness": {
        "stdin": "out_of_bound_pointer_line_321.stdin",
        "scanf": "out_of_bound_pointer_line_321.scanf"
      }
    },
    {
      "file": "proj1.c",
      "line": 152,
      "error": "memory error: out of bound pointer",
      "witness": {
        "stdin": "out_of_bound_pointer_line_152.stdin",
        "scanf": "out_of_bound_pointer_line_152.scanf"
      }
    },
    {
      "file": "proj1.c",
      "line": 254,
      "error": "memory error: out of bound pointer",
      "witness": {
        "stdin": "out_of_bound_pointer_line_254.stdin",
        "scanf": "out_of_bound_pointer_line_254.scanf"
      }
    },
    {
      "file": "proj1.c",
      "line": 58,
      "error": "memory error: out of bound pointer",
      "witness": {
        "stdin": "out_of_bound_pointer_line_58.stdin",
        "scanf": "out_of_bound_pointer_line_58.scanf"
      }
    },
    {
      "file": "proj1.c",
      "line": 137,
      "error": "memory error: out of bound pointer",
      "witness": {
        "stdin": "out_of_bound_pointer_line_137.stdin",
        "scanf": "out_of_bound_pointer_line_137.scanf"
      }
    },
    {
      "file": "proj1.c",
      "line": 105,
      "error": "memory error: out of bound pointer",
      "witness": {
        "stdin": "out_of_bound_pointer_line_105.stdin",
        "scanf": "out_of_bound_pointer_line_105.scanf"
      }
    }
  ]
}