{
  "name": "Project_81",
  "errors": [
    {
      "file": "proj1.c",
      "line": 91,
      "error": "memory error: out of bound pointer",
      "witness": {
        "stdin": "out_of_bound_pointer_line_91.stdin",
        "scanf": "out_of_bound_pointer_line_91.scanf"
      }
    },
    {
      "file": "proj1.c",
      "line": 192,
      "error": "memory error: out of bound pointer",
      "witness": {
        "stdin": "out_of_bound_pointer_line_192.stdin",
        "scanf": "out_of_bound_pointer_line_192.scanf"
      }
    }
  ]
}