{
  "name": "Project_396",
  "errors": [
    {
      "file": "proj1.c",
      "line": 520,
      "error": "memory error: out of bound pointer",
      "witness": {
        "stdin": "out_of_bound_pointer_line_520.stdin",
        "scanf": "out_of_bound_pointer_line_520.scanf"
      }
    },
    {
      "file": "proj1.c",
      "line": 520,
      "error": "memory error: object read only",
      "witness": {
        "stdin": "object_read_only_line_520.stdin",
        "scanf": "object_read_only_line_520.scanf"
      }
    },
    {
      "file": "proj1.c",
      "line": 379,
      "error": "memory error: out of bound pointer",
      "witness": {
        "stdin": "out_of_bound_pointer_line_379.stdin",
        "scanf": "out_of_bound_pointer_line_379.scanf"
      }
    },
    {
      "file": "proj1.c",
      "line": 493,
      "error": "memory error: out of bound pointer",
      "witness": {
        "stdin": "out_of_bound_pointer_line_493.stdin",
        "scanf": "out_of_bound_pointer_line_493.scanf"
      }
    }
  ]
}