{
  "name": "Project_108",
  "errors": [
    {
      "file": "projeto_FG.c",
      "line": 196,
      "error": "memory error: out of bound pointer",
      "witness": {
        "stdin": "out_of_bound_pointer_line_196.stdin",
        "scanf": "out_of_bound_pointer_line_196.scanf"
      }
    },
    {
      "file": "projeto_FG.c",
      "line": 179,
      "error": "memory error: out of bound pointer",
      "witness": {
        "stdin": "out_of_bound_pointer_line_179.stdin",
        "scanf": "out_of_bound_pointer_line_179.scanf"
      }
    },
    {
      "file": "projeto_FG.c",
      "line": 196,
      "error": "memory error: object read only",
      "witness": {
        "stdin": "object_read_only_line_196.stdin",
        "scanf": "object_read_only_line_196.scanf"
      }
    }
  ]
}