{
  "name": "Project_276",
  "errors": [
    {
      "file": "proj1_done.c",
      "line": 289,
      "error": "memory error: out of bound pointer",
      "witness": {
        "stdin": "out_of_bound_pointer_line_289.stdin",
        "scanf": "out_of_bound_pointer_line_289.scanf"
      }
    },
    {
      "file": "proj1_done.c",
      "line": 264,
      "error": "memory error: out of bound pointer",
      "witness": {
        "stdin": "out_of_bound_pointer_line_264.stdin",
        "scanf": "out_of_bound_pointer_line_264.scanf"
      }
    },
    {
      "file": "proj1_done.c",
      "line": 359,
      "error": "memory error: out of bound pointer",
      "witness": {
        "stdin": "out_of_bound_pointer_line_359.stdin",
        "scanf": "out_of_bound_pointer_line_359.scanf"
      }
    },
    {
      "file": "proj1_done.c",
      "line": 338,
      "error": "memory error: out of bound pointer",
      "witness": {
        "stdin": "out_of_bound_pointer_line_338.stdin",
        "scanf": "out_of_bound_pointer_line_338.scanf"
      }
    },
    {
      "file": "proj1_done.c",
      "line": 199,
      "error": "memory error: out of bound pointer",
      "witness": {
        "stdin": "out_of_bound_pointer_line_199.stdin",
        "scanf": "out_of_bound_pointer_line_199.scanf"
      }
    },
    {
      "file": "proj1_done.c",
      "line": 289,
      "error": "memory error: out of bound pointer",
      "witness": {
        "stdin": "out_of_bound_pointer_line_289.stdin",
        "scanf": "out_of_bound_pointer_line_289.scanf"
      }
    },
    {
      "file": "proj1_done.c",
      "line": 338,
      "error": "memory error: object read only",
      "witness": {
        "stdin": "object_read_only_line_338.stdin",
        "scanf": "object_read_only_line_338.scanf"
      }
    },
    {
      "file": "proj1_done.c",
      "line": 199,
      "error": "memory error: object read only",
      "witness": {
        "stdin": "object_read_only_line_199.stdin",
        "scanf": "object_read_only_line_199.scanf"
      }
    },
    {
      "file": "proj1_done.c",
      "line": 269,
      "error": "memory error: object read only",
      "witness": {
        "stdin": "object_read_only_line_269.stdin",
        "scanf": "object_read_only_line_269.scanf"
      }
    },
    {
      "file": "proj1_done.c",
      "line": 289,
      "error": "memory error: object read only",
      "witness": {
        "stdin": "object_read_only_line_289.stdin",
        "scanf": "object_read_only_line_289.scanf"
      }
    }
  ]
}