{
  "name": "Project_316",
  "errors": [
    {
      "file": "proj1_final.c",
      "line": 220,
      "error": "memory error: out of bound pointer",
      "witness": {
        "stdin": "out_of_bound_pointer_line_220.stdin",
        "scanf": "out_of_bound_pointer_line_220.scanf"
      }
    },
    {
      "file": "proj1_final.c",
      "line": 474,
      "error": "memory error: out of bound pointer",
      "witness": {
        "stdin": "out_of_bound_pointer_line_474.stdin",
        "scanf": "out_of_bound_pointer_line_474.scanf"
      }
    },
    {
      "file": "proj1_final.c",
      "line": 140,
      "error": "memory error: out of bound pointer",
      "witness": {
        "stdin": "out_of_bound_pointer_line_140.stdin",
        "scanf": "out_of_bound_pointer_line_140.scanf"
      }
    },
    {
      "file": "proj1_final.c",
      "line": 220,
      "error": "memory error: object read only",
      "witness": {
        "stdin": "object_read_only_line_220.stdin",
        "scanf": "object_read_only_line_220.scanf"
      }
    },
    {
      "file": "proj1_final.c",
      "line": 61,
      "error": "memory error: out of bound pointer",
      "witness": {
        "stdin": "out_of_bound_pointer_line_61.stdin",
        "scanf": "out_of_bound_pointer_line_61.scanf"
      }
    },
    {
      "file": "proj1_final.c",
      "line": 247,
      "error": "memory error: out of bound pointer",
      "witness": {
        "stdin": "out_of_bound_pointer_line_247.stdin",
        "scanf": "out_of_bound_pointer_line_247.scanf"
      }
    },
    {
      "file": "proj1_final.c",
      "line": 61,
      "error": "memory error: object read only",
      "witness": {
        "stdin": "object_read_only_line_61.stdin",
        "scanf": "object_read_only_line_61.scanf"
      }
    }
  ]
}