{
  "name": "Project_309",
  "errors": [
    {
      "file": "Jogos.c",
      "line": 70,
      "error": "memory error: out of bound pointer",
      "witness": {
        "stdin": "out_of_bound_pointer_line_70.stdin",
        "scanf": "out_of_bound_pointer_line_70.scanf"
      }
    },
    {
      "file": "Equipas.c",
      "line": 44,
      "error": "memory error: out of bound pointer",
      "witness": {
        "stdin": "out_of_bound_pointer_line_44.stdin",
        "scanf": "out_of_bound_pointer_line_44.scanf"
      }
    }
  ]
}