{
  "name": "Project_138",
  "errors": [
    {
      "file": "proj1.c",
      "line": 277,
      "error": "memory error: out of bound pointer",
      "witness": {
        "stdin": "out_of_bound_pointer_line_277.stdin",
        "scanf": "out_of_bound_pointer_line_277.scanf"
      }
    },
    {
      "file": "proj1.c",
      "line": 438,
      "error": "memory error: out of bound pointer",
      "witness": {
        "stdin": "out_of_bound_pointer_line_438.stdin",
        "scanf": "out_of_bound_pointer_line_438.scanf"
      }
    },
    {
      "file": "proj1.c",
      "line": 126,
      "error": "memory error: out of bound pointer",
      "witness": {
        "stdin": "out_of_bound_pointer_line_126.stdin",
        "scanf": "out_of_bound_pointer_line_126.scanf"
      }
    },
    {
      "file": "proj1.c",
      "line": 74,
      "error": "memory error: out of bound pointer",
      "witness": {
        "stdin": "out_of_bound_pointer_line_74.stdin",
        "scanf": "out_of_bound_pointer_line_74.scanf"
      }
    },
    {
      "file": "proj1.c",
      "line": 64,
      "error": "memory error: out of bound pointer",
      "witness": {
        "stdin": "out_of_bound_pointer_line_64.stdin",
        "scanf": "out_of_bound_pointer_line_64.scanf"
      }
    },
    {
      "file": "proj1.c",
      "line": 136,
      "error": "memory error: out of bound pointer",
      "witness": {
        "stdin": "out_of_bound_pointer_line_136.stdin",
        "scanf": "out_of_bound_pointer_line_136.scanf"
      }
    },
    {
      "file": "proj1.c",
      "line": 74,
      "error": "memory error: out of bound pointer",
      "witness": {
        "stdin": "out_of_bound_pointer_line_74.stdin",
        "scanf": "out_of_bound_pointer_line_74.scanf"
      }
    },
    {
      "file": "proj1.c",
      "line": 64,
      "error": "memory error: object read only",
      "witness": {
        "stdin": "object_read_only_line_64.stdin",
        "scanf": "object_read_only_line_64.scanf"
      }
    },
    {
      "file": "proj1.c",
      "line": 52,
      "error": "memory error: object read only",
      "witness": {
        "stdin": "object_read_only_line_52.stdin",
        "scanf": "object_read_only_line_52.scanf"
      }
    },
    {
      "file": "proj1.c",
      "line": 52,
      "error": "memory error: out of bound pointer",
      "witness": {
        "stdin": "out_of_bound_pointer_line_52.stdin",
        "scanf": "out_of_bound_pointer_line_52.scanf"
      }
    },
    {
      "file": "proj1.c",
      "line": 72,
      "error": "memory error: out of bound pointer",
      "witness": {
        "stdin": "out_of_bound_pointer_line_72.stdin",
        "scanf": "out_of_bound_pointer_line_72.scanf"
      }
    }
  ]
}