{
  "name": "Project_222",
  "errors": [
    {
      "file": "proj2.c",
      "line": 118,
      "error": "memory error: out of bound pointer",
      "witness": {
        "stdin": "out_of_bound_pointer_line_118.stdin",
        "scanf": "out_of_bound_pointer_line_118.scanf"
      }
    },
    {
      "file": "proj2.c",
      "line": 150,
      "error": "memory error: out of bound pointer",
      "witness": {
        "stdin": "out_of_bound_pointer_line_150.stdin",
        "scanf": "out_of_bound_pointer_line_150.scanf"
      }
    },
    {
      "file": "proj2.c",
      "line": 27,
      "error": "memory error: out of bound pointer",
      "witness": {
        "stdin": "out_of_bound_pointer_line_27.stdin",
        "scanf": "out_of_bound_pointer_line_27.scanf"
      }
    },
    {
      "file": "proj2.c",
      "line": 76,
      "error": "memory error: out of bound pointer",
      "witness": {
        "stdin": "out_of_bound_pointer_line_76.stdin",
        "scanf": "out_of_bound_pointer_line_76.scanf"
      }
    },
    {
      "file": "proj2.c",
      "line": 24,
      "error": "memory error: out of bound pointer",
      "witness": {
        "stdin": "out_of_bound_pointer_line_24.stdin",
        "scanf": "out_of_bound_pointer_line_24.scanf"
      }
    },
    {
      "file": "proj2.c",
      "line": 182,
      "error": "memory error: out of bound pointer",
      "witness": {
        "stdin": "out_of_bound_pointer_line_182.stdin",
        "scanf": "out_of_bound_pointer_line_182.scanf"
      }
    },
    {
      "file": "proj2.c",
      "line": 215,
      "error": "memory error: out of bound pointer",
      "witness": {
        "stdin": "out_of_bound_pointer_line_215.stdin",
        "scanf": "out_of_bound_pointer_line_215.scanf"
      }
    },
    {
      "file": "proj2.c",
      "line": 79,
      "error": "memory error: out of bound pointer",
      "witness": {
        "stdin": "out_of_bound_pointer_line_79.stdin",
        "scanf": "out_of_bound_pointer_line_79.scanf"
      }
    },
    {
      "file": "proj2.c",
      "line": 224,
      "error": "memory error: out of bound pointer",
      "witness": {
        "stdin": "out_of_bound_pointer_line_224.stdin",
        "scanf": "out_of_bound_pointer_line_224.scanf"
      }
    },
    {
      "file": "proj2.c",
      "line": 218,
      "error": "memory error: out of bound pointer",
      "witness": {
        "stdin": "out_of_bound_pointer_line_218.stdin",
        "scanf": "out_of_bound_pointer_line_218.scanf"
      }
    }
  ]
}