{
  "name": "Project_83",
  "errors": [
    {
      "file": "proj1.c",
      "line": 201,
      "error": "memory error: object read only",
      "witness": {
        "stdin": "object_read_only_line_201.stdin",
        "scanf": "object_read_only_line_201.scanf"
      }
    },
    {
      "file": "proj1.c",
      "line": 201,
      "error": "memory error: out of bound pointer",
      "witness": {
        "stdin": "out_of_bound_pointer_line_201.stdin",
        "scanf": "out_of_bound_pointer_line_201.scanf"
      }
    },
    {
      "file": "proj1.c",
      "line": 320,
      "error": "memory error: out of bound pointer",
      "witness": {
        "stdin": "out_of_bound_pointer_line_320.stdin",
        "scanf": "out_of_bound_pointer_line_320.scanf"
      }
    }
  ]
}