{
  "name": "Project_155",
  "errors": [
    {
      "file": "proj.c",
      "line": 341,
      "error": "memory error: out of bound pointer",
      "witness": {
        "stdin": "out_of_bound_pointer_line_341.stdin",
        "scanf": "out_of_bound_pointer_line_341.scanf"
      }
    },
    {
      "file": "proj.c",
      "line": 497,
      "error": "memory error: out of bound pointer",
      "witness": {
        "stdin": "out_of_bound_pointer_line_497.stdin",
        "scanf": "out_of_bound_pointer_line_497.scanf"
      }
    }
  ]
}