{
  "name": "Project_24",
  "errors": [
    {
      "file": "project1.c",
      "line": 179,
      "error": "memory error: object read only",
      "witness": {
        "stdin": "object_read_only_line_179.stdin",
        "scanf": "object_read_only_line_179.scanf"
      }
    },
    {
      "file": "project1.c",
      "line": 179,
      "error": "memory error: out of bound pointer",
      "witness": {
        "stdin": "out_of_bound_pointer_line_179.stdin",
        "scanf": "out_of_bound_pointer_line_179.scanf"
      }
    },
    {
      "file": "project1.c",
      "line": 288,
      "error": "memory error: out of bound pointer",
      "witness": {
        "stdin": "out_of_bound_pointer_line_288.stdin",
        "scanf": "out_of_bound_pointer_line_288.scanf"
      }
    },
    {
      "file": "project1.c",
      "line": 268,
      "error": "memory error: out of bound pointer",
      "witness": {
        "stdin": "out_of_bound_pointer_line_268.stdin",
        "scanf": "out_of_bound_pointer_line_268.scanf"
      }
    },
    {
      "file": "project1.c",
      "line": 255,
      "error": "memory error: out of bound pointer",
      "witness": {
        "stdin": "out_of_bound_pointer_line_255.stdin",
        "scanf": "out_of_bound_pointer_line_255.scanf"
      }
    },
    {
      "file": "project1.c",
      "line": 268,
      "error": "memory error: object read only",
      "witness": {
        "stdin": "object_read_only_line_268.stdin",
        "scanf": "object_read_only_line_268.scanf"
      }
    }
  ]
}