{
  "name": "Project_149",
  "errors": [
    {
      "file": "Projeto20.c",
      "line": 27,
      "error": "memory error: out of bound pointer",
      "witness": {
        "stdin": "out_of_bound_pointer_line_27.stdin",
        "scanf": "out_of_bound_pointer_line_27.scanf"
      }
    },
    {
      "file": "Projeto20.c",
      "line": 51,
      "error": "memory error: out of bound pointer",
      "witness": {
        "stdin": "out_of_bound_pointer_line_51.stdin",
        "scanf": "out_of_bound_pointer_line_51.scanf"
      }
    }
  ]
}