{
  "name": "Project_30",
  "errors": [
    {
      "file": "PROJETO.c",
      "line": 41,
      "error": "memory error: object read only",
      "witness": {
        "stdin": "object_read_only_line_41.stdin",
        "scanf": "object_read_only_line_41.scanf"
      }
    },
    {
      "file": "PROJETO.c",
      "line": 41,
      "error": "memory error: out of bound pointer",
      "witness": {
        "stdin": "out_of_bound_pointer_line_41.stdin",
        "scanf": "out_of_bound_pointer_line_41.scanf"
      }
    },
    {
      "file": "PROJETO.c",
      "line": 56,
      "error": "memory error: out of bound pointer",
      "witness": {
        "stdin": "out_of_bound_pointer_line_56.stdin",
        "scanf": "out_of_bound_pointer_line_56.scanf"
      }
    },
    {
      "file": "PROJETO.c",
      "line": 54,
      "error": "memory error: out of bound pointer",
      "witness": {
        "stdin": "out_of_bound_pointer_line_54.stdin",
        "scanf": "out_of_bound_pointer_line_54.scanf"
      }
    }
  ]
}