{
  "name": "Project_11",
  "errors": [
    {
      "file": "ls.c",
      "line": 44,
      "error": "memory error: out of bound pointer",
      "witness": {
        "stdin": "out_of_bound_pointer_line_44.stdin",
        "scanf": "out_of_bound_pointer_line_44.scanf"
      }
    },
    {
      "file": "ls.c",
      "line": 71,
      "error": "memory error: out of bound pointer",
      "witness": {
        "stdin": "out_of_bound_pointer_line_71.stdin",
        "scanf": "out_of_bound_pointer_line_71.scanf"
      }
    },
    {
      "file": "ls.c",
      "line": 78,
      "error": "memory error: out of bound pointer",
      "witness": {
        "stdin": "out_of_bound_pointer_line_78.stdin",
        "scanf": "out_of_bound_pointer_line_78.scanf"
      }
    },
    {
      "file": "ls.c",
      "line": 44,
      "error": "memory error: object read only",
      "witness": {
        "stdin": "object_read_only_line_44.stdin",
        "scanf": "object_read_only_line_44.scanf"
      }
    },
    {
      "file": "ls.c",
      "line": 195,
      "error": "memory error: out of bound pointer",
      "witness": {
        "stdin": "out_of_bound_pointer_line_195.stdin",
        "scanf": "out_of_bound_pointer_line_195.scanf"
      }
    },
    {
      "file": "ls.c",
      "line": 195,
      "error": "memory error: object read only",
      "witness": {
        "stdin": "object_read_only_line_195.stdin",
        "scanf": "object_read_only_line_195.scanf"
      }
    }
  ]
}