{
  "name": "Project_6",
  "errors": [
    {
      "file": "Hashtable.c",
      "line": 48,
      "error": "memory error: out of bound pointer",
      "witness": {
        "stdin": "out_of_bound_pointer_line_48.stdin",
        "scanf": "out_of_bound_pointer_line_48.scanf"
      }
    },
    {
      "file": "Hashtable.c",
      "line": 7,
      "error": "memory error: out of bound pointer",
      "witness": {
        "stdin": "out_of_bound_pointer_line_7.stdin",
        "scanf": "out_of_bound_pointer_line_7.scanf"
      }
    }
  ]
}