{
  "name": "Project_216",
  "errors": [
    {
      "file": "proj2.c",
      "line": 114,
      "error": "memory error: out of bound pointer",
      "witness": {
        "stdin": "out_of_bound_pointer_line_114.stdin",
        "scanf": "out_of_bound_pointer_line_114.scanf"
      }
    },
    {
      "file": "proj2.c",
      "line": 233,
      "error": "memory error: out of bound pointer",
      "witness": {
        "stdin": "out_of_bound_pointer_line_233.stdin",
        "scanf": "out_of_bound_pointer_line_233.scanf"
      }
    }
  ]
}