{
  "name": "Project_310",
  "errors": [
    {
      "file": "Projeto.sara.c",
      "line": 102,
      "error": "memory error: out of bound pointer",
      "witness": {
        "stdin": "out_of_bound_pointer_line_102.stdin",
        "scanf": "out_of_bound_pointer_line_102.scanf"
      }
    },
    {
      "file": "Projeto.sara.c",
      "line": 190,
      "error": "memory error: out of bound pointer",
      "witness": {
        "stdin": "out_of_bound_pointer_line_190.stdin",
        "scanf": "out_of_bound_pointer_line_190.scanf"
      }
    },
    {
      "file": "Projeto.sara.c",
      "line": 272,
      "error": "memory error: out of bound pointer",
      "witness": {
        "stdin": "out_of_bound_pointer_line_272.stdin",
        "scanf": "out_of_bound_pointer_line_272.scanf"
      }
    }
  ]
}