{
  "Total errors": 1223,
  "Not Converted": 11,
  "Error Types": {
    "memory error: out of bound pointer": 1001,
    "memory error: object read only": 212,
    "invalid function pointer": 1,
    "ASSERTION FAIL: f->off >= 0": 2,
    "calling function with too few arguments": 5,
    "failed external call: vprintf": 1,
    "ASSERTION FAIL: 0": 1
  },
  "No errors found": [
    "Project_280",
    "Project_300",
    "Project_331",
    "Project_156",
    "Project_115",
    "Project_344",
    "Project_141",
    "Project_130",
    "Project_49",
    "Project_160",
    "Project_182",
    "Project_333",
    "Project_208",
    "Project_373",
    "Project_112",
    "Project_170",
    "Project_378",
    "Project_242",
    "Project_341",
    "Project_153",
    "Project_372",
    "Project_289",
    "Project_144",
    "Project_50",
    "Project_245",
    "Project_325",
    "Project_284",
    "Project_149",
    "Project_72",
    "Project_56",
    "Project_223",
    "Project_361",
    "Project_54",
    "Project_137",
    "Project_190",
    "Project_186",
    "Project_211",
    "Project_111",
    "Project_145",
    "Project_290",
    "Project_104",
    "Project_228",
    "Project_200",
    "Project_218",
    "Project_113",
    "Project_236",
    "Project_178",
    "Project_202",
    "Project_204",
    "Project_90",
    "Project_399",
    "Project_63",
    "Project_305",
    "Project_102",
    "Project_278",
    "Project_210",
    "Project_328",
    "Project_187",
    "Project_391"
  ]
}