{
  "name": "Project_8",
  "errors": [
    {
      "file": "proj1.c",
      "line": 214,
      "error": "memory error: out of bound pointer",
      "witness": {
        "stdin": "out_of_bound_pointer_line_214.stdin",
        "scanf": "out_of_bound_pointer_line_214.scanf"
      }
    },
    {
      "file": "proj1.c",
      "line": 556,
      "error": "memory error: out of bound pointer",
      "witness": {
        "stdin": "out_of_bound_pointer_line_556.stdin",
        "scanf": "out_of_bound_pointer_line_556.scanf"
      }
    },
    {
      "file": "proj1.c",
      "line": 413,
      "error": "memory error: out of bound pointer",
      "witness": {
        "stdin": "out_of_bound_pointer_line_413.stdin",
        "scanf": "out_of_bound_pointer_line_413.scanf"
      }
    },
    {
      "file": "proj1.c",
      "line": 213,
      "error": "memory error: out of bound pointer",
      "witness": {
        "stdin": "out_of_bound_pointer_line_213.stdin",
        "scanf": "out_of_bound_pointer_line_213.scanf"
      }
    },
    {
      "file": "proj1.c",
      "line": 63,
      "error": "memory error: out of bound pointer",
      "witness": {
        "stdin": "out_of_bound_pointer_line_63.stdin",
        "scanf": "out_of_bound_pointer_line_63.scanf"
      }
    },
    {
      "file": "proj1.c",
      "line": 602,
      "error": "memory error: out of bound pointer",
      "witness": {
        "stdin": "out_of_bound_pointer_line_602.stdin",
        "scanf": "out_of_bound_pointer_line_602.scanf"
      }
    },
    {
      "file": "proj1.c",
      "line": 87,
      "error": "memory error: out of bound pointer",
      "witness": {
        "stdin": "out_of_bound_pointer_line_87.stdin",
        "scanf": "out_of_bound_pointer_line_87.scanf"
      }
    },
    {
      "file": "proj1.c",
      "line": 414,
      "error": "memory error: out of bound pointer",
      "witness": {
        "stdin": "out_of_bound_pointer_line_414.stdin",
        "scanf": "out_of_bound_pointer_line_414.scanf"
      }
    },
    {
      "file": "proj1.c",
      "line": 227,
      "error": "memory error: out of bound pointer",
      "witness": {
        "stdin": "out_of_bound_pointer_line_227.stdin",
        "scanf": "out_of_bound_pointer_line_227.scanf"
      }
    },
    {
      "file": "proj1.c",
      "line": 140,
      "error": "memory error: out of bound pointer",
      "witness": {
        "stdin": "out_of_bound_pointer_line_140.stdin",
        "scanf": "out_of_bound_pointer_line_140.scanf"
      }
    },
    {
      "file": "proj1.c",
      "line": 512,
      "error": "memory error: out of bound pointer",
      "witness": {
        "stdin": "out_of_bound_pointer_line_512.stdin",
        "scanf": "out_of_bound_pointer_line_512.scanf"
      }
    },
    {
      "file": "proj1.c",
      "line": 690,
      "error": "memory error: out of bound pointer",
      "witness": {
        "stdin": "out_of_bound_pointer_line_690.stdin",
        "scanf": "out_of_bound_pointer_line_690.scanf"
      }
    },
    {
      "file": "proj1.c",
      "line": 96,
      "error": "memory error: out of bound pointer",
      "witness": {
        "stdin": "out_of_bound_pointer_line_96.stdin",
        "scanf": "out_of_bound_pointer_line_96.scanf"
      }
    },
    {
      "file": "proj1.c",
      "line": 108,
      "error": "memory error: out of bound pointer",
      "witness": {
        "stdin": "out_of_bound_pointer_line_108.stdin",
        "scanf": "out_of_bound_pointer_line_108.scanf"
      }
    },
    {
      "file": "proj1.c",
      "line": 511,
      "error": "memory error: out of bound pointer",
      "witness": {
        "stdin": "out_of_bound_pointer_line_511.stdin",
        "scanf": "out_of_bound_pointer_line_511.scanf"
      }
    },
    {
      "file": "proj1.c",
      "line": 543,
      "error": "memory error: out of bound pointer",
      "witness": {
        "stdin": "out_of_bound_pointer_line_543.stdin",
        "scanf": "out_of_bound_pointer_line_543.scanf"
      }
    },
    {
      "file": "proj1.c",
      "line": 603,
      "error": "memory error: out of bound pointer",
      "witness": {
        "stdin": "out_of_bound_pointer_line_603.stdin",
        "scanf": "out_of_bound_pointer_line_603.scanf"
      }
    },
    {
      "file": "proj1.c",
      "line": 352,
      "error": "memory error: out of bound pointer",
      "witness": {
        "stdin": "out_of_bound_pointer_line_352.stdin",
        "scanf": "out_of_bound_pointer_line_352.scanf"
      }
    }
  ]
}