{
  "name": "Project_46",
  "errors": [
    {
      "file": "cobaia14.c",
      "line": 137,
      "error": "memory error: out of bound pointer",
      "witness": {
        "stdin": "out_of_bound_pointer_line_137.stdin",
        "scanf": "out_of_bound_pointer_line_137.scanf"
      }
    },
    {
      "file": "cobaia14.c",
      "line": 79,
      "error": "memory error: out of bound pointer",
      "witness": {
        "stdin": "out_of_bound_pointer_line_79.stdin",
        "scanf": "out_of_bound_pointer_line_79.scanf"
      }
    }
  ]
}