{
  "name": "Project_176",
  "errors": [
    {
      "file": "proj1.c",
      "line": 71,
      "error": "memory error: out of bound pointer",
      "witness": {
        "stdin": "out_of_bound_pointer_line_71.stdin",
        "scanf": "out_of_bound_pointer_line_71.scanf"
      }
    },
    {
      "file": "proj1.c",
      "line": 131,
      "error": "memory error: out of bound pointer",
      "witness": {
        "stdin": "out_of_bound_pointer_line_131.stdin",
        "scanf": "out_of_bound_pointer_line_131.scanf"
      }
    },
    {
      "file": "proj1.c",
      "line": 100,
      "error": "memory error: out of bound pointer",
      "witness": {
        "stdin": "out_of_bound_pointer_line_100.stdin",
        "scanf": "out_of_bound_pointer_line_100.scanf"
      }
    },
    {
      "file": "proj1.c",
      "line": 71,
      "error": "memory error: object read only",
      "witness": {
        "stdin": "object_read_only_line_71.stdin",
        "scanf": "object_read_only_line_71.scanf"
      }
    }
  ]
}