{
  "name": "Project_201",
  "errors": [
    {
      "file": "proj1.c",
      "line": 160,
      "error": "memory error: out of bound pointer",
      "witness": {
        "stdin": "out_of_bound_pointer_line_160.stdin",
        "scanf": "out_of_bound_pointer_line_160.scanf"
      }
    },
    {
      "file": "proj1.c",
      "line": 160,
      "error": "memory error: object read only",
      "witness": {
        "stdin": "object_read_only_line_160.stdin",
        "scanf": "object_read_only_line_160.scanf"
      }
    },
    {
      "file": "proj1.c",
      "line": 231,
      "error": "memory error: out of bound pointer",
      "witness": {
        "stdin": "out_of_bound_pointer_line_231.stdin",
        "scanf": "out_of_bound_pointer_line_231.scanf"
      }
    },
    {
      "file": "proj1.c",
      "line": 190,
      "error": "memory error: out of bound pointer",
      "witness": {
        "stdin": "out_of_bound_pointer_line_190.stdin",
        "scanf": "out_of_bound_pointer_line_190.scanf"
      }
    }
  ]
}