{
  "name": "Project_205",
  "errors": [
    {
      "file": "proj1.c",
      "line": 380,
      "error": "memory error: out of bound pointer",
      "witness": {
        "stdin": "out_of_bound_pointer_line_380.stdin",
        "scanf": "out_of_bound_pointer_line_380.scanf"
      }
    },
    {
      "file": "proj1.c",
      "line": 364,
      "error": "memory error: out of bound pointer",
      "witness": {
        "stdin": "out_of_bound_pointer_line_364.stdin",
        "scanf": "out_of_bound_pointer_line_364.scanf"
      }
    },
    {
      "file": "proj1.c",
      "line": 121,
      "error": "memory error: out of bound pointer",
      "witness": {
        "stdin": "out_of_bound_pointer_line_121.stdin",
        "scanf": "out_of_bound_pointer_line_121.scanf"
      }
    },
    {
      "file": "proj1.c",
      "line": 380,
      "error": "memory error: object read only",
      "witness": {
        "stdin": "object_read_only_line_380.stdin",
        "scanf": "object_read_only_line_380.scanf"
      }
    },
    {
      "file": "proj1.c",
      "line": 121,
      "error": "memory error: object read only",
      "witness": {
        "stdin": "object_read_only_line_121.stdin",
        "scanf": "object_read_only_line_121.scanf"
      }
    }
  ]
}