{
  "name": "Project_302",
  "errors": [
    {
      "file": "Proj1.final.c",
      "line": 139,
      "error": "memory error: out of bound pointer",
      "witness": {
        "stdin": "out_of_bound_pointer_line_139.stdin",
        "scanf": "out_of_bound_pointer_line_139.scanf"
      }
    },
    {
      "file": "Proj1.final.c",
      "line": 215,
      "error": "memory error: out of bound pointer",
      "witness": {
        "stdin": "out_of_bound_pointer_line_215.stdin",
        "scanf": "out_of_bound_pointer_line_215.scanf"
      }
    }
  ]
}