{
  "name": "Project_162",
  "errors": [
    {
      "file": "proj1final.c",
      "line": 340,
      "error": "memory error: out of bound pointer",
      "witness": {
        "stdin": "out_of_bound_pointer_line_340.stdin",
        "scanf": "out_of_bound_pointer_line_340.scanf"
      }
    },
    {
      "file": "proj1final.c",
      "line": 369,
      "error": "memory error: out of bound pointer",
      "witness": {
        "stdin": "out_of_bound_pointer_line_369.stdin",
        "scanf": "out_of_bound_pointer_line_369.scanf"
      }
    },
    {
      "file": "proj1final.c",
      "line": 179,
      "error": "memory error: object read only",
      "witness": {
        "stdin": "object_read_only_line_179.stdin",
        "scanf": "object_read_only_line_179.scanf"
      }
    },
    {
      "file": "proj1final.c",
      "line": 285,
      "error": "memory error: out of bound pointer",
      "witness": {
        "stdin": "out_of_bound_pointer_line_285.stdin",
        "scanf": "out_of_bound_pointer_line_285.scanf"
      }
    },
    {
      "file": "proj1final.c",
      "line": 255,
      "error": "memory error: out of bound pointer",
      "witness": {
        "stdin": "out_of_bound_pointer_line_255.stdin",
        "scanf": "out_of_bound_pointer_line_255.scanf"
      }
    },
    {
      "file": "proj1final.c",
      "line": 285,
      "error": "memory error: out of bound pointer",
      "witness": {
        "stdin": "out_of_bound_pointer_line_285.stdin",
        "scanf": "out_of_bound_pointer_line_285.scanf"
      }
    },
    {
      "file": "proj1final.c",
      "line": 340,
      "error": "memory error: object read only",
      "witness": {
        "stdin": "object_read_only_line_340.stdin",
        "scanf": "object_read_only_line_340.scanf"
      }
    },
    {
      "file": "proj1final.c",
      "line": 179,
      "error": "memory error: out of bound pointer",
      "witness": {
        "stdin": "out_of_bound_pointer_line_179.stdin",
        "scanf": "out_of_bound_pointer_line_179.scanf"
      }
    },
    {
      "file": "proj1final.c",
      "line": 285,
      "error": "memory error: out of bound pointer",
      "witness": {
        "stdin": "out_of_bound_pointer_line_285.stdin",
        "scanf": "out_of_bound_pointer_line_285.scanf"
      }
    }
  ]
}