{
  "name": "Project_301",
  "errors": [
    {
      "file": "projeto1.c",
      "line": 124,
      "error": "memory error: out of bound pointer",
      "witness": {
        "stdin": "out_of_bound_pointer_line_124.stdin",
        "scanf": "out_of_bound_pointer_line_124.scanf"
      }
    },
    {
      "file": "projeto1.c",
      "line": 85,
      "error": "memory error: out of bound pointer",
      "witness": {
        "stdin": "out_of_bound_pointer_line_85.stdin",
        "scanf": "out_of_bound_pointer_line_85.scanf"
      }
    },
    {
      "file": "projeto1.c",
      "line": 148,
      "error": "memory error: out of bound pointer",
      "witness": {
        "stdin": "out_of_bound_pointer_line_148.stdin",
        "scanf": "out_of_bound_pointer_line_148.scanf"
      }
    }
  ]
}