{
  "name": "Project_385",
  "errors": [
    {
      "file": "proj1.c",
      "line": 56,
      "error": "memory error: out of bound pointer",
      "witness": {
        "stdin": "out_of_bound_pointer_line_56.stdin",
        "scanf": "out_of_bound_pointer_line_56.scanf"
      }
    },
    {
      "file": "proj1.c",
      "line": 84,
      "error": "memory error: out of bound pointer",
      "witness": {
        "stdin": "out_of_bound_pointer_line_84.stdin",
        "scanf": "out_of_bound_pointer_line_84.scanf"
      }
    },
    {
      "file": "proj1.c",
      "line": 193,
      "error": "memory error: out of bound pointer",
      "witness": {
        "stdin": "out_of_bound_pointer_line_193.stdin",
        "scanf": "out_of_bound_pointer_line_193.scanf"
      }
    },
    {
      "file": "proj1.c",
      "line": 428,
      "error": "memory error: out of bound pointer",
      "witness": {
        "stdin": "out_of_bound_pointer_line_428.stdin",
        "scanf": "out_of_bound_pointer_line_428.scanf"
      }
    },
    {
      "file": "proj1.c",
      "line": 166,
      "error": "memory error: out of bound pointer",
      "witness": {
        "stdin": "out_of_bound_pointer_line_166.stdin",
        "scanf": "out_of_bound_pointer_line_166.scanf"
      }
    },
    {
      "file": "proj1.c",
      "line": 56,
      "error": "memory error: object read only",
      "witness": {
        "stdin": "object_read_only_line_56.stdin",
        "scanf": "object_read_only_line_56.scanf"
      }
    },
    {
      "file": "proj1.c",
      "line": 84,
      "error": "memory error: object read only",
      "witness": {
        "stdin": "object_read_only_line_84.stdin",
        "scanf": "object_read_only_line_84.scanf"
      }
    },
    {
      "file": "proj1.c",
      "line": 79,
      "error": "memory error: out of bound pointer",
      "witness": {
        "stdin": "out_of_bound_pointer_line_79.stdin",
        "scanf": "out_of_bound_pointer_line_79.scanf"
      }
    },
    {
      "file": "proj1.c",
      "line": 170,
      "error": "memory error: object read only",
      "witness": {
        "stdin": "object_read_only_line_170.stdin",
        "scanf": "object_read_only_line_170.scanf"
      }
    }
  ]
}