{
  "name": "Project_51",
  "errors": [
    {
      "file": "p1v2.c",
      "line": 228,
      "error": "memory error: out of bound pointer",
      "witness": {
        "stdin": "out_of_bound_pointer_line_228.stdin",
        "scanf": "out_of_bound_pointer_line_228.scanf"
      }
    },
    {
      "file": "p1v2.c",
      "line": 210,
      "error": "memory error: out of bound pointer",
      "witness": {
        "stdin": "out_of_bound_pointer_line_210.stdin",
        "scanf": "out_of_bound_pointer_line_210.scanf"
      }
    },
    {
      "file": "p1v2.c",
      "line": 303,
      "error": "memory error: out of bound pointer",
      "witness": {
        "stdin": "out_of_bound_pointer_line_303.stdin",
        "scanf": "out_of_bound_pointer_line_303.scanf"
      }
    }
  ]
}