{
  "name": "Project_183",
  "errors": [
    {
      "file": "proj1.c",
      "line": 196,
      "error": "memory error: out of bound pointer",
      "witness": {
        "stdin": "out_of_bound_pointer_line_196.stdin",
        "scanf": "out_of_bound_pointer_line_196.scanf"
      }
    },
    {
      "file": "proj1.c",
      "line": 298,
      "error": "memory error: out of bound pointer",
      "witness": {
        "stdin": "out_of_bound_pointer_line_298.stdin",
        "scanf": "out_of_bound_pointer_line_298.scanf"
      }
    }
  ]
}