{
  "name": "Project_257",
  "errors": [
    {
      "file": "main.c",
      "line": 102,
      "error": "memory error: out of bound pointer",
      "witness": {
        "stdin": "out_of_bound_pointer_line_102.stdin",
        "scanf": "out_of_bound_pointer_line_102.scanf"
      }
    },
    {
      "file": "main.c",
      "line": 101,
      "error": "memory error: out of bound pointer",
      "witness": {
        "stdin": "out_of_bound_pointer_line_101.stdin",
        "scanf": "out_of_bound_pointer_line_101.scanf"
      }
    }
  ]
}