{
  "name": "Project_356",
  "errors": [
    {
      "file": "proj1.c",
      "line": 280,
      "error": "memory error: out of bound pointer",
      "witness": {
        "stdin": "out_of_bound_pointer_line_280.stdin",
        "scanf": "out_of_bound_pointer_line_280.scanf"
      }
    },
    {
      "file": "proj1.c",
      "line": 168,
      "error": "memory error: out of bound pointer",
      "witness": {
        "stdin": "out_of_bound_pointer_line_168.stdin",
        "scanf": "out_of_bound_pointer_line_168.scanf"
      }
    },
    {
      "file": "proj1.c",
      "line": 171,
      "error": "memory error: out of bound pointer",
      "witness": {
        "stdin": "out_of_bound_pointer_line_171.stdin",
        "scanf": "out_of_bound_pointer_line_171.scanf"
      }
    },
    {
      "file": "proj1.c",
      "line": 171,
      "error": "memory error: out of bound pointer",
      "witness": {
        "stdin": "out_of_bound_pointer_line_171.stdin",
        "scanf": "out_of_bound_pointer_line_171.scanf"
      }
    }
  ]
}