{
  "name": "Project_343",
  "errors": [
    {
      "file": "P2_funcs.c",
      "line": 22,
      "error": "memory error: out of bound pointer",
      "witness": {
        "stdin": "out_of_bound_pointer_line_22.stdin",
        "scanf": "out_of_bound_pointer_line_22.scanf"
      }
    },
    {
      "file": "P2_funcs.c",
      "line": 20,
      "error": "memory error: out of bound pointer",
      "witness": {
        "stdin": "out_of_bound_pointer_line_20.stdin",
        "scanf": "out_of_bound_pointer_line_20.scanf"
      }
    },
    {
      "file": "P2_funcs.c",
      "line": 21,
      "error": "memory error: out of bound pointer",
      "witness": {
        "stdin": "out_of_bound_pointer_line_21.stdin",
        "scanf": "out_of_bound_pointer_line_21.scanf"
      }
    },
    {
      "file": "P2_funcs.c",
      "line": 149,
      "error": "memory error: out of bound pointer",
      "witness": {
        "stdin": "out_of_bound_pointer_line_149.stdin",
        "scanf": "out_of_bound_pointer_line_149.scanf"
      }
    },
    {
      "file": "P2_funcs.c",
      "line": 50,
      "error": "memory error: out of bound pointer",
      "witness": {
        "stdin": "out_of_bound_pointer_line_50.stdin",
        "scanf": "out_of_bound_pointer_line_50.scanf"
      }
    },
    {
      "file": "P2_funcs.c",
      "line": 116,
      "error": "memory error: out of bound pointer",
      "witness": {
        "stdin": "out_of_bound_pointer_line_116.stdin",
        "scanf": "out_of_bound_pointer_line_116.scanf"
      }
    },
    {
      "file": "P2_funcs.c",
      "line": 130,
      "error": "memory error: out of bound pointer",
      "witness": {
        "stdin": "out_of_bound_pointer_line_130.stdin",
        "scanf": "out_of_bound_pointer_line_130.scanf"
      }
    },
    {
      "file": "P2_funcs.c",
      "line": 104,
      "error": "memory error: out of bound pointer",
      "witness": {
        "stdin": "out_of_bound_pointer_line_104.stdin",
        "scanf": "out_of_bound_pointer_line_104.scanf"
      }
    }
  ]
}