{
  "name": "Project_358",
  "errors": [
    {
      "file": "proj1.c",
      "line": 139,
      "error": "memory error: out of bound pointer",
      "witness": {
        "stdin": "out_of_bound_pointer_line_139.stdin",
        "scanf": "out_of_bound_pointer_line_139.scanf"
      }
    },
    {
      "file": "proj1.c",
      "line": 172,
      "error": "memory error: out of bound pointer",
      "witness": {
        "stdin": "out_of_bound_pointer_line_172.stdin",
        "scanf": "out_of_bound_pointer_line_172.scanf"
      }
    },
    {
      "file": "proj1.c",
      "line": 50,
      "error": "memory error: out of bound pointer",
      "witness": {
        "stdin": "out_of_bound_pointer_line_50.stdin",
        "scanf": "out_of_bound_pointer_line_50.scanf"
      }
    },
    {
      "file": "proj1.c",
      "line": 449,
      "error": "memory error: out of bound pointer",
      "witness": {
        "stdin": "out_of_bound_pointer_line_449.stdin",
        "scanf": "out_of_bound_pointer_line_449.scanf"
      }
    },
    {
      "file": "proj1.c",
      "line": 139,
      "error": "memory error: object read only",
      "witness": {
        "stdin": "object_read_only_line_139.stdin",
        "scanf": "object_read_only_line_139.scanf"
      }
    },
    {
      "file": "proj1.c",
      "line": 158,
      "error": "memory error: object read only",
      "witness": {
        "stdin": "object_read_only_line_158.stdin",
        "scanf": "object_read_only_line_158.scanf"
      }
    },
    {
      "file": "proj1.c",
      "line": 154,
      "error": "memory error: out of bound pointer",
      "witness": {
        "stdin": "out_of_bound_pointer_line_154.stdin",
        "scanf": "out_of_bound_pointer_line_154.scanf"
      }
    }
  ]
}