{
  "name": "Project_306",
  "errors": [
    {
      "file": "proj1a.c",
      "line": -1,
      "error": "memory error: out of bound pointer",
      "witness": {
        "stdin": "out_of_bound_pointer_line_-1.stdin",
        "scanf": "out_of_bound_pointer_line_-1.scanf"
      }
    },
    {
      "file": "proj1a.c",
      "line": 161,
      "error": "memory error: out of bound pointer",
      "witness": {
        "stdin": "out_of_bound_pointer_line_161.stdin",
        "scanf": "out_of_bound_pointer_line_161.scanf"
      }
    },
    {
      "file": "proj1a.c",
      "line": 176,
      "error": "memory error: out of bound pointer",
      "witness": {
        "stdin": "out_of_bound_pointer_line_176.stdin",
        "scanf": "out_of_bound_pointer_line_176.scanf"
      }
    },
    {
      "file": "proj1a.c",
      "line": 176,
      "error": "memory error: object read only",
      "witness": {
        "stdin": "object_read_only_line_176.stdin",
        "scanf": "object_read_only_line_176.scanf"
      }
    },
    {
      "file": "proj1a.c",
      "line": -1,
      "error": "memory error: object read only",
      "witness": {
        "stdin": "object_read_only_line_-1.stdin",
        "scanf": "object_read_only_line_-1.scanf"
      }
    }
  ]
}