{
  "name": "Project_195",
  "errors": [
    {
      "file": "main11.c",
      "line": 172,
      "error": "memory error: out of bound pointer",
      "witness": {
        "stdin": "out_of_bound_pointer_line_172.stdin",
        "scanf": "out_of_bound_pointer_line_172.scanf"
      }
    },
    {
      "file": "main11.c",
      "line": 121,
      "error": "memory error: out of bound pointer",
      "witness": {
        "stdin": "out_of_bound_pointer_line_121.stdin",
        "scanf": "out_of_bound_pointer_line_121.scanf"
      }
    },
    {
      "file": "main11.c",
      "line": 121,
      "error": "memory error: object read only",
      "witness": {
        "stdin": "object_read_only_line_121.stdin",
        "scanf": "object_read_only_line_121.scanf"
      }
    },
    {
      "file": "main11.c",
      "line": 210,
      "error": "memory error: out of bound pointer",
      "witness": {
        "stdin": "out_of_bound_pointer_line_210.stdin",
        "scanf": "out_of_bound_pointer_line_210.scanf"
      }
    }
  ]
}