{
  "name": "Project_101",
  "errors": [
    {
      "file": "main.c",
      "line": 303,
      "error": "memory error: out of bound pointer",
      "witness": {
        "stdin": "out_of_bound_pointer_line_303.stdin",
        "scanf": "out_of_bound_pointer_line_303.scanf"
      }
    },
    {
      "file": "main.c",
      "line": 300,
      "error": "memory error: out of bound pointer",
      "witness": {
        "stdin": "out_of_bound_pointer_line_300.stdin",
        "scanf": "out_of_bound_pointer_line_300.scanf"
      }
    }
  ]
}