{
  "name": "Project_371",
  "errors": [
    {
      "file": "proj1.c",
      "line": 186,
      "error": "memory error: out of bound pointer",
      "witness": {
        "stdin": "out_of_bound_pointer_line_186.stdin",
        "scanf": "out_of_bound_pointer_line_186.scanf"
      }
    },
    {
      "file": "proj1.c",
      "line": 54,
      "error": "memory error: out of bound pointer",
      "witness": {
        "stdin": "out_of_bound_pointer_line_54.stdin",
        "scanf": "out_of_bound_pointer_line_54.scanf"
      }
    },
    {
      "file": "proj1.c",
      "line": 134,
      "error": "memory error: out of bound pointer",
      "witness": {
        "stdin": "out_of_bound_pointer_line_134.stdin",
        "scanf": "out_of_bound_pointer_line_134.scanf"
      }
    },
    {
      "file": "proj1.c",
      "line": 54,
      "error": "memory error: object read only",
      "witness": {
        "stdin": "object_read_only_line_54.stdin",
        "scanf": "object_read_only_line_54.scanf"
      }
    }
  ]
}