{
  "name": "Project_264",
  "errors": [
    {
      "file": "proj2_c_e.c",
      "line": 53,
      "error": "memory error: out of bound pointer",
      "witness": {
        "stdin": "out_of_bound_pointer_line_53.stdin",
        "scanf": "out_of_bound_pointer_line_53.scanf"
      }
    },
    {
      "file": "proj2_c_j.c",
      "line": 57,
      "error": "memory error: out of bound pointer",
      "witness": {
        "stdin": "out_of_bound_pointer_line_57.stdin",
        "scanf": "out_of_bound_pointer_line_57.scanf"
      }
    }
  ]
}