{
  "name": "Project_376",
  "errors": [
    {
      "file": "projetocode4.c",
      "line": 93,
      "error": "memory error: out of bound pointer",
      "witness": {
        "stdin": "out_of_bound_pointer_line_93.stdin",
        "scanf": "out_of_bound_pointer_line_93.scanf"
      }
    },
    {
      "file": "projetocode4.c",
      "line": 93,
      "error": "memory error: out of bound pointer",
      "witness": {
        "stdin": "out_of_bound_pointer_line_93.stdin",
        "scanf": "out_of_bound_pointer_line_93.scanf"
      }
    },
    {
      "file": "projetocode4.c",
      "line": 108,
      "error": "memory error: out of bound pointer",
      "witness": {
        "stdin": "out_of_bound_pointer_line_108.stdin",
        "scanf": "out_of_bound_pointer_line_108.scanf"
      }
    },
    {
      "file": "projetocode4.c",
      "line": 77,
      "error": "memory error: out of bound pointer",
      "witness": {
        "stdin": "out_of_bound_pointer_line_77.stdin",
        "scanf": "out_of_bound_pointer_line_77.scanf"
      }
    },
    {
      "file": "projetocode4.c",
      "line": 125,
      "error": "memory error: out of bound pointer",
      "witness": {
        "stdin": "out_of_bound_pointer_line_125.stdin",
        "scanf": "out_of_bound_pointer_line_125.scanf"
      }
    },
    {
      "file": "projetocode4.c",
      "line": 125,
      "error": "memory error: object read only",
      "witness": {
        "stdin": "object_read_only_line_125.stdin",
        "scanf": "object_read_only_line_125.scanf"
      }
    }
  ]
}