{
  "name": "Project_263",
  "errors": [
    {
      "file": "proj1.c",
      "line": 58,
      "error": "memory error: object read only",
      "witness": {
        "stdin": "object_read_only_line_58.stdin",
        "scanf": "object_read_only_line_58.scanf"
      }
    },
    {
      "file": "proj1.c",
      "line": 58,
      "error": "memory error: out of bound pointer",
      "witness": {
        "stdin": "out_of_bound_pointer_line_58.stdin",
        "scanf": "out_of_bound_pointer_line_58.scanf"
      }
    },
    {
      "file": "proj1.c",
      "line": 83,
      "error": "memory error: out of bound pointer",
      "witness": {
        "stdin": "out_of_bound_pointer_line_83.stdin",
        "scanf": "out_of_bound_pointer_line_83.scanf"
      }
    },
    {
      "file": "proj1.c",
      "line": 86,
      "error": "memory error: out of bound pointer",
      "witness": {
        "stdin": "out_of_bound_pointer_line_86.stdin",
        "scanf": "out_of_bound_pointer_line_86.scanf"
      }
    },
    {
      "file": "proj1.c",
      "line": 152,
      "error": "memory error: out of bound pointer",
      "witness": {
        "stdin": "out_of_bound_pointer_line_152.stdin",
        "scanf": "out_of_bound_pointer_line_152.scanf"
      }
    },
    {
      "file": "proj1.c",
      "line": 168,
      "error": "memory error: out of bound pointer",
      "witness": {
        "stdin": "out_of_bound_pointer_line_168.stdin",
        "scanf": "out_of_bound_pointer_line_168.scanf"
      }
    },
    {
      "file": "proj1.c",
      "line": 152,
      "error": "memory error: object read only",
      "witness": {
        "stdin": "object_read_only_line_152.stdin",
        "scanf": "object_read_only_line_152.scanf"
      }
    }
  ]
}