{
  "name": "Project_147",
  "errors": [
    {
      "file": "proj1.c",
      "line": 527,
      "error": "memory error: object read only",
      "witness": {
        "stdin": "object_read_only_line_527.stdin",
        "scanf": "object_read_only_line_527.scanf"
      }
    },
    {
      "file": "proj1.c",
      "line": 506,
      "error": "memory error: out of bound pointer",
      "witness": {
        "stdin": "out_of_bound_pointer_line_506.stdin",
        "scanf": "out_of_bound_pointer_line_506.scanf"
      }
    },
    {
      "file": "proj1.c",
      "line": 180,
      "error": "memory error: out of bound pointer",
      "witness": {
        "stdin": "out_of_bound_pointer_line_180.stdin",
        "scanf": "out_of_bound_pointer_line_180.scanf"
      }
    },
    {
      "file": "proj1.c",
      "line": 622,
      "error": "memory error: out of bound pointer",
      "witness": {
        "stdin": "out_of_bound_pointer_line_622.stdin",
        "scanf": "out_of_bound_pointer_line_622.scanf"
      }
    },
    {
      "file": "proj1.c",
      "line": 213,
      "error": "memory error: out of bound pointer",
      "witness": {
        "stdin": "out_of_bound_pointer_line_213.stdin",
        "scanf": "out_of_bound_pointer_line_213.scanf"
      }
    },
    {
      "file": "proj1.c",
      "line": 446,
      "error": "memory error: object read only",
      "witness": {
        "stdin": "object_read_only_line_446.stdin",
        "scanf": "object_read_only_line_446.scanf"
      }
    },
    {
      "file": "proj1.c",
      "line": 527,
      "error": "memory error: out of bound pointer",
      "witness": {
        "stdin": "out_of_bound_pointer_line_527.stdin",
        "scanf": "out_of_bound_pointer_line_527.scanf"
      }
    },
    {
      "file": "proj1.c",
      "line": 199,
      "error": "memory error: out of bound pointer",
      "witness": {
        "stdin": "out_of_bound_pointer_line_199.stdin",
        "scanf": "out_of_bound_pointer_line_199.scanf"
      }
    },
    {
      "file": "proj1.c",
      "line": 413,
      "error": "memory error: out of bound pointer",
      "witness": {
        "stdin": "out_of_bound_pointer_line_413.stdin",
        "scanf": "out_of_bound_pointer_line_413.scanf"
      }
    },
    {
      "file": "proj1.c",
      "line": 620,
      "error": "memory error: out of bound pointer",
      "witness": {
        "stdin": "out_of_bound_pointer_line_620.stdin",
        "scanf": "out_of_bound_pointer_line_620.scanf"
      }
    },
    {
      "file": "proj1.c",
      "line": 178,
      "error": "memory error: out of bound pointer",
      "witness": {
        "stdin": "out_of_bound_pointer_line_178.stdin",
        "scanf": "out_of_bound_pointer_line_178.scanf"
      }
    },
    {
      "file": "proj1.c",
      "line": 368,
      "error": "memory error: out of bound pointer",
      "witness": {
        "stdin": "out_of_bound_pointer_line_368.stdin",
        "scanf": "out_of_bound_pointer_line_368.scanf"
      }
    },
    {
      "file": "proj1.c",
      "line": 457,
      "error": "memory error: out of bound pointer",
      "witness": {
        "stdin": "out_of_bound_pointer_line_457.stdin",
        "scanf": "out_of_bound_pointer_line_457.scanf"
      }
    },
    {
      "file": "proj1.c",
      "line": 156,
      "error": "memory error: out of bound pointer",
      "witness": {
        "stdin": "out_of_bound_pointer_line_156.stdin",
        "scanf": "out_of_bound_pointer_line_156.scanf"
      }
    },
    {
      "file": "proj1.c",
      "line": 368,
      "error": "memory error: object read only",
      "witness": {
        "stdin": "object_read_only_line_368.stdin",
        "scanf": "object_read_only_line_368.scanf"
      }
    }
  ]
}