{
  "name": "Project_327",
  "errors": [
    {
      "file": "proj.c",
      "line": 167,
      "error": "memory error: object read only",
      "witness": {
        "stdin": "object_read_only_line_167.stdin",
        "scanf": "object_read_only_line_167.scanf"
      }
    },
    {
      "file": "proj.c",
      "line": 111,
      "error": "memory error: out of bound pointer",
      "witness": {
        "stdin": "out_of_bound_pointer_line_111.stdin",
        "scanf": "out_of_bound_pointer_line_111.scanf"
      }
    },
    {
      "file": "proj.c",
      "line": 94,
      "error": "memory error: out of bound pointer",
      "witness": {
        "stdin": "out_of_bound_pointer_line_94.stdin",
        "scanf": "out_of_bound_pointer_line_94.scanf"
      }
    },
    {
      "file": "proj.c",
      "line": 132,
      "error": "memory error: out of bound pointer",
      "witness": {
        "stdin": "out_of_bound_pointer_line_132.stdin",
        "scanf": "out_of_bound_pointer_line_132.scanf"
      }
    },
    {
      "file": "proj.c",
      "line": 94,
      "error": "memory error: object read only",
      "witness": {
        "stdin": "object_read_only_line_94.stdin",
        "scanf": "object_read_only_line_94.scanf"
      }
    },
    {
      "file": "proj.c",
      "line": 112,
      "error": "memory error: out of bound pointer",
      "witness": {
        "stdin": "out_of_bound_pointer_line_112.stdin",
        "scanf": "out_of_bound_pointer_line_112.scanf"
      }
    },
    {
      "file": "proj.c",
      "line": 167,
      "error": "memory error: out of bound pointer",
      "witness": {
        "stdin": "out_of_bound_pointer_line_167.stdin",
        "scanf": "out_of_bound_pointer_line_167.scanf"
      }
    }
  ]
}