{
  "name": "Project_362",
  "errors": [
    {
      "file": "ProjetoJoseMateusIAED1920.c",
      "line": 329,
      "error": "memory error: out of bound pointer",
      "witness": {
        "stdin": "out_of_bound_pointer_line_329.stdin",
        "scanf": "out_of_bound_pointer_line_329.scanf"
      }
    },
    {
      "file": "ProjetoJoseMateusIAED1920.c",
      "line": 260,
      "error": "memory error: out of bound pointer",
      "witness": {
        "stdin": "out_of_bound_pointer_line_260.stdin",
        "scanf": "out_of_bound_pointer_line_260.scanf"
      }
    },
    {
      "file": "ProjetoJoseMateusIAED1920.c",
      "line": 184,
      "error": "memory error: out of bound pointer",
      "witness": {
        "stdin": "out_of_bound_pointer_line_184.stdin",
        "scanf": "out_of_bound_pointer_line_184.scanf"
      }
    },
    {
      "file": "ProjetoJoseMateusIAED1920.c",
      "line": 184,
      "error": "memory error: object read only",
      "witness": {
        "stdin": "object_read_only_line_184.stdin",
        "scanf": "object_read_only_line_184.scanf"
      }
    },
    {
      "file": "ProjetoJoseMateusIAED1920.c",
      "line": 420,
      "error": "memory error: out of bound pointer",
      "witness": {
        "stdin": "out_of_bound_pointer_line_420.stdin",
        "scanf": "out_of_bound_pointer_line_420.scanf"
      }
    },
    {
      "file": "ProjetoJoseMateusIAED1920.c",
      "line": 264,
      "error": "memory error: object read only",
      "witness": {
        "stdin": "object_read_only_line_264.stdin",
        "scanf": "object_read_only_line_264.scanf"
      }
    },
    {
      "file": "ProjetoJoseMateusIAED1920.c",
      "line": 329,
      "error": "memory error: object read only",
      "witness": {
        "stdin": "object_read_only_line_329.stdin",
        "scanf": "object_read_only_line_329.scanf"
      }
    }
  ]
}