{
  "name": "Project_370",
  "errors": [
    {
      "file": "funcional.c",
      "line": -1,
      "error": "memory error: out of bound pointer",
      "witness": {
        "stdin": "out_of_bound_pointer_line_-1.stdin",
        "scanf": "out_of_bound_pointer_line_-1.scanf"
      }
    },
    {
      "file": "funcional.c",
      "line": 281,
      "error": "memory error: out of bound pointer",
      "witness": {
        "stdin": "out_of_bound_pointer_line_281.stdin",
        "scanf": "out_of_bound_pointer_line_281.scanf"
      }
    },
    {
      "file": "funcional.c",
      "line": 307,
      "error": "memory error: out of bound pointer",
      "witness": {
        "stdin": "out_of_bound_pointer_line_307.stdin",
        "scanf": "out_of_bound_pointer_line_307.scanf"
      }
    },
    {
      "file": "funcional.c",
      "line": -1,
      "error": "memory error: out of bound pointer",
      "witness": {
        "stdin": "out_of_bound_pointer_line_-1.stdin",
        "scanf": "out_of_bound_pointer_line_-1.scanf"
      }
    },
    {
      "file": "funcional.c",
      "line": 251,
      "error": "memory error: object read only",
      "witness": {
        "stdin": "object_read_only_line_251.stdin",
        "scanf": "object_read_only_line_251.scanf"
      }
    },
    {
      "file": "funcional.c",
      "line": 281,
      "error": "memory error: object read only",
      "witness": {
        "stdin": "object_read_only_line_281.stdin",
        "scanf": "object_read_only_line_281.scanf"
      }
    },
    {
      "file": "funcional.c",
      "line": 222,
      "error": "memory error: out of bound pointer",
      "witness": {
        "stdin": "out_of_bound_pointer_line_222.stdin",
        "scanf": "out_of_bound_pointer_line_222.scanf"
      }
    },
    {
      "file": "funcional.c",
      "line": 198,
      "error": "memory error: out of bound pointer",
      "witness": {
        "stdin": "out_of_bound_pointer_line_198.stdin",
        "scanf": "out_of_bound_pointer_line_198.scanf"
      }
    },
    {
      "file": "funcional.c",
      "line": 198,
      "error": "memory error: object read only",
      "witness": {
        "stdin": "object_read_only_line_198.stdin",
        "scanf": "object_read_only_line_198.scanf"
      }
    }
  ]
}