{
  "name": "Project_244",
  "errors": [
    {
      "file": "proj1.c",
      "line": 51,
      "error": "memory error: out of bound pointer",
      "witness": {
        "stdin": "out_of_bound_pointer_line_51.stdin",
        "scanf": "out_of_bound_pointer_line_51.scanf"
      }
    },
    {
      "file": "proj1.c",
      "line": 54,
      "error": "memory error: out of bound pointer",
      "witness": {
        "stdin": "out_of_bound_pointer_line_54.stdin",
        "scanf": "out_of_bound_pointer_line_54.scanf"
      }
    }
  ]
}