{
  "name": "Project_15",
  "errors": [
    {
      "file": "orders.c",
      "line": 58,
      "error": "memory error: out of bound pointer",
      "witness": {
        "stdin": "out_of_bound_pointer_line_58.stdin",
        "scanf": "out_of_bound_pointer_line_58.scanf"
      }
    },
    {
      "file": "order.c",
      "line": -1,
      "error": "memory error: out of bound pointer",
      "witness": {
        "stdin": "out_of_bound_pointer_line_-1.stdin",
        "scanf": "out_of_bound_pointer_line_-1.scanf"
      }
    },
    {
      "file": "order.c",
      "line": 55,
      "error": "memory error: out of bound pointer",
      "witness": {
        "stdin": "out_of_bound_pointer_line_55.stdin",
        "scanf": "out_of_bound_pointer_line_55.scanf"
      }
    }
  ]
}