{
  "name": "Project_315",
  "errors": [
    {
      "file": "proj1.c",
      "line": 67,
      "error": "memory error: object read only",
      "witness": {
        "stdin": "object_read_only_line_67.stdin",
        "scanf": "object_read_only_line_67.scanf"
      }
    },
    {
      "file": "proj1.c",
      "line": 67,
      "error": "memory error: out of bound pointer",
      "witness": {
        "stdin": "out_of_bound_pointer_line_67.stdin",
        "scanf": "out_of_bound_pointer_line_67.scanf"
      }
    },
    {
      "file": "proj1.c",
      "line": 394,
      "error": "memory error: out of bound pointer",
      "witness": {
        "stdin": "out_of_bound_pointer_line_394.stdin",
        "scanf": "out_of_bound_pointer_line_394.scanf"
      }
    },
    {
      "file": "proj1.c",
      "line": 96,
      "error": "memory error: out of bound pointer",
      "witness": {
        "stdin": "out_of_bound_pointer_line_96.stdin",
        "scanf": "out_of_bound_pointer_line_96.scanf"
      }
    },
    {
      "file": "proj1.c",
      "line": 99,
      "error": "memory error: out of bound pointer",
      "witness": {
        "stdin": "out_of_bound_pointer_line_99.stdin",
        "scanf": "out_of_bound_pointer_line_99.scanf"
      }
    },
    {
      "file": "proj1.c",
      "line": 161,
      "error": "memory error: out of bound pointer",
      "witness": {
        "stdin": "out_of_bound_pointer_line_161.stdin",
        "scanf": "out_of_bound_pointer_line_161.scanf"
      }
    },
    {
      "file": "proj1.c",
      "line": 217,
      "error": "memory error: out of bound pointer",
      "witness": {
        "stdin": "out_of_bound_pointer_line_217.stdin",
        "scanf": "out_of_bound_pointer_line_217.scanf"
      }
    },
    {
      "file": "proj1.c",
      "line": 217,
      "error": "memory error: object read only",
      "witness": {
        "stdin": "object_read_only_line_217.stdin",
        "scanf": "object_read_only_line_217.scanf"
      }
    }
  ]
}