{
  "name": "Project_69",
  "errors": [
    {
      "file": "projeto_1_fim.c",
      "line": 234,
      "error": "memory error: out of bound pointer",
      "witness": {
        "stdin": "out_of_bound_pointer_line_234.stdin",
        "scanf": "out_of_bound_pointer_line_234.scanf"
      }
    },
    {
      "file": "projeto_1_fim.c",
      "line": 349,
      "error": "memory error: out of bound pointer",
      "witness": {
        "stdin": "out_of_bound_pointer_line_349.stdin",
        "scanf": "out_of_bound_pointer_line_349.scanf"
      }
    }
  ]
}