{
  "name": "Project_265",
  "errors": [
    {
      "file": "proj1.c",
      "line": 322,
      "error": "memory error: out of bound pointer",
      "witness": {
        "stdin": "out_of_bound_pointer_line_322.stdin",
        "scanf": "out_of_bound_pointer_line_322.scanf"
      }
    },
    {
      "file": "proj1.c",
      "line": 126,
      "error": "memory error: out of bound pointer",
      "witness": {
        "stdin": "out_of_bound_pointer_line_126.stdin",
        "scanf": "out_of_bound_pointer_line_126.scanf"
      }
    },
    {
      "file": "proj1.c",
      "line": 104,
      "error": "memory error: out of bound pointer",
      "witness": {
        "stdin": "out_of_bound_pointer_line_104.stdin",
        "scanf": "out_of_bound_pointer_line_104.scanf"
      }
    }
  ]
}