{
  "name": "Project_148",
  "errors": [
    {
      "file": "EQUIPAS.c",
      "line": 76,
      "error": "memory error: out of bound pointer",
      "witness": {
        "stdin": "out_of_bound_pointer_line_76.stdin",
        "scanf": "out_of_bound_pointer_line_76.scanf"
      }
    },
    {
      "file": "JOGOS.c",
      "line": 89,
      "error": "memory error: out of bound pointer",
      "witness": {
        "stdin": "out_of_bound_pointer_line_89.stdin",
        "scanf": "out_of_bound_pointer_line_89.scanf"
      }
    }
  ]
}