{
  "name": "Project_317",
  "errors": [
    {
      "file": "main.c",
      "line": 140,
      "error": "memory error: out of bound pointer",
      "witness": {
        "stdin": "out_of_bound_pointer_line_140.stdin",
        "scanf": "out_of_bound_pointer_line_140.scanf"
      }
    },
    {
      "file": "main.c",
      "line": 157,
      "error": "memory error: out of bound pointer",
      "witness": {
        "stdin": "out_of_bound_pointer_line_157.stdin",
        "scanf": "out_of_bound_pointer_line_157.scanf"
      }
    }
  ]
}