{
  "name": "Project_23",
  "errors": [
    {
      "file": "proj1_90398.c",
      "line": 165,
      "error": "memory error: out of bound pointer",
      "witness": {
        "stdin": "out_of_bound_pointer_line_165.stdin",
        "scanf": "out_of_bound_pointer_line_165.scanf"
      }
    },
    {
      "file": "proj1_90398.c",
      "line": 530,
      "error": "memory error: out of bound pointer",
      "witness": {
        "stdin": "out_of_bound_pointer_line_530.stdin",
        "scanf": "out_of_bound_pointer_line_530.scanf"
      }
    }
  ]
}