{
  "name": "Project_107",
  "errors": [
    {
      "file": "proj1.c",
      "line": 53,
      "error": "memory error: out of bound pointer",
      "witness": {
        "stdin": "out_of_bound_pointer_line_53.stdin",
        "scanf": "out_of_bound_pointer_line_53.scanf"
      }
    },
    {
      "file": "proj1.c",
      "line": 58,
      "error": "memory error: out of bound pointer",
      "witness": {
        "stdin": "out_of_bound_pointer_line_58.stdin",
        "scanf": "out_of_bound_pointer_line_58.scanf"
      }
    }
  ]
}