{
  "name": "Project_196",
  "errors": [
    {
      "file": "proj1.c",
      "line": 197,
      "error": "memory error: out of bound pointer",
      "witness": {
        "stdin": "out_of_bound_pointer_line_197.stdin",
        "scanf": "out_of_bound_pointer_line_197.scanf"
      }
    },
    {
      "file": "proj1.c",
      "line": 354,
      "error": "memory error: out of bound pointer",
      "witness": {
        "stdin": "out_of_bound_pointer_line_354.stdin",
        "scanf": "out_of_bound_pointer_line_354.scanf"
      }
    },
    {
      "file": "proj1.c",
      "line": 332,
      "error": "memory error: out of bound pointer",
      "witness": {
        "stdin": "out_of_bound_pointer_line_332.stdin",
        "scanf": "out_of_bound_pointer_line_332.scanf"
      }
    },
    {
      "file": "proj1.c",
      "line": 332,
      "error": "memory error: object read only",
      "witness": {
        "stdin": "object_read_only_line_332.stdin",
        "scanf": "object_read_only_line_332.scanf"
      }
    },
    {
      "file": "proj1.c",
      "line": 232,
      "error": "memory error: out of bound pointer",
      "witness": {
        "stdin": "out_of_bound_pointer_line_232.stdin",
        "scanf": "out_of_bound_pointer_line_232.scanf"
      }
    },
    {
      "file": "proj1.c",
      "line": 197,
      "error": "memory error: object read only",
      "witness": {
        "stdin": "object_read_only_line_197.stdin",
        "scanf": "object_read_only_line_197.scanf"
      }
    },
    {
      "file": "proj1.c",
      "line": 269,
      "error": "memory error: object read only",
      "witness": {
        "stdin": "object_read_only_line_269.stdin",
        "scanf": "object_read_only_line_269.scanf"
      }
    },
    {
      "file": "proj1.c",
      "line": 264,
      "error": "memory error: out of bound pointer",
      "witness": {
        "stdin": "out_of_bound_pointer_line_264.stdin",
        "scanf": "out_of_bound_pointer_line_264.scanf"
      }
    }
  ]
}