{
  "name": "Project_98",
  "errors": [
    {
      "file": "proj_final.c",
      "line": 460,
      "error": "memory error: object read only",
      "witness": {
        "stdin": "object_read_only_line_460.stdin",
        "scanf": "object_read_only_line_460.scanf"
      }
    },
    {
      "file": "proj_final.c",
      "line": 745,
      "error": "memory error: out of bound pointer",
      "witness": {
        "stdin": "out_of_bound_pointer_line_745.stdin",
        "scanf": "out_of_bound_pointer_line_745.scanf"
      }
    },
    {
      "file": "proj_final.c",
      "line": 358,
      "error": "memory error: out of bound pointer",
      "witness": {
        "stdin": "out_of_bound_pointer_line_358.stdin",
        "scanf": "out_of_bound_pointer_line_358.scanf"
      }
    },
    {
      "file": "proj_final.c",
      "line": 243,
      "error": "memory error: out of bound pointer",
      "witness": {
        "stdin": "out_of_bound_pointer_line_243.stdin",
        "scanf": "out_of_bound_pointer_line_243.scanf"
      }
    },
    {
      "file": "proj_final.c",
      "line": 460,
      "error": "memory error: out of bound pointer",
      "witness": {
        "stdin": "out_of_bound_pointer_line_460.stdin",
        "scanf": "out_of_bound_pointer_line_460.scanf"
      }
    },
    {
      "file": "proj_final.c",
      "line": 119,
      "error": "memory error: out of bound pointer",
      "witness": {
        "stdin": "out_of_bound_pointer_line_119.stdin",
        "scanf": "out_of_bound_pointer_line_119.scanf"
      }
    },
    {
      "file": "proj_final.c",
      "line": 243,
      "error": "memory error: object read only",
      "witness": {
        "stdin": "object_read_only_line_243.stdin",
        "scanf": "object_read_only_line_243.scanf"
      }
    },
    {
      "file": "proj_final.c",
      "line": 304,
      "error": "memory error: out of bound pointer",
      "witness": {
        "stdin": "out_of_bound_pointer_line_304.stdin",
        "scanf": "out_of_bound_pointer_line_304.scanf"
      }
    },
    {
      "file": "proj_final.c",
      "line": 363,
      "error": "memory error: object read only",
      "witness": {
        "stdin": "object_read_only_line_363.stdin",
        "scanf": "object_read_only_line_363.scanf"
      }
    }
  ]
}