{
  "name": "Project_270",
  "errors": [
    {
      "file": "projeto70final.c",
      "line": 203,
      "error": "memory error: out of bound pointer",
      "witness": {
        "stdin": "out_of_bound_pointer_line_203.stdin",
        "scanf": "out_of_bound_pointer_line_203.scanf"
      }
    },
    {
      "file": "projeto70final.c",
      "line": 300,
      "error": "memory error: object read only",
      "witness": {
        "stdin": "object_read_only_line_300.stdin",
        "scanf": "object_read_only_line_300.scanf"
      }
    },
    {
      "file": "projeto70final.c",
      "line": 277,
      "error": "memory error: out of bound pointer",
      "witness": {
        "stdin": "out_of_bound_pointer_line_277.stdin",
        "scanf": "out_of_bound_pointer_line_277.scanf"
      }
    },
    {
      "file": "projeto70final.c",
      "line": 300,
      "error": "memory error: out of bound pointer",
      "witness": {
        "stdin": "out_of_bound_pointer_line_300.stdin",
        "scanf": "out_of_bound_pointer_line_300.scanf"
      }
    },
    {
      "file": "projeto70final.c",
      "line": 253,
      "error": "memory error: out of bound pointer",
      "witness": {
        "stdin": "out_of_bound_pointer_line_253.stdin",
        "scanf": "out_of_bound_pointer_line_253.scanf"
      }
    },
    {
      "file": "projeto70final.c",
      "line": 257,
      "error": "memory error: out of bound pointer",
      "witness": {
        "stdin": "out_of_bound_pointer_line_257.stdin",
        "scanf": "out_of_bound_pointer_line_257.scanf"
      }
    },
    {
      "file": "projeto70final.c",
      "line": 207,
      "error": "memory error: out of bound pointer",
      "witness": {
        "stdin": "out_of_bound_pointer_line_207.stdin",
        "scanf": "out_of_bound_pointer_line_207.scanf"
      }
    },
    {
      "file": "projeto70final.c",
      "line": 163,
      "error": "memory error: object read only",
      "witness": {
        "stdin": "object_read_only_line_163.stdin",
        "scanf": "object_read_only_line_163.scanf"
      }
    },
    {
      "file": "projeto70final.c",
      "line": 319,
      "error": "memory error: out of bound pointer",
      "witness": {
        "stdin": "out_of_bound_pointer_line_319.stdin",
        "scanf": "out_of_bound_pointer_line_319.scanf"
      }
    },
    {
      "file": "projeto70final.c",
      "line": 163,
      "error": "memory error: out of bound pointer",
      "witness": {
        "stdin": "out_of_bound_pointer_line_163.stdin",
        "scanf": "out_of_bound_pointer_line_163.scanf"
      }
    }
  ]
}