{
  "name": "Project_191",
  "errors": [
    {
      "file": "HashtableGame.c",
      "line": 185,
      "error": "memory error: out of bound pointer",
      "witness": {
        "stdin": "out_of_bound_pointer_line_185.stdin",
        "scanf": "out_of_bound_pointer_line_185.scanf"
      }
    },
    {
      "file": "HashtableTeam.c",
      "line": 185,
      "error": "memory error: out of bound pointer",
      "witness": {
        "stdin": "out_of_bound_pointer_line_185.stdin",
        "scanf": "out_of_bound_pointer_line_185.scanf"
      }
    }
  ]
}