{
  "name": "Project_139",
  "errors": [
    {
      "file": "proj1.c",
      "line": 160,
      "error": "memory error: object read only",
      "witness": {
        "stdin": "object_read_only_line_160.stdin",
        "scanf": "object_read_only_line_160.scanf"
      }
    },
    {
      "file": "proj1.c",
      "line": 459,
      "error": "memory error: out of bound pointer",
      "witness": {
        "stdin": "out_of_bound_pointer_line_459.stdin",
        "scanf": "out_of_bound_pointer_line_459.scanf"
      }
    },
    {
      "file": "proj1.c",
      "line": 449,
      "error": "memory error: out of bound pointer",
      "witness": {
        "stdin": "out_of_bound_pointer_line_449.stdin",
        "scanf": "out_of_bound_pointer_line_449.scanf"
      }
    },
    {
      "file": "proj1.c",
      "line": 511,
      "error": "memory error: out of bound pointer",
      "witness": {
        "stdin": "out_of_bound_pointer_line_511.stdin",
        "scanf": "out_of_bound_pointer_line_511.scanf"
      }
    },
    {
      "file": "proj1.c",
      "line": 406,
      "error": "memory error: out of bound pointer",
      "witness": {
        "stdin": "out_of_bound_pointer_line_406.stdin",
        "scanf": "out_of_bound_pointer_line_406.scanf"
      }
    },
    {
      "file": "proj1.c",
      "line": 160,
      "error": "memory error: out of bound pointer",
      "witness": {
        "stdin": "out_of_bound_pointer_line_160.stdin",
        "scanf": "out_of_bound_pointer_line_160.scanf"
      }
    },
    {
      "file": "proj1.c",
      "line": 747,
      "error": "memory error: out of bound pointer",
      "witness": {
        "stdin": "out_of_bound_pointer_line_747.stdin",
        "scanf": "out_of_bound_pointer_line_747.scanf"
      }
    },
    {
      "file": "proj1.c",
      "line": 192,
      "error": "memory error: out of bound pointer",
      "witness": {
        "stdin": "out_of_bound_pointer_line_192.stdin",
        "scanf": "out_of_bound_pointer_line_192.scanf"
      }
    },
    {
      "file": "proj1.c",
      "line": 485,
      "error": "memory error: out of bound pointer",
      "witness": {
        "stdin": "out_of_bound_pointer_line_485.stdin",
        "scanf": "out_of_bound_pointer_line_485.scanf"
      }
    },
    {
      "file": "proj1.c",
      "line": 485,
      "error": "memory error: object read only",
      "witness": {
        "stdin": "object_read_only_line_485.stdin",
        "scanf": "object_read_only_line_485.scanf"
      }
    },
    {
      "file": "proj1.c",
      "line": 755,
      "error": "memory error: out of bound pointer",
      "witness": {
        "stdin": "out_of_bound_pointer_line_755.stdin",
        "scanf": "out_of_bound_pointer_line_755.scanf"
      }
    },
    {
      "file": "proj1.c",
      "line": 385,
      "error": "memory error: out of bound pointer",
      "witness": {
        "stdin": "out_of_bound_pointer_line_385.stdin",
        "scanf": "out_of_bound_pointer_line_385.scanf"
      }
    }
  ]
}