{
  "name": "Project_172",
  "errors": [
    {
      "file": "proj1.v12.c",
      "line": 229,
      "error": "memory error: out of bound pointer",
      "witness": {
        "stdin": "out_of_bound_pointer_line_229.stdin",
        "scanf": "out_of_bound_pointer_line_229.scanf"
      }
    },
    {
      "file": "proj1.v12.c",
      "line": 335,
      "error": "memory error: out of bound pointer",
      "witness": {
        "stdin": "out_of_bound_pointer_line_335.stdin",
        "scanf": "out_of_bound_pointer_line_335.scanf"
      }
    }
  ]
}