{
  "name": "Project_283",
  "errors": [
    {
      "file": "proj1.c",
      "line": 180,
      "error": "memory error: out of bound pointer",
      "witness": {
        "stdin": "out_of_bound_pointer_line_180.stdin",
        "scanf": "out_of_bound_pointer_line_180.scanf"
      }
    },
    {
      "file": "proj1.c",
      "line": 183,
      "error": "memory error: out of bound pointer",
      "witness": {
        "stdin": "out_of_bound_pointer_line_183.stdin",
        "scanf": "out_of_bound_pointer_line_183.scanf"
      }
    }
  ]
}