{
  "name": "Project_29",
  "errors": [
    {
      "file": "Projeto1.c",
      "line": 59,
      "error": "memory error: out of bound pointer",
      "witness": {
        "stdin": "out_of_bound_pointer_line_59.stdin",
        "scanf": "out_of_bound_pointer_line_59.scanf"
      }
    },
    {
      "file": "Projeto1.c",
      "line": 58,
      "error": "memory error: out of bound pointer",
      "witness": {
        "stdin": "out_of_bound_pointer_line_58.stdin",
        "scanf": "out_of_bound_pointer_line_58.scanf"
      }
    }
  ]
}