{
  "name": "Project_89",
  "errors": [
    {
      "file": "proj1.c",
      "line": 122,
      "error": "memory error: out of bound pointer",
      "witness": {
        "stdin": "out_of_bound_pointer_line_122.stdin",
        "scanf": "out_of_bound_pointer_line_122.scanf"
      }
    },
    {
      "file": "proj1.c",
      "line": 229,
      "error": "memory error: out of bound pointer",
      "witness": {
        "stdin": "out_of_bound_pointer_line_229.stdin",
        "scanf": "out_of_bound_pointer_line_229.scanf"
      }
    },
    {
      "file": "proj1.c",
      "line": 241,
      "error": "memory error: out of bound pointer",
      "witness": {
        "stdin": "out_of_bound_pointer_line_241.stdin",
        "scanf": "out_of_bound_pointer_line_241.scanf"
      }
    },
    {
      "file": "proj1.c",
      "line": 268,
      "error": "memory error: out of bound pointer",
      "witness": {
        "stdin": "out_of_bound_pointer_line_268.stdin",
        "scanf": "out_of_bound_pointer_line_268.scanf"
      }
    },
    {
      "file": "proj1.c",
      "line": 122,
      "error": "memory error: object read only",
      "witness": {
        "stdin": "object_read_only_line_122.stdin",
        "scanf": "object_read_only_line_122.scanf"
      }
    },
    {
      "file": "proj1.c",
      "line": 241,
      "error": "memory error: object read only",
      "witness": {
        "stdin": "object_read_only_line_241.stdin",
        "scanf": "object_read_only_line_241.scanf"
      }
    }
  ]
}