{
  "name": "Project_151",
  "errors": [
    {
      "file": "projeto1.c",
      "line": 187,
      "error": "memory error: out of bound pointer",
      "witness": {
        "stdin": "out_of_bound_pointer_line_187.stdin",
        "scanf": "out_of_bound_pointer_line_187.scanf"
      }
    },
    {
      "file": "projeto1.c",
      "line": 70,
      "error": "memory error: out of bound pointer",
      "witness": {
        "stdin": "out_of_bound_pointer_line_70.stdin",
        "scanf": "out_of_bound_pointer_line_70.scanf"
      }
    },
    {
      "file": "projeto1.c",
      "line": 207,
      "error": "memory error: out of bound pointer",
      "witness": {
        "stdin": "out_of_bound_pointer_line_207.stdin",
        "scanf": "out_of_bound_pointer_line_207.scanf"
      }
    },
    {
      "file": "projeto1.c",
      "line": 97,
      "error": "memory error: out of bound pointer",
      "witness": {
        "stdin": "out_of_bound_pointer_line_97.stdin",
        "scanf": "out_of_bound_pointer_line_97.scanf"
      }
    },
    {
      "file": "projeto1.c",
      "line": 207,
      "error": "memory error: object read only",
      "witness": {
        "stdin": "object_read_only_line_207.stdin",
        "scanf": "object_read_only_line_207.scanf"
      }
    },
    {
      "file": "projeto1.c",
      "line": 235,
      "error": "memory error: out of bound pointer",
      "witness": {
        "stdin": "out_of_bound_pointer_line_235.stdin",
        "scanf": "out_of_bound_pointer_line_235.scanf"
      }
    },
    {
      "file": "projeto1.c",
      "line": 136,
      "error": "memory error: out of bound pointer",
      "witness": {
        "stdin": "out_of_bound_pointer_line_136.stdin",
        "scanf": "out_of_bound_pointer_line_136.scanf"
      }
    },
    {
      "file": "projeto1.c",
      "line": 101,
      "error": "memory error: out of bound pointer",
      "witness": {
        "stdin": "out_of_bound_pointer_line_101.stdin",
        "scanf": "out_of_bound_pointer_line_101.scanf"
      }
    }
  ]
}