{
  "name": "Project_16",
  "errors": [
    {
      "file": "projeto1.c",
      "line": 181,
      "error": "memory error: out of bound pointer",
      "witness": {
        "stdin": "out_of_bound_pointer_line_181.stdin",
        "scanf": "out_of_bound_pointer_line_181.scanf"
      }
    },
    {
      "file": "projeto1.c",
      "line": 353,
      "error": "memory error: out of bound pointer",
      "witness": {
        "stdin": "out_of_bound_pointer_line_353.stdin",
        "scanf": "out_of_bound_pointer_line_353.scanf"
      }
    },
    {
      "file": "projeto1.c",
      "line": 216,
      "error": "memory error: out of bound pointer",
      "witness": {
        "stdin": "out_of_bound_pointer_line_216.stdin",
        "scanf": "out_of_bound_pointer_line_216.scanf"
      }
    },
    {
      "file": "projeto1.c",
      "line": 335,
      "error": "memory error: out of bound pointer",
      "witness": {
        "stdin": "out_of_bound_pointer_line_335.stdin",
        "scanf": "out_of_bound_pointer_line_335.scanf"
      }
    },
    {
      "file": "projeto1.c",
      "line": 181,
      "error": "memory error: object read only",
      "witness": {
        "stdin": "object_read_only_line_181.stdin",
        "scanf": "object_read_only_line_181.scanf"
      }
    },
    {
      "file": "projeto1.c",
      "line": 354,
      "error": "memory error: object read only",
      "witness": {
        "stdin": "object_read_only_line_354.stdin",
        "scanf": "object_read_only_line_354.scanf"
      }
    },
    {
      "file": "projeto1.c",
      "line": 221,
      "error": "memory error: out of bound pointer",
      "witness": {
        "stdin": "out_of_bound_pointer_line_221.stdin",
        "scanf": "out_of_bound_pointer_line_221.scanf"
      }
    },
    {
      "file": "projeto1.c",
      "line": 390,
      "error": "memory error: out of bound pointer",
      "witness": {
        "stdin": "out_of_bound_pointer_line_390.stdin",
        "scanf": "out_of_bound_pointer_line_390.scanf"
      }
    }
  ]
}