{
  "name": "Project_349",
  "errors": [
    {
      "file": "proj1.c",
      "line": 102,
      "error": "memory error: out of bound pointer",
      "witness": {
        "stdin": "out_of_bound_pointer_line_102.stdin",
        "scanf": "out_of_bound_pointer_line_102.scanf"
      }
    },
    {
      "file": "proj1.c",
      "line": 69,
      "error": "memory error: out of bound pointer",
      "witness": {
        "stdin": "out_of_bound_pointer_line_69.stdin",
        "scanf": "out_of_bound_pointer_line_69.scanf"
      }
    },
    {
      "file": "proj1.c",
      "line": 69,
      "error": "memory error: object read only",
      "witness": {
        "stdin": "object_read_only_line_69.stdin",
        "scanf": "object_read_only_line_69.scanf"
      }
    }
  ]
}