{
  "name": "Project_291",
  "errors": [
    {
      "file": "proj1_final.c",
      "line": 42,
      "error": "memory error: out of bound pointer",
      "witness": {
        "stdin": "out_of_bound_pointer_line_42.stdin",
        "scanf": "out_of_bound_pointer_line_42.scanf"
      }
    },
    {
      "file": "proj1_final.c",
      "line": 89,
      "error": "memory error: out of bound pointer",
      "witness": {
        "stdin": "out_of_bound_pointer_line_89.stdin",
        "scanf": "out_of_bound_pointer_line_89.scanf"
      }
    },
    {
      "file": "proj1_final.c",
      "line": 55,
      "error": "memory error: out of bound pointer",
      "witness": {
        "stdin": "out_of_bound_pointer_line_55.stdin",
        "scanf": "out_of_bound_pointer_line_55.scanf"
      }
    },
    {
      "file": "proj1_final.c",
      "line": 42,
      "error": "memory error: object read only",
      "witness": {
        "stdin": "object_read_only_line_42.stdin",
        "scanf": "object_read_only_line_42.scanf"
      }
    }
  ]
}