{
  "name": "Project_4",
  "errors": [
    {
      "file": "proj1.c",
      "line": 319,
      "error": "memory error: out of bound pointer",
      "witness": {
        "stdin": "out_of_bound_pointer_line_319.stdin",
        "scanf": "out_of_bound_pointer_line_319.scanf"
      }
    },
    {
      "file": "proj1.c",
      "line": 208,
      "error": "memory error: out of bound pointer",
      "witness": {
        "stdin": "out_of_bound_pointer_line_208.stdin",
        "scanf": "out_of_bound_pointer_line_208.scanf"
      }
    },
    {
      "file": "proj1.c",
      "line": 90,
      "error": "memory error: out of bound pointer",
      "witness": {
        "stdin": "out_of_bound_pointer_line_90.stdin",
        "scanf": "out_of_bound_pointer_line_90.scanf"
      }
    },
    {
      "file": "proj1.c",
      "line": 177,
      "error": "memory error: out of bound pointer",
      "witness": {
        "stdin": "out_of_bound_pointer_line_177.stdin",
        "scanf": "out_of_bound_pointer_line_177.scanf"
      }
    },
    {
      "file": "proj1.c",
      "line": 113,
      "error": "memory error: out of bound pointer",
      "witness": {
        "stdin": "out_of_bound_pointer_line_113.stdin",
        "scanf": "out_of_bound_pointer_line_113.scanf"
      }
    },
    {
      "file": "proj1.c",
      "line": 326,
      "error": "memory error: out of bound pointer",
      "witness": {
        "stdin": "out_of_bound_pointer_line_326.stdin",
        "scanf": "out_of_bound_pointer_line_326.scanf"
      }
    },
    {
      "file": "proj1.c",
      "line": 326,
      "error": "memory error: out of bound pointer",
      "witness": {
        "stdin": "out_of_bound_pointer_line_326.stdin",
        "scanf": "out_of_bound_pointer_line_326.scanf"
      }
    },
    {
      "file": "proj1.c",
      "line": 319,
      "error": "memory error: object read only",
      "witness": {
        "stdin": "object_read_only_line_319.stdin",
        "scanf": "object_read_only_line_319.scanf"
      }
    },
    {
      "file": "proj1.c",
      "line": 434,
      "error": "memory error: out of bound pointer",
      "witness": {
        "stdin": "out_of_bound_pointer_line_434.stdin",
        "scanf": "out_of_bound_pointer_line_434.scanf"
      }
    },
    {
      "file": "proj1.c",
      "line": 233,
      "error": "memory error: out of bound pointer",
      "witness": {
        "stdin": "out_of_bound_pointer_line_233.stdin",
        "scanf": "out_of_bound_pointer_line_233.scanf"
      }
    },
    {
      "file": "proj1.c",
      "line": 147,
      "error": "memory error: out of bound pointer",
      "witness": {
        "stdin": "out_of_bound_pointer_line_147.stdin",
        "scanf": "out_of_bound_pointer_line_147.scanf"
      }
    },
    {
      "file": "proj1.c",
      "line": 233,
      "error": "memory error: object read only",
      "witness": {
        "stdin": "object_read_only_line_233.stdin",
        "scanf": "object_read_only_line_233.scanf"
      }
    }
  ]
}