{
  "name": "Project_263",
  "errors": [
    {
      "file": "Projeto2MaisSimples.c",
      "line": 56,
      "error": "memory error: out of bound pointer",
      "witness": {
        "stdin": "out_of_bound_pointer_line_56.stdin",
        "scanf": "out_of_bound_pointer_line_56.scanf"
      }
    },
    {
      "file": "Projeto2MaisSimples.c",
      "line": 94,
      "error": "memory error: out of bound pointer",
      "witness": {
        "stdin": "out_of_bound_pointer_line_94.stdin",
        "scanf": "out_of_bound_pointer_line_94.scanf"
      }
    }
  ]
}