{
  "name": "Project_45",
  "errors": [
    {
      "file": "equipa.c",
      "line": 61,
      "error": "memory error: out of bound pointer",
      "witness": {
        "stdin": "out_of_bound_pointer_line_61.stdin",
        "scanf": "out_of_bound_pointer_line_61.scanf"
      }
    },
    {
      "file": "jogo.c",
      "line": 256,
      "error": "memory error: out of bound pointer",
      "witness": {
        "stdin": "out_of_bound_pointer_line_256.stdin",
        "scanf": "out_of_bound_pointer_line_256.scanf"
      }
    },
    {
      "file": "jogo.c",
      "line": 115,
      "error": "memory error: out of bound pointer",
      "witness": {
        "stdin": "out_of_bound_pointer_line_115.stdin",
        "scanf": "out_of_bound_pointer_line_115.scanf"
      }
    }
  ]
}