{
  "name": "Project_32",
  "errors": [
    {
      "file": "proj1.c",
      "line": 226,
      "error": "memory error: out of bound pointer",
      "witness": {
        "stdin": "out_of_bound_pointer_line_226.stdin",
        "scanf": "out_of_bound_pointer_line_226.scanf"
      }
    },
    {
      "file": "proj1.c",
      "line": 226,
      "error": "memory error: object read only",
      "witness": {
        "stdin": "object_read_only_line_226.stdin",
        "scanf": "object_read_only_line_226.scanf"
      }
    },
    {
      "file": "proj1.c",
      "line": 257,
      "error": "memory error: out of bound pointer",
      "witness": {
        "stdin": "out_of_bound_pointer_line_257.stdin",
        "scanf": "out_of_bound_pointer_line_257.scanf"
      }
    },
    {
      "file": "proj1.c",
      "line": 185,
      "error": "memory error: out of bound pointer",
      "witness": {
        "stdin": "out_of_bound_pointer_line_185.stdin",
        "scanf": "out_of_bound_pointer_line_185.scanf"
      }
    },
    {
      "file": "proj1.c",
      "line": 175,
      "error": "memory error: out of bound pointer",
      "witness": {
        "stdin": "out_of_bound_pointer_line_175.stdin",
        "scanf": "out_of_bound_pointer_line_175.scanf"
      }
    },
    {
      "file": "proj1.c",
      "line": 138,
      "error": "memory error: out of bound pointer",
      "witness": {
        "stdin": "out_of_bound_pointer_line_138.stdin",
        "scanf": "out_of_bound_pointer_line_138.scanf"
      }
    },
    {
      "file": "proj1.c",
      "line": 138,
      "error": "memory error: object read only",
      "witness": {
        "stdin": "object_read_only_line_138.stdin",
        "scanf": "object_read_only_line_138.scanf"
      }
    },
    {
      "file": "proj1.c",
      "line": 226,
      "error": "memory error: out of bound pointer",
      "witness": {
        "stdin": "out_of_bound_pointer_line_226.stdin",
        "scanf": "out_of_bound_pointer_line_226.scanf"
      }
    },
    {
      "file": "proj1.c",
      "line": 201,
      "error": "memory error: out of bound pointer",
      "witness": {
        "stdin": "out_of_bound_pointer_line_201.stdin",
        "scanf": "out_of_bound_pointer_line_201.scanf"
      }
    },
    {
      "file": "proj1.c",
      "line": 185,
      "error": "memory error: object read only",
      "witness": {
        "stdin": "object_read_only_line_185.stdin",
        "scanf": "object_read_only_line_185.scanf"
      }
    },
    {
      "file": "proj1.c",
      "line": 277,
      "error": "memory error: out of bound pointer",
      "witness": {
        "stdin": "out_of_bound_pointer_line_277.stdin",
        "scanf": "out_of_bound_pointer_line_277.scanf"
      }
    },
    {
      "file": "proj1.c",
      "line": 257,
      "error": "memory error: object read only",
      "witness": {
        "stdin": "object_read_only_line_257.stdin",
        "scanf": "object_read_only_line_257.scanf"
      }
    }
  ]
}