{
  "name": "Project_17",
  "errors": [
    {
      "file": "proj1_87318.c",
      "line": 670,
      "error": "memory error: out of bound pointer",
      "witness": {
        "stdin": "out_of_bound_pointer_line_670.stdin",
        "scanf": "out_of_bound_pointer_line_670.scanf"
      }
    },
    {
      "file": "proj1_87318.c",
      "line": 65,
      "error": "memory error: out of bound pointer",
      "witness": {
        "stdin": "out_of_bound_pointer_line_65.stdin",
        "scanf": "out_of_bound_pointer_line_65.scanf"
      }
    }
  ]
}