{
  "name": "Project_241",
  "errors": [
    {
      "file": "prj1.c",
      "line": 53,
      "error": "memory error: out of bound pointer",
      "witness": {
        "stdin": "out_of_bound_pointer_line_53.stdin",
        "scanf": "out_of_bound_pointer_line_53.scanf"
      }
    },
    {
      "file": "prj1.c",
      "line": 273,
      "error": "memory error: out of bound pointer",
      "witness": {
        "stdin": "out_of_bound_pointer_line_273.stdin",
        "scanf": "out_of_bound_pointer_line_273.scanf"
      }
    }
  ]
}