{
  "name": "Project_105",
  "errors": [
    {
      "file": "proj1.c",
      "line": 285,
      "error": "memory error: out of bound pointer",
      "witness": {
        "stdin": "out_of_bound_pointer_line_285.stdin",
        "scanf": "out_of_bound_pointer_line_285.scanf"
      }
    },
    {
      "file": "proj1.c",
      "line": 305,
      "error": "memory error: out of bound pointer",
      "witness": {
        "stdin": "out_of_bound_pointer_line_305.stdin",
        "scanf": "out_of_bound_pointer_line_305.scanf"
      }
    },
    {
      "file": "proj1.c",
      "line": 305,
      "error": "memory error: object read only",
      "witness": {
        "stdin": "object_read_only_line_305.stdin",
        "scanf": "object_read_only_line_305.scanf"
      }
    },
    {
      "file": "proj1.c",
      "line": 152,
      "error": "memory error: out of bound pointer",
      "witness": {
        "stdin": "out_of_bound_pointer_line_152.stdin",
        "scanf": "out_of_bound_pointer_line_152.scanf"
      }
    }
  ]
}