{
  "name": "Project_23",
  "errors": [
    {
      "file": "teste.c",
      "line": 151,
      "error": "memory error: out of bound pointer",
      "witness": {
        "stdin": "out_of_bound_pointer_line_151.stdin",
        "scanf": "out_of_bound_pointer_line_151.scanf"
      }
    },
    {
      "file": "teste.c",
      "line": 116,
      "error": "memory error: out of bound pointer",
      "witness": {
        "stdin": "out_of_bound_pointer_line_116.stdin",
        "scanf": "out_of_bound_pointer_line_116.scanf"
      }
    }
  ]
}