{
  "name": "Project_185",
  "errors": [
    {
      "file": "proj1.c",
      "line": 241,
      "error": "memory error: out of bound pointer",
      "witness": {
        "stdin": "out_of_bound_pointer_line_241.stdin",
        "scanf": "out_of_bound_pointer_line_241.scanf"
      }
    },
    {
      "file": "proj1.c",
      "line": 242,
      "error": "memory error: out of bound pointer",
      "witness": {
        "stdin": "out_of_bound_pointer_line_242.stdin",
        "scanf": "out_of_bound_pointer_line_242.scanf"
      }
    },
    {
      "file": "proj1.c",
      "line": 126,
      "error": "memory error: out of bound pointer",
      "witness": {
        "stdin": "out_of_bound_pointer_line_126.stdin",
        "scanf": "out_of_bound_pointer_line_126.scanf"
      }
    },
    {
      "file": "proj1.c",
      "line": 130,
      "error": "memory error: out of bound pointer",
      "witness": {
        "stdin": "out_of_bound_pointer_line_130.stdin",
        "scanf": "out_of_bound_pointer_line_130.scanf"
      }
    }
  ]
}