{
  "name": "Project_132",
  "errors": [
    {
      "file": "proj1.c",
      "line": 331,
      "error": "memory error: out of bound pointer",
      "witness": {
        "stdin": "out_of_bound_pointer_line_331.stdin",
        "scanf": "out_of_bound_pointer_line_331.scanf"
      }
    },
    {
      "file": "proj1.c",
      "line": 404,
      "error": "memory error: out of bound pointer",
      "witness": {
        "stdin": "out_of_bound_pointer_line_404.stdin",
        "scanf": "out_of_bound_pointer_line_404.scanf"
      }
    },
    {
      "file": "proj1.c",
      "line": 315,
      "error": "memory error: out of bound pointer",
      "witness": {
        "stdin": "out_of_bound_pointer_line_315.stdin",
        "scanf": "out_of_bound_pointer_line_315.scanf"
      }
    }
  ]
}