{
  "name": "Project_80",
  "errors": [
    {
      "file": "p2.c",
      "line": 339,
      "error": "memory error: out of bound pointer",
      "witness": {
        "stdin": "out_of_bound_pointer_line_339.stdin",
        "scanf": "out_of_bound_pointer_line_339.scanf"
      }
    },
    {
      "file": "p2.c",
      "line": 81,
      "error": "memory error: out of bound pointer",
      "witness": {
        "stdin": "out_of_bound_pointer_line_81.stdin",
        "scanf": "out_of_bound_pointer_line_81.scanf"
      }
    },
    {
      "file": "p2.c",
      "line": 339,
      "error": "memory error: object read only",
      "witness": {
        "stdin": "object_read_only_line_339.stdin",
        "scanf": "object_read_only_line_339.scanf"
      }
    },
    {
      "file": "p2.c",
      "line": 139,
      "error": "memory error: out of bound pointer",
      "witness": {
        "stdin": "out_of_bound_pointer_line_139.stdin",
        "scanf": "out_of_bound_pointer_line_139.scanf"
      }
    },
    {
      "file": "p2.c",
      "line": 351,
      "error": "memory error: out of bound pointer",
      "witness": {
        "stdin": "out_of_bound_pointer_line_351.stdin",
        "scanf": "out_of_bound_pointer_line_351.scanf"
      }
    }
  ]
}