{
  "name": "Project_389",
  "errors": [
    {
      "file": "proj1.c",
      "line": 253,
      "error": "memory error: out of bound pointer",
      "witness": {
        "stdin": "out_of_bound_pointer_line_253.stdin",
        "scanf": "out_of_bound_pointer_line_253.scanf"
      }
    },
    {
      "file": "proj1.c",
      "line": 323,
      "error": "memory error: out of bound pointer",
      "witness": {
        "stdin": "out_of_bound_pointer_line_323.stdin",
        "scanf": "out_of_bound_pointer_line_323.scanf"
      }
    }
  ]
}