{
  "name": "Project_135",
  "errors": [
    {
      "file": "proj1.c",
      "line": 191,
      "error": "memory error: out of bound pointer",
      "witness": {
        "stdin": "out_of_bound_pointer_line_191.stdin",
        "scanf": "out_of_bound_pointer_line_191.scanf"
      }
    },
    {
      "file": "proj1.c",
      "line": 238,
      "error": "memory error: out of bound pointer",
      "witness": {
        "stdin": "out_of_bound_pointer_line_238.stdin",
        "scanf": "out_of_bound_pointer_line_238.scanf"
      }
    },
    {
      "file": "proj1.c",
      "line": 129,
      "error": "memory error: out of bound pointer",
      "witness": {
        "stdin": "out_of_bound_pointer_line_129.stdin",
        "scanf": "out_of_bound_pointer_line_129.scanf"
      }
    },
    {
      "file": "proj1.c",
      "line": 108,
      "error": "memory error: out of bound pointer",
      "witness": {
        "stdin": "out_of_bound_pointer_line_108.stdin",
        "scanf": "out_of_bound_pointer_line_108.scanf"
      }
    },
    {
      "file": "proj1.c",
      "line": 129,
      "error": "memory error: object read only",
      "witness": {
        "stdin": "object_read_only_line_129.stdin",
        "scanf": "object_read_only_line_129.scanf"
      }
    },
    {
      "file": "proj1.c",
      "line": 223,
      "error": "memory error: out of bound pointer",
      "witness": {
        "stdin": "out_of_bound_pointer_line_223.stdin",
        "scanf": "out_of_bound_pointer_line_223.scanf"
      }
    },
    {
      "file": "proj1.c",
      "line": 191,
      "error": "memory error: object read only",
      "witness": {
        "stdin": "object_read_only_line_191.stdin",
        "scanf": "object_read_only_line_191.scanf"
      }
    },
    {
      "file": "proj1.c",
      "line": 191,
      "error": "memory error: out of bound pointer",
      "witness": {
        "stdin": "out_of_bound_pointer_line_191.stdin",
        "scanf": "out_of_bound_pointer_line_191.scanf"
      }
    },
    {
      "file": "proj1.c",
      "line": 223,
      "error": "memory error: object read only",
      "witness": {
        "stdin": "object_read_only_line_223.stdin",
        "scanf": "object_read_only_line_223.scanf"
      }
    },
    {
      "file": "proj1.c",
      "line": 176,
      "error": "memory error: object read only",
      "witness": {
        "stdin": "object_read_only_line_176.stdin",
        "scanf": "object_read_only_line_176.scanf"
      }
    }
  ]
}