{
  "name": "Project_260",
  "errors": [
    {
      "file": "main.c",
      "line": 58,
      "error": "memory error: out of bound pointer",
      "witness": {
        "stdin": "out_of_bound_pointer_line_58.stdin",
        "scanf": "out_of_bound_pointer_line_58.scanf"
      }
    },
    {
      "file": "main.c",
      "line": 269,
      "error": "invalid function pointer",
      "witness": {
        "stdin": "invalid_function_pointer_line_269.stdin",
        "scanf": "invalid_function_pointer_line_269.scanf"
      }
    },
    {
      "file": "main.c",
      "line": 191,
      "error": "memory error: out of bound pointer",
      "witness": {
        "stdin": "out_of_bound_pointer_line_191.stdin",
        "scanf": "out_of_bound_pointer_line_191.scanf"
      }
    },
    {
      "file": "main.c",
      "line": 223,
      "error": "memory error: out of bound pointer",
      "witness": {
        "stdin": "out_of_bound_pointer_line_223.stdin",
        "scanf": "out_of_bound_pointer_line_223.scanf"
      }
    }
  ]
}