{
  "name": "Project_97",
  "errors": [
    {
      "file": "proj1.c",
      "line": 161,
      "error": "memory error: out of bound pointer",
      "witness": {
        "stdin": "out_of_bound_pointer_line_161.stdin",
        "scanf": "out_of_bound_pointer_line_161.scanf"
      }
    },
    {
      "file": "proj1.c",
      "line": 535,
      "error": "memory error: out of bound pointer",
      "witness": {
        "stdin": "out_of_bound_pointer_line_535.stdin",
        "scanf": "out_of_bound_pointer_line_535.scanf"
      }
    },
    {
      "file": "proj1.c",
      "line": 346,
      "error": "memory error: out of bound pointer",
      "witness": {
        "stdin": "out_of_bound_pointer_line_346.stdin",
        "scanf": "out_of_bound_pointer_line_346.scanf"
      }
    },
    {
      "file": "proj1.c",
      "line": 346,
      "error": "memory error: object read only",
      "witness": {
        "stdin": "object_read_only_line_346.stdin",
        "scanf": "object_read_only_line_346.scanf"
      }
    },
    {
      "file": "proj1.c",
      "line": 323,
      "error": "memory error: out of bound pointer",
      "witness": {
        "stdin": "out_of_bound_pointer_line_323.stdin",
        "scanf": "out_of_bound_pointer_line_323.scanf"
      }
    },
    {
      "file": "proj1.c",
      "line": 263,
      "error": "memory error: out of bound pointer",
      "witness": {
        "stdin": "out_of_bound_pointer_line_263.stdin",
        "scanf": "out_of_bound_pointer_line_263.scanf"
      }
    },
    {
      "file": "proj1.c",
      "line": 161,
      "error": "memory error: object read only",
      "witness": {
        "stdin": "object_read_only_line_161.stdin",
        "scanf": "object_read_only_line_161.scanf"
      }
    }
  ]
}