{
  "name": "Project_215",
  "errors": [
    {
      "file": "Proj1.c",
      "line": 75,
      "error": "memory error: out of bound pointer",
      "witness": {
        "stdin": "out_of_bound_pointer_line_75.stdin",
        "scanf": "out_of_bound_pointer_line_75.scanf"
      }
    },
    {
      "file": "Proj1.c",
      "line": 51,
      "error": "memory error: out of bound pointer",
      "witness": {
        "stdin": "out_of_bound_pointer_line_51.stdin",
        "scanf": "out_of_bound_pointer_line_51.scanf"
      }
    },
    {
      "file": "Proj1.c",
      "line": 51,
      "error": "memory error: object read only",
      "witness": {
        "stdin": "object_read_only_line_51.stdin",
        "scanf": "object_read_only_line_51.scanf"
      }
    }
  ]
}