{
  "name": "Project_255",
  "errors": [
    {
      "file": "projeto1.c",
      "line": 149,
      "error": "memory error: out of bound pointer",
      "witness": {
        "stdin": "out_of_bound_pointer_line_149.stdin",
        "scanf": "out_of_bound_pointer_line_149.scanf"
      }
    },
    {
      "file": "projeto1.c",
      "line": 278,
      "error": "memory error: out of bound pointer",
      "witness": {
        "stdin": "out_of_bound_pointer_line_278.stdin",
        "scanf": "out_of_bound_pointer_line_278.scanf"
      }
    },
    {
      "file": "projeto1.c",
      "line": 48,
      "error": "memory error: out of bound pointer",
      "witness": {
        "stdin": "out_of_bound_pointer_line_48.stdin",
        "scanf": "out_of_bound_pointer_line_48.scanf"
      }
    }
  ]
}