{
  "name": "Project_21",
  "errors": [
    {
      "file": "proj1.c",
      "line": 118,
      "error": "memory error: out of bound pointer",
      "witness": {
        "stdin": "out_of_bound_pointer_line_118.stdin",
        "scanf": "out_of_bound_pointer_line_118.scanf"
      }
    },
    {
      "file": "proj1.c",
      "line": 89,
      "error": "memory error: out of bound pointer",
      "witness": {
        "stdin": "out_of_bound_pointer_line_89.stdin",
        "scanf": "out_of_bound_pointer_line_89.scanf"
      }
    },
    {
      "file": "proj1.c",
      "line": 154,
      "error": "memory error: out of bound pointer",
      "witness": {
        "stdin": "out_of_bound_pointer_line_154.stdin",
        "scanf": "out_of_bound_pointer_line_154.scanf"
      }
    },
    {
      "file": "proj1.c",
      "line": 198,
      "error": "memory error: out of bound pointer",
      "witness": {
        "stdin": "out_of_bound_pointer_line_198.stdin",
        "scanf": "out_of_bound_pointer_line_198.scanf"
      }
    },
    {
      "file": "proj1.c",
      "line": 89,
      "error": "memory error: object read only",
      "witness": {
        "stdin": "object_read_only_line_89.stdin",
        "scanf": "object_read_only_line_89.scanf"
      }
    },
    {
      "file": "proj1.c",
      "line": 122,
      "error": "memory error: out of bound pointer",
      "witness": {
        "stdin": "out_of_bound_pointer_line_122.stdin",
        "scanf": "out_of_bound_pointer_line_122.scanf"
      }
    }
  ]
}