{
  "name": "Project_114",
  "errors": [
    {
      "file": "proj1.c",
      "line": 266,
      "error": "memory error: out of bound pointer",
      "witness": {
        "stdin": "out_of_bound_pointer_line_266.stdin",
        "scanf": "out_of_bound_pointer_line_266.scanf"
      }
    },
    {
      "file": "proj1.c",
      "line": -1,
      "error": "memory error: out of bound pointer",
      "witness": {
        "stdin": "out_of_bound_pointer_line_-1.stdin",
        "scanf": "out_of_bound_pointer_line_-1.scanf"
      }
    }
  ]
}