{
  "name": "Project_386",
  "errors": [
    {
      "file": "proj1.c",
      "line": 208,
      "error": "memory error: object read only",
      "witness": {
        "stdin": "object_read_only_line_208.stdin",
        "scanf": "object_read_only_line_208.scanf"
      }
    },
    {
      "file": "proj1.c",
      "line": 208,
      "error": "memory error: out of bound pointer",
      "witness": {
        "stdin": "out_of_bound_pointer_line_208.stdin",
        "scanf": "out_of_bound_pointer_line_208.scanf"
      }
    },
    {
      "file": "proj1.c",
      "line": 166,
      "error": "memory error: out of bound pointer",
      "witness": {
        "stdin": "out_of_bound_pointer_line_166.stdin",
        "scanf": "out_of_bound_pointer_line_166.scanf"
      }
    }
  ]
}