{
  "name": "Project_94",
  "errors": [
    {
      "file": "proj1.c",
      "line": 335,
      "error": "memory error: out of bound pointer",
      "witness": {
        "stdin": "out_of_bound_pointer_line_335.stdin",
        "scanf": "out_of_bound_pointer_line_335.scanf"
      }
    },
    {
      "file": "proj1.c",
      "line": 336,
      "error": "memory error: out of bound pointer",
      "witness": {
        "stdin": "out_of_bound_pointer_line_336.stdin",
        "scanf": "out_of_bound_pointer_line_336.scanf"
      }
    },
    {
      "file": "proj1.c",
      "line": 354,
      "error": "memory error: object read only",
      "witness": {
        "stdin": "object_read_only_line_354.stdin",
        "scanf": "object_read_only_line_354.scanf"
      }
    },
    {
      "file": "proj1.c",
      "line": 261,
      "error": "memory error: out of bound pointer",
      "witness": {
        "stdin": "out_of_bound_pointer_line_261.stdin",
        "scanf": "out_of_bound_pointer_line_261.scanf"
      }
    },
    {
      "file": "proj1.c",
      "line": 354,
      "error": "memory error: out of bound pointer",
      "witness": {
        "stdin": "out_of_bound_pointer_line_354.stdin",
        "scanf": "out_of_bound_pointer_line_354.scanf"
      }
    }
  ]
}