{
  "name": "Project_398",
  "errors": [
    {
      "file": "ProjetoIAEDist97375.c",
      "line": 317,
      "error": "memory error: object read only",
      "witness": {
        "stdin": "object_read_only_line_317.stdin",
        "scanf": "object_read_only_line_317.scanf"
      }
    },
    {
      "file": "ProjetoIAEDist97375.c",
      "line": 192,
      "error": "memory error: object read only",
      "witness": {
        "stdin": "object_read_only_line_192.stdin",
        "scanf": "object_read_only_line_192.scanf"
      }
    },
    {
      "file": "ProjetoIAEDist97375.c",
      "line": 394,
      "error": "memory error: out of bound pointer",
      "witness": {
        "stdin": "out_of_bound_pointer_line_394.stdin",
        "scanf": "out_of_bound_pointer_line_394.scanf"
      }
    },
    {
      "file": "ProjetoIAEDist97375.c",
      "line": 192,
      "error": "memory error: out of bound pointer",
      "witness": {
        "stdin": "out_of_bound_pointer_line_192.stdin",
        "scanf": "out_of_bound_pointer_line_192.scanf"
      }
    },
    {
      "file": "ProjetoIAEDist97375.c",
      "line": 427,
      "error": "memory error: out of bound pointer",
      "witness": {
        "stdin": "out_of_bound_pointer_line_427.stdin",
        "scanf": "out_of_bound_pointer_line_427.scanf"
      }
    },
    {
      "file": "ProjetoIAEDist97375.c",
      "line": 313,
      "error": "memory error: out of bound pointer",
      "witness": {
        "stdin": "out_of_bound_pointer_line_313.stdin",
        "scanf": "out_of_bound_pointer_line_313.scanf"
      }
    },
    {
      "file": "ProjetoIAEDist97375.c",
      "line": 427,
      "error": "memory error: object read only",
      "witness": {
        "stdin": "object_read_only_line_427.stdin",
        "scanf": "object_read_only_line_427.scanf"
      }
    }
  ]
}