{
  "name": "Project_131",
  "errors": [
    {
      "file": "projeto1.c",
      "line": 317,
      "error": "memory error: out of bound pointer",
      "witness": {
        "stdin": "out_of_bound_pointer_line_317.stdin",
        "scanf": "out_of_bound_pointer_line_317.scanf"
      }
    },
    {
      "file": "projeto1.c",
      "line": 260,
      "error": "memory error: out of bound pointer",
      "witness": {
        "stdin": "out_of_bound_pointer_line_260.stdin",
        "scanf": "out_of_bound_pointer_line_260.scanf"
      }
    }
  ]
}