{
  "name": "Project_227",
  "errors": [
    {
      "file": "main.c",
      "line": 65,
      "error": "memory error: out of bound pointer",
      "witness": {
        "stdin": "out_of_bound_pointer_line_65.stdin",
        "scanf": "out_of_bound_pointer_line_65.scanf"
      }
    },
    {
      "file": "main.c",
      "line": 102,
      "error": "memory error: out of bound pointer",
      "witness": {
        "stdin": "out_of_bound_pointer_line_102.stdin",
        "scanf": "out_of_bound_pointer_line_102.scanf"
      }
    },
    {
      "file": "main.c",
      "line": 147,
      "error": "memory error: out of bound pointer",
      "witness": {
        "stdin": "out_of_bound_pointer_line_147.stdin",
        "scanf": "out_of_bound_pointer_line_147.scanf"
      }
    },
    {
      "file": "main.c",
      "line": 164,
      "error": "memory error: out of bound pointer",
      "witness": {
        "stdin": "out_of_bound_pointer_line_164.stdin",
        "scanf": "out_of_bound_pointer_line_164.scanf"
      }
    },
    {
      "file": "main.c",
      "line": 60,
      "error": "memory error: out of bound pointer",
      "witness": {
        "stdin": "out_of_bound_pointer_line_60.stdin",
        "scanf": "out_of_bound_pointer_line_60.scanf"
      }
    },
    {
      "file": "main.c",
      "line": 203,
      "error": "memory error: out of bound pointer",
      "witness": {
        "stdin": "out_of_bound_pointer_line_203.stdin",
        "scanf": "out_of_bound_pointer_line_203.scanf"
      }
    },
    {
      "file": "main.c",
      "line": 129,
      "error": "memory error: out of bound pointer",
      "witness": {
        "stdin": "out_of_bound_pointer_line_129.stdin",
        "scanf": "out_of_bound_pointer_line_129.scanf"
      }
    },
    {
      "file": "main.c",
      "line": 66,
      "error": "memory error: out of bound pointer",
      "witness": {
        "stdin": "out_of_bound_pointer_line_66.stdin",
        "scanf": "out_of_bound_pointer_line_66.scanf"
      }
    }
  ]
}