{
  "name": "Project_3",
  "errors": [
    {
      "file": "proj1.c",
      "line": 362,
      "error": "memory error: out of bound pointer",
      "witness": {
        "stdin": "out_of_bound_pointer_line_362.stdin",
        "scanf": "out_of_bound_pointer_line_362.scanf"
      }
    },
    {
      "file": "proj1.c",
      "line": 413,
      "error": "memory error: out of bound pointer",
      "witness": {
        "stdin": "out_of_bound_pointer_line_413.stdin",
        "scanf": "out_of_bound_pointer_line_413.scanf"
      }
    },
    {
      "file": "proj1.c",
      "line": 413,
      "error": "memory error: out of bound pointer",
      "witness": {
        "stdin": "out_of_bound_pointer_line_413.stdin",
        "scanf": "out_of_bound_pointer_line_413.scanf"
      }
    }
  ]
}