{
  "name": "Project_100",
  "errors": [
    {
      "file": "projeto1.c",
      "line": 440,
      "error": "memory error: out of bound pointer",
      "witness": {
        "stdin": "out_of_bound_pointer_line_440.stdin",
        "scanf": "out_of_bound_pointer_line_440.scanf"
      }
    },
    {
      "file": "projeto1.c",
      "line": 456,
      "error": "memory error: out of bound pointer",
      "witness": {
        "stdin": "out_of_bound_pointer_line_456.stdin",
        "scanf": "out_of_bound_pointer_line_456.scanf"
      }
    },
    {
      "file": "projeto1.c",
      "line": 194,
      "error": "memory error: out of bound pointer",
      "witness": {
        "stdin": "out_of_bound_pointer_line_194.stdin",
        "scanf": "out_of_bound_pointer_line_194.scanf"
      }
    },
    {
      "file": "projeto1.c",
      "line": 443,
      "error": "memory error: out of bound pointer",
      "witness": {
        "stdin": "out_of_bound_pointer_line_443.stdin",
        "scanf": "out_of_bound_pointer_line_443.scanf"
      }
    },
    {
      "file": "projeto1.c",
      "line": 130,
      "error": "memory error: out of bound pointer",
      "witness": {
        "stdin": "out_of_bound_pointer_line_130.stdin",
        "scanf": "out_of_bound_pointer_line_130.scanf"
      }
    }
  ]
}