{
  "name": "Project_44",
  "errors": [
    {
      "file": "proj1.c",
      "line": 340,
      "error": "memory error: out of bound pointer",
      "witness": {
        "stdin": "out_of_bound_pointer_line_340.stdin",
        "scanf": "out_of_bound_pointer_line_340.scanf"
      }
    },
    {
      "file": "proj1.c",
      "line": 145,
      "error": "memory error: out of bound pointer",
      "witness": {
        "stdin": "out_of_bound_pointer_line_145.stdin",
        "scanf": "out_of_bound_pointer_line_145.scanf"
      }
    },
    {
      "file": "proj1.c",
      "line": 74,
      "error": "memory error: out of bound pointer",
      "witness": {
        "stdin": "out_of_bound_pointer_line_74.stdin",
        "scanf": "out_of_bound_pointer_line_74.scanf"
      }
    }
  ]
}