{
  "name": "Project_140",
  "errors": [
    {
      "file": "project_JF.c",
      "line": 573,
      "error": "memory error: out of bound pointer",
      "witness": {
        "stdin": "out_of_bound_pointer_line_573.stdin",
        "scanf": "out_of_bound_pointer_line_573.scanf"
      }
    },
    {
      "file": "project_JF.c",
      "line": 573,
      "error": "memory error: object read only",
      "witness": {
        "stdin": "object_read_only_line_573.stdin",
        "scanf": "object_read_only_line_573.scanf"
      }
    },
    {
      "file": "project_JF.c",
      "line": 539,
      "error": "memory error: out of bound pointer",
      "witness": {
        "stdin": "out_of_bound_pointer_line_539.stdin",
        "scanf": "out_of_bound_pointer_line_539.scanf"
      }
    }
  ]
}