{
  "name": "Project_287",
  "errors": [
    {
      "file": "proj1.c",
      "line": 52,
      "error": "memory error: out of bound pointer",
      "witness": {
        "stdin": "out_of_bound_pointer_line_52.stdin",
        "scanf": "out_of_bound_pointer_line_52.scanf"
      }
    },
    {
      "file": "proj1.c",
      "line": 449,
      "error": "memory error: out of bound pointer",
      "witness": {
        "stdin": "out_of_bound_pointer_line_449.stdin",
        "scanf": "out_of_bound_pointer_line_449.scanf"
      }
    },
    {
      "file": "proj1.c",
      "line": 57,
      "error": "memory error: out of bound pointer",
      "witness": {
        "stdin": "out_of_bound_pointer_line_57.stdin",
        "scanf": "out_of_bound_pointer_line_57.scanf"
      }
    }
  ]
}