{
  "name": "Project_239",
  "errors": [
    {
      "file": "r.c",
      "line": 37,
      "error": "memory error: out of bound pointer",
      "witness": {
        "stdin": "out_of_bound_pointer_line_37.stdin",
        "scanf": "out_of_bound_pointer_line_37.scanf"
      }
    },
    {
      "file": "a.c",
      "line": 31,
      "error": "memory error: out of bound pointer",
      "witness": {
        "stdin": "out_of_bound_pointer_line_31.stdin",
        "scanf": "out_of_bound_pointer_line_31.scanf"
      }
    },
    {
      "file": "p.c",
      "line": 37,
      "error": "memory error: out of bound pointer",
      "witness": {
        "stdin": "out_of_bound_pointer_line_37.stdin",
        "scanf": "out_of_bound_pointer_line_37.scanf"
      }
    }
  ]
}