{
  "name": "Project_13",
  "errors": [
    {
      "file": "proj1.c",
      "line": 79,
      "error": "memory error: out of bound pointer",
      "witness": {
        "stdin": "out_of_bound_pointer_line_79.stdin",
        "scanf": "out_of_bound_pointer_line_79.scanf"
      }
    },
    {
      "file": "proj1.c",
      "line": 60,
      "error": "memory error: out of bound pointer",
      "witness": {
        "stdin": "out_of_bound_pointer_line_60.stdin",
        "scanf": "out_of_bound_pointer_line_60.scanf"
      }
    }
  ]
}