{
  "name": "Project_39",
  "errors": [
    {
      "file": "ORIGINAL.c",
      "line": 163,
      "error": "memory error: object read only",
      "witness": {
        "stdin": "object_read_only_line_163.stdin",
        "scanf": "object_read_only_line_163.scanf"
      }
    },
    {
      "file": "ORIGINAL.c",
      "line": 158,
      "error": "memory error: out of bound pointer",
      "witness": {
        "stdin": "out_of_bound_pointer_line_158.stdin",
        "scanf": "out_of_bound_pointer_line_158.scanf"
      }
    },
    {
      "file": "ORIGINAL.c",
      "line": 187,
      "error": "memory error: out of bound pointer",
      "witness": {
        "stdin": "out_of_bound_pointer_line_187.stdin",
        "scanf": "out_of_bound_pointer_line_187.scanf"
      }
    },
    {
      "file": "ORIGINAL.c",
      "line": 85,
      "error": "memory error: out of bound pointer",
      "witness": {
        "stdin": "out_of_bound_pointer_line_85.stdin",
        "scanf": "out_of_bound_pointer_line_85.scanf"
      }
    },
    {
      "file": "ORIGINAL.c",
      "line": 85,
      "error": "memory error: object read only",
      "witness": {
        "stdin": "object_read_only_line_85.stdin",
        "scanf": "object_read_only_line_85.scanf"
      }
    }
  ]
}