{
  "name": "Project_247",
  "errors": [
    {
      "file": "prj1.c",
      "line": 193,
      "error": "memory error: out of bound pointer",
      "witness": {
        "stdin": "out_of_bound_pointer_line_193.stdin",
        "scanf": "out_of_bound_pointer_line_193.scanf"
      }
    },
    {
      "file": "prj1.c",
      "line": 191,
      "error": "memory error: out of bound pointer",
      "witness": {
        "stdin": "out_of_bound_pointer_line_191.stdin",
        "scanf": "out_of_bound_pointer_line_191.scanf"
      }
    },
    {
      "file": "prj1.c",
      "line": 302,
      "error": "memory error: out of bound pointer",
      "witness": {
        "stdin": "out_of_bound_pointer_line_302.stdin",
        "scanf": "out_of_bound_pointer_line_302.scanf"
      }
    },
    {
      "file": "prj1.c",
      "line": 195,
      "error": "memory error: out of bound pointer",
      "witness": {
        "stdin": "out_of_bound_pointer_line_195.stdin",
        "scanf": "out_of_bound_pointer_line_195.scanf"
      }
    },
    {
      "file": "prj1.c",
      "line": 194,
      "error": "memory error: out of bound pointer",
      "witness": {
        "stdin": "out_of_bound_pointer_line_194.stdin",
        "scanf": "out_of_bound_pointer_line_194.scanf"
      }
    },
    {
      "file": "prj1.c",
      "line": 300,
      "error": "memory error: out of bound pointer",
      "witness": {
        "stdin": "out_of_bound_pointer_line_300.stdin",
        "scanf": "out_of_bound_pointer_line_300.scanf"
      }
    }
  ]
}