{
  "name": "Project_143",
  "errors": [
    {
      "file": "proj1.c",
      "line": 297,
      "error": "memory error: out of bound pointer",
      "witness": {
        "stdin": "out_of_bound_pointer_line_297.stdin",
        "scanf": "out_of_bound_pointer_line_297.scanf"
      }
    },
    {
      "file": "proj1.c",
      "line": 297,
      "error": "memory error: out of bound pointer",
      "witness": {
        "stdin": "out_of_bound_pointer_line_297.stdin",
        "scanf": "out_of_bound_pointer_line_297.scanf"
      }
    }
  ]
}