{
  "name": "Project_77",
  "errors": [
    {
      "file": "proj1.c",
      "line": 119,
      "error": "memory error: out of bound pointer",
      "witness": {
        "stdin": "out_of_bound_pointer_line_119.stdin",
        "scanf": "out_of_bound_pointer_line_119.scanf"
      }
    },
    {
      "file": "proj1.c",
      "line": 58,
      "error": "memory error: out of bound pointer",
      "witness": {
        "stdin": "out_of_bound_pointer_line_58.stdin",
        "scanf": "out_of_bound_pointer_line_58.scanf"
      }
    },
    {
      "file": "proj1.c",
      "line": 58,
      "error": "memory error: object read only",
      "witness": {
        "stdin": "object_read_only_line_58.stdin",
        "scanf": "object_read_only_line_58.scanf"
      }
    }
  ]
}