{
  "name": "Project_181",
  "errors": [
    {
      "file": "proj1.c",
      "line": 671,
      "error": "memory error: out of bound pointer",
      "witness": {
        "stdin": "out_of_bound_pointer_line_671.stdin",
        "scanf": "out_of_bound_pointer_line_671.scanf"
      }
    },
    {
      "file": "proj1.c",
      "line": 301,
      "error": "memory error: out of bound pointer",
      "witness": {
        "stdin": "out_of_bound_pointer_line_301.stdin",
        "scanf": "out_of_bound_pointer_line_301.scanf"
      }
    },
    {
      "file": "proj1.c",
      "line": 301,
      "error": "memory error: object read only",
      "witness": {
        "stdin": "object_read_only_line_301.stdin",
        "scanf": "object_read_only_line_301.scanf"
      }
    },
    {
      "file": "proj1.c",
      "line": 336,
      "error": "memory error: out of bound pointer",
      "witness": {
        "stdin": "out_of_bound_pointer_line_336.stdin",
        "scanf": "out_of_bound_pointer_line_336.scanf"
      }
    },
    {
      "file": "proj1.c",
      "line": 554,
      "error": "memory error: out of bound pointer",
      "witness": {
        "stdin": "out_of_bound_pointer_line_554.stdin",
        "scanf": "out_of_bound_pointer_line_554.scanf"
      }
    },
    {
      "file": "proj1.c",
      "line": 627,
      "error": "memory error: out of bound pointer",
      "witness": {
        "stdin": "out_of_bound_pointer_line_627.stdin",
        "scanf": "out_of_bound_pointer_line_627.scanf"
      }
    },
    {
      "file": "proj1.c",
      "line": 336,
      "error": "memory error: out of bound pointer",
      "witness": {
        "stdin": "out_of_bound_pointer_line_336.stdin",
        "scanf": "out_of_bound_pointer_line_336.scanf"
      }
    },
    {
      "file": "proj1.c",
      "line": 256,
      "error": "memory error: object read only",
      "witness": {
        "stdin": "object_read_only_line_256.stdin",
        "scanf": "object_read_only_line_256.scanf"
      }
    },
    {
      "file": "proj1.c",
      "line": 256,
      "error": "memory error: out of bound pointer",
      "witness": {
        "stdin": "out_of_bound_pointer_line_256.stdin",
        "scanf": "out_of_bound_pointer_line_256.scanf"
      }
    },
    {
      "file": "proj1.c",
      "line": 559,
      "error": "memory error: out of bound pointer",
      "witness": {
        "stdin": "out_of_bound_pointer_line_559.stdin",
        "scanf": "out_of_bound_pointer_line_559.scanf"
      }
    }
  ]
}