{
  "name": "Project_134",
  "errors": [
    {
      "file": "projeto.c",
      "line": 352,
      "error": "memory error: out of bound pointer",
      "witness": {
        "stdin": "out_of_bound_pointer_line_352.stdin",
        "scanf": "out_of_bound_pointer_line_352.scanf"
      }
    },
    {
      "file": "projeto.c",
      "line": 151,
      "error": "memory error: out of bound pointer",
      "witness": {
        "stdin": "out_of_bound_pointer_line_151.stdin",
        "scanf": "out_of_bound_pointer_line_151.scanf"
      }
    }
  ]
}