{
  "name": "Project_260",
  "errors": [
    {
      "file": "proj2_final.c",
      "line": 167,
      "error": "memory error: out of bound pointer",
      "witness": {
        "stdin": "out_of_bound_pointer_line_167.stdin",
        "scanf": "out_of_bound_pointer_line_167.scanf"
      }
    },
    {
      "file": "proj2_final.c",
      "line": 115,
      "error": "memory error: out of bound pointer",
      "witness": {
        "stdin": "out_of_bound_pointer_line_115.stdin",
        "scanf": "out_of_bound_pointer_line_115.scanf"
      }
    }
  ]
}