{
  "name": "Project_37",
  "errors": [
    {
      "file": "proj1.c",
      "line": 36,
      "error": "memory error: out of bound pointer",
      "witness": {
        "stdin": "out_of_bound_pointer_line_36.stdin",
        "scanf": "out_of_bound_pointer_line_36.scanf"
      }
    },
    {
      "file": "proj1.c",
      "line": 257,
      "error": "memory error: out of bound pointer",
      "witness": {
        "stdin": "out_of_bound_pointer_line_257.stdin",
        "scanf": "out_of_bound_pointer_line_257.scanf"
      }
    }
  ]
}