{
  "name": "Project_323",
  "errors": [
    {
      "file": "proj2.c",
      "line": 255,
      "error": "memory error: out of bound pointer",
      "witness": {
        "stdin": "out_of_bound_pointer_line_255.stdin",
        "scanf": "out_of_bound_pointer_line_255.scanf"
      }
    },
    {
      "file": "proj2.c",
      "line": 224,
      "error": "memory error: out of bound pointer",
      "witness": {
        "stdin": "out_of_bound_pointer_line_224.stdin",
        "scanf": "out_of_bound_pointer_line_224.scanf"
      }
    }
  ]
}