{
  "name": "Project_395",
  "errors": [
    {
      "file": "project.c",
      "line": 55,
      "error": "memory error: out of bound pointer",
      "witness": {
        "stdin": "out_of_bound_pointer_line_55.stdin",
        "scanf": "out_of_bound_pointer_line_55.scanf"
      }
    },
    {
      "file": "project.c",
      "line": 145,
      "error": "memory error: out of bound pointer",
      "witness": {
        "stdin": "out_of_bound_pointer_line_145.stdin",
        "scanf": "out_of_bound_pointer_line_145.scanf"
      }
    }
  ]
}