{
  "name": "Project_220",
  "errors": [
    {
      "file": "proj12.c",
      "line": 92,
      "error": "calling function with too few arguments",
      "witness": {
        "stdin": "calling_function_with_too_few_arguments_line_92.stdin",
        "scanf": "calling_function_with_too_few_arguments_line_92.scanf"
      }
    },
    {
      "file": "proj12.c",
      "line": 79,
      "error": "calling function with too few arguments",
      "witness": {
        "stdin": "calling_function_with_too_few_arguments_line_79.stdin",
        "scanf": "calling_function_with_too_few_arguments_line_79.scanf"
      }
    },
    {
      "file": "proj12.c",
      "line": 84,
      "error": "calling function with too few arguments",
      "witness": {
        "stdin": "calling_function_with_too_few_arguments_line_84.stdin",
        "scanf": "calling_function_with_too_few_arguments_line_84.scanf"
      }
    },
    {
      "file": "proj12.c",
      "line": 88,
      "error": "calling function with too few arguments",
      "witness": {
        "stdin": "calling_function_with_too_few_arguments_line_88.stdin",
        "scanf": "calling_function_with_too_few_arguments_line_88.scanf"
      }
    }
  ]
}