{
  "name": "Project_177",
  "errors": [
    {
      "file": "proj1_final1.c",
      "line": 294,
      "error": "memory error: out of bound pointer",
      "witness": {
        "stdin": "out_of_bound_pointer_line_294.stdin",
        "scanf": "out_of_bound_pointer_line_294.scanf"
      }
    },
    {
      "file": "proj1_final1.c",
      "line": 249,
      "error": "memory error: out of bound pointer",
      "witness": {
        "stdin": "out_of_bound_pointer_line_249.stdin",
        "scanf": "out_of_bound_pointer_line_249.scanf"
      }
    },
    {
      "file": "proj1_final1.c",
      "line": 143,
      "error": "memory error: out of bound pointer",
      "witness": {
        "stdin": "out_of_bound_pointer_line_143.stdin",
        "scanf": "out_of_bound_pointer_line_143.scanf"
      }
    },
    {
      "file": "proj1_final1.c",
      "line": 265,
      "error": "memory error: out of bound pointer",
      "witness": {
        "stdin": "out_of_bound_pointer_line_265.stdin",
        "scanf": "out_of_bound_pointer_line_265.scanf"
      }
    },
    {
      "file": "proj1_final1.c",
      "line": 207,
      "error": "memory error: out of bound pointer",
      "witness": {
        "stdin": "out_of_bound_pointer_line_207.stdin",
        "scanf": "out_of_bound_pointer_line_207.scanf"
      }
    },
    {
      "file": "proj1_final1.c",
      "line": 278,
      "error": "memory error: out of bound pointer",
      "witness": {
        "stdin": "out_of_bound_pointer_line_278.stdin",
        "scanf": "out_of_bound_pointer_line_278.scanf"
      }
    },
    {
      "file": "proj1_final1.c",
      "line": 143,
      "error": "memory error: object read only",
      "witness": {
        "stdin": "object_read_only_line_143.stdin",
        "scanf": "object_read_only_line_143.scanf"
      }
    },
    {
      "file": "proj1_final1.c",
      "line": 210,
      "error": "memory error: object read only",
      "witness": {
        "stdin": "object_read_only_line_210.stdin",
        "scanf": "object_read_only_line_210.scanf"
      }
    },
    {
      "file": "proj1_final1.c",
      "line": 265,
      "error": "memory error: object read only",
      "witness": {
        "stdin": "object_read_only_line_265.stdin",
        "scanf": "object_read_only_line_265.scanf"
      }
    }
  ]
}