{
  "name": "Project_353",
  "errors": [
    {
      "file": "proj1.c",
      "line": 285,
      "error": "memory error: out of bound pointer",
      "witness": {
        "stdin": "out_of_bound_pointer_line_285.stdin",
        "scanf": "out_of_bound_pointer_line_285.scanf"
      }
    },
    {
      "file": "proj1.c",
      "line": 65,
      "error": "memory error: out of bound pointer",
      "witness": {
        "stdin": "out_of_bound_pointer_line_65.stdin",
        "scanf": "out_of_bound_pointer_line_65.scanf"
      }
    },
    {
      "file": "proj1.c",
      "line": 235,
      "error": "memory error: out of bound pointer",
      "witness": {
        "stdin": "out_of_bound_pointer_line_235.stdin",
        "scanf": "out_of_bound_pointer_line_235.scanf"
      }
    },
    {
      "file": "proj1.c",
      "line": 236,
      "error": "memory error: out of bound pointer",
      "witness": {
        "stdin": "out_of_bound_pointer_line_236.stdin",
        "scanf": "out_of_bound_pointer_line_236.scanf"
      }
    },
    {
      "file": "proj1.c",
      "line": 209,
      "error": "memory error: out of bound pointer",
      "witness": {
        "stdin": "out_of_bound_pointer_line_209.stdin",
        "scanf": "out_of_bound_pointer_line_209.scanf"
      }
    },
    {
      "file": "proj1.c",
      "line": 151,
      "error": "memory error: out of bound pointer",
      "witness": {
        "stdin": "out_of_bound_pointer_line_151.stdin",
        "scanf": "out_of_bound_pointer_line_151.scanf"
      }
    }
  ]
}