{
  "name": "Project_332",
  "errors": [
    {
      "file": "Projeto1.c",
      "line": 313,
      "error": "memory error: out of bound pointer",
      "witness": {
        "stdin": "out_of_bound_pointer_line_313.stdin",
        "scanf": "out_of_bound_pointer_line_313.scanf"
      }
    },
    {
      "file": "Projeto1.c",
      "line": 68,
      "error": "memory error: out of bound pointer",
      "witness": {
        "stdin": "out_of_bound_pointer_line_68.stdin",
        "scanf": "out_of_bound_pointer_line_68.scanf"
      }
    },
    {
      "file": "Projeto1.c",
      "line": 298,
      "error": "memory error: out of bound pointer",
      "witness": {
        "stdin": "out_of_bound_pointer_line_298.stdin",
        "scanf": "out_of_bound_pointer_line_298.scanf"
      }
    },
    {
      "file": "Projeto1.c",
      "line": 254,
      "error": "memory error: out of bound pointer",
      "witness": {
        "stdin": "out_of_bound_pointer_line_254.stdin",
        "scanf": "out_of_bound_pointer_line_254.scanf"
      }
    },
    {
      "file": "Projeto1.c",
      "line": 186,
      "error": "memory error: out of bound pointer",
      "witness": {
        "stdin": "out_of_bound_pointer_line_186.stdin",
        "scanf": "out_of_bound_pointer_line_186.scanf"
      }
    }
  ]
}