{
  "name": "Project_18",
  "errors": [
    {
      "file": "projeto1.c",
      "line": 306,
      "error": "memory error: out of bound pointer",
      "witness": {
        "stdin": "out_of_bound_pointer_line_306.stdin",
        "scanf": "out_of_bound_pointer_line_306.scanf"
      }
    },
    {
      "file": "projeto1.c",
      "line": 253,
      "error": "memory error: out of bound pointer",
      "witness": {
        "stdin": "out_of_bound_pointer_line_253.stdin",
        "scanf": "out_of_bound_pointer_line_253.scanf"
      }
    },
    {
      "file": "projeto1.c",
      "line": 490,
      "error": "memory error: out of bound pointer",
      "witness": {
        "stdin": "out_of_bound_pointer_line_490.stdin",
        "scanf": "out_of_bound_pointer_line_490.scanf"
      }
    },
    {
      "file": "projeto1.c",
      "line": 304,
      "error": "memory error: out of bound pointer",
      "witness": {
        "stdin": "out_of_bound_pointer_line_304.stdin",
        "scanf": "out_of_bound_pointer_line_304.scanf"
      }
    },
    {
      "file": "projeto1.c",
      "line": 321,
      "error": "memory error: out of bound pointer",
      "witness": {
        "stdin": "out_of_bound_pointer_line_321.stdin",
        "scanf": "out_of_bound_pointer_line_321.scanf"
      }
    },
    {
      "file": "projeto1.c",
      "line": 321,
      "error": "memory error: object read only",
      "witness": {
        "stdin": "object_read_only_line_321.stdin",
        "scanf": "object_read_only_line_321.scanf"
      }
    },
    {
      "file": "projeto1.c",
      "line": 253,
      "error": "memory error: out of bound pointer",
      "witness": {
        "stdin": "out_of_bound_pointer_line_253.stdin",
        "scanf": "out_of_bound_pointer_line_253.scanf"
      }
    },
    {
      "file": "projeto1.c",
      "line": 189,
      "error": "memory error: out of bound pointer",
      "witness": {
        "stdin": "out_of_bound_pointer_line_189.stdin",
        "scanf": "out_of_bound_pointer_line_189.scanf"
      }
    },
    {
      "file": "projeto1.c",
      "line": 189,
      "error": "memory error: object read only",
      "witness": {
        "stdin": "object_read_only_line_189.stdin",
        "scanf": "object_read_only_line_189.scanf"
      }
    }
  ]
}