{
  "name": "Project_166",
  "errors": [
    {
      "file": "proj1.c",
      "line": 242,
      "error": "memory error: out of bound pointer",
      "witness": {
        "stdin": "out_of_bound_pointer_line_242.stdin",
        "scanf": "out_of_bound_pointer_line_242.scanf"
      }
    },
    {
      "file": "proj1.c",
      "line": 401,
      "error": "memory error: out of bound pointer",
      "witness": {
        "stdin": "out_of_bound_pointer_line_401.stdin",
        "scanf": "out_of_bound_pointer_line_401.scanf"
      }
    }
  ]
}