{
  "name": "Project_91",
  "errors": [
    {
      "file": "proj1.c",
      "line": 516,
      "error": "memory error: object read only",
      "witness": {
        "stdin": "object_read_only_line_516.stdin",
        "scanf": "object_read_only_line_516.scanf"
      }
    },
    {
      "file": "proj1.c",
      "line": 475,
      "error": "memory error: out of bound pointer",
      "witness": {
        "stdin": "out_of_bound_pointer_line_475.stdin",
        "scanf": "out_of_bound_pointer_line_475.scanf"
      }
    },
    {
      "file": "proj1.c",
      "line": 516,
      "error": "memory error: out of bound pointer",
      "witness": {
        "stdin": "out_of_bound_pointer_line_516.stdin",
        "scanf": "out_of_bound_pointer_line_516.scanf"
      }
    }
  ]
}