{
  "name": "Project_130",
  "errors": [
    {
      "file": "JOGOS.c",
      "line": 35,
      "error": "memory error: out of bound pointer",
      "witness": {
        "stdin": "out_of_bound_pointer_line_35.stdin",
        "scanf": "out_of_bound_pointer_line_35.scanf"
      }
    },
    {
      "file": "EQUIPAS.c",
      "line": 27,
      "error": "memory error: out of bound pointer",
      "witness": {
        "stdin": "out_of_bound_pointer_line_27.stdin",
        "scanf": "out_of_bound_pointer_line_27.scanf"
      }
    }
  ]
}