{
  "name": "Project_375",
  "errors": [
    {
      "file": "ProjMGomes_final.c",
      "line": 308,
      "error": "memory error: out of bound pointer",
      "witness": {
        "stdin": "out_of_bound_pointer_line_308.stdin",
        "scanf": "out_of_bound_pointer_line_308.scanf"
      }
    },
    {
      "file": "ProjMGomes_final.c",
      "line": 201,
      "error": "memory error: out of bound pointer",
      "witness": {
        "stdin": "out_of_bound_pointer_line_201.stdin",
        "scanf": "out_of_bound_pointer_line_201.scanf"
      }
    }
  ]
}