{
  "name": "Project_58",
  "errors": [
    {
      "file": "proj1.c",
      "line": 39,
      "error": "memory error: out of bound pointer",
      "witness": {
        "stdin": "out_of_bound_pointer_line_39.stdin",
        "scanf": "out_of_bound_pointer_line_39.scanf"
      }
    },
    {
      "file": "proj1.c",
      "line": 39,
      "error": "memory error: out of bound pointer",
      "witness": {
        "stdin": "out_of_bound_pointer_line_39.stdin",
        "scanf": "out_of_bound_pointer_line_39.scanf"
      }
    }
  ]
}