{
  "name": "Project_120",
  "errors": [
    {
      "file": "equipas.c",
      "line": 67,
      "error": "memory error: out of bound pointer",
      "witness": {
        "stdin": "out_of_bound_pointer_line_67.stdin",
        "scanf": "out_of_bound_pointer_line_67.scanf"
      }
    },
    {
      "file": "jogos.c",
      "line": 68,
      "error": "memory error: out of bound pointer",
      "witness": {
        "stdin": "out_of_bound_pointer_line_68.stdin",
        "scanf": "out_of_bound_pointer_line_68.scanf"
      }
    }
  ]
}