{
  "name": "Project_273",
  "errors": [
    {
      "file": "proj1.c",
      "line": 173,
      "error": "memory error: object read only",
      "witness": {
        "stdin": "object_read_only_line_173.stdin",
        "scanf": "object_read_only_line_173.scanf"
      }
    },
    {
      "file": "proj1.c",
      "line": 159,
      "error": "memory error: out of bound pointer",
      "witness": {
        "stdin": "out_of_bound_pointer_line_159.stdin",
        "scanf": "out_of_bound_pointer_line_159.scanf"
      }
    },
    {
      "file": "proj1.c",
      "line": 292,
      "error": "memory error: out of bound pointer",
      "witness": {
        "stdin": "out_of_bound_pointer_line_292.stdin",
        "scanf": "out_of_bound_pointer_line_292.scanf"
      }
    },
    {
      "file": "proj1.c",
      "line": 173,
      "error": "memory error: out of bound pointer",
      "witness": {
        "stdin": "out_of_bound_pointer_line_173.stdin",
        "scanf": "out_of_bound_pointer_line_173.scanf"
      }
    }
  ]
}