{
  "name": "Project_262",
  "errors": [
    {
      "file": "func_jogo.c",
      "line": 46,
      "error": "memory error: out of bound pointer",
      "witness": {
        "stdin": "out_of_bound_pointer_line_46.stdin",
        "scanf": "out_of_bound_pointer_line_46.scanf"
      }
    },
    {
      "file": "func_equipas.c",
      "line": 49,
      "error": "memory error: out of bound pointer",
      "witness": {
        "stdin": "out_of_bound_pointer_line_49.stdin",
        "scanf": "out_of_bound_pointer_line_49.scanf"
      }
    }
  ]
}