{
  "name": "Project_31",
  "errors": [
    {
      "file": "MAIN_FUNTIONS.c",
      "line": 18,
      "error": "memory error: out of bound pointer",
      "witness": {
        "stdin": "out_of_bound_pointer_line_18.stdin",
        "scanf": "out_of_bound_pointer_line_18.scanf"
      }
    },
    {
      "file": "MAIN_FUNTIONS.c",
      "line": 255,
      "error": "memory error: out of bound pointer",
      "witness": {
        "stdin": "out_of_bound_pointer_line_255.stdin",
        "scanf": "out_of_bound_pointer_line_255.scanf"
      }
    },
    {
      "file": "TEAM.c",
      "line": 94,
      "error": "memory error: out of bound pointer",
      "witness": {
        "stdin": "out_of_bound_pointer_line_94.stdin",
        "scanf": "out_of_bound_pointer_line_94.scanf"
      }
    },
    {
      "file": "MAIN_FUNTIONS.c",
      "line": 194,
      "error": "memory error: out of bound pointer",
      "witness": {
        "stdin": "out_of_bound_pointer_line_194.stdin",
        "scanf": "out_of_bound_pointer_line_194.scanf"
      }
    },
    {
      "file": "MAIN_FUNTIONS.c",
      "line": 139,
      "error": "memory error: out of bound pointer",
      "witness": {
        "stdin": "out_of_bound_pointer_line_139.stdin",
        "scanf": "out_of_bound_pointer_line_139.scanf"
      }
    },
    {
      "file": "MAIN_FUNTIONS.c",
      "line": 117,
      "error": "memory error: out of bound pointer",
      "witness": {
        "stdin": "out_of_bound_pointer_line_117.stdin",
        "scanf": "out_of_bound_pointer_line_117.scanf"
      }
    },
    {
      "file": "TEAM.c",
      "line": 116,
      "error": "memory error: out of bound pointer",
      "witness": {
        "stdin": "out_of_bound_pointer_line_116.stdin",
        "scanf": "out_of_bound_pointer_line_116.scanf"
      }
    }
  ]
}