{
  "name": "Project_353",
  "errors": [
    {
      "file": "equipas.c",
      "line": 80,
      "error": "memory error: out of bound pointer",
      "witness": {
        "stdin": "out_of_bound_pointer_line_80.stdin",
        "scanf": "out_of_bound_pointer_line_80.scanf"
      }
    },
    {
      "file": "jogo.c",
      "line": 96,
      "error": "memory error: out of bound pointer",
      "witness": {
        "stdin": "out_of_bound_pointer_line_96.stdin",
        "scanf": "out_of_bound_pointer_line_96.scanf"
      }
    }
  ]
}