{
  "name": "Project_347",
  "errors": [
    {
      "file": "Projeto1.c",
      "line": 187,
      "error": "memory error: out of bound pointer",
      "witness": {
        "stdin": "out_of_bound_pointer_line_187.stdin",
        "scanf": "out_of_bound_pointer_line_187.scanf"
      }
    },
    {
      "file": "Projeto1.c",
      "line": 205,
      "error": "memory error: out of bound pointer",
      "witness": {
        "stdin": "out_of_bound_pointer_line_205.stdin",
        "scanf": "out_of_bound_pointer_line_205.scanf"
      }
    },
    {
      "file": "Projeto1.c",
      "line": 146,
      "error": "memory error: out of bound pointer",
      "witness": {
        "stdin": "out_of_bound_pointer_line_146.stdin",
        "scanf": "out_of_bound_pointer_line_146.scanf"
      }
    },
    {
      "file": "Projeto1.c",
      "line": 42,
      "error": "memory error: out of bound pointer",
      "witness": {
        "stdin": "out_of_bound_pointer_line_42.stdin",
        "scanf": "out_of_bound_pointer_line_42.scanf"
      }
    },
    {
      "file": "Projeto1.c",
      "line": 110,
      "error": "memory error: out of bound pointer",
      "witness": {
        "stdin": "out_of_bound_pointer_line_110.stdin",
        "scanf": "out_of_bound_pointer_line_110.scanf"
      }
    },
    {
      "file": "Projeto1.c",
      "line": 42,
      "error": "memory error: out of bound pointer",
      "witness": {
        "stdin": "out_of_bound_pointer_line_42.stdin",
        "scanf": "out_of_bound_pointer_line_42.scanf"
      }
    },
    {
      "file": "Projeto1.c",
      "line": 110,
      "error": "memory error: out of bound pointer",
      "witness": {
        "stdin": "out_of_bound_pointer_line_110.stdin",
        "scanf": "out_of_bound_pointer_line_110.scanf"
      }
    }
  ]
}