{
  "name": "Project_99",
  "errors": [
    {
      "file": "proj1.c",
      "line": 709,
      "error": "memory error: out of bound pointer",
      "witness": {
        "stdin": "out_of_bound_pointer_line_709.stdin",
        "scanf": "out_of_bound_pointer_line_709.scanf"
      }
    },
    {
      "file": "proj1.c",
      "line": 386,
      "error": "memory error: out of bound pointer",
      "witness": {
        "stdin": "out_of_bound_pointer_line_386.stdin",
        "scanf": "out_of_bound_pointer_line_386.scanf"
      }
    },
    {
      "file": "proj1.c",
      "line": 509,
      "error": "memory error: out of bound pointer",
      "witness": {
        "stdin": "out_of_bound_pointer_line_509.stdin",
        "scanf": "out_of_bound_pointer_line_509.scanf"
      }
    },
    {
      "file": "proj1.c",
      "line": 849,
      "error": "memory error: out of bound pointer",
      "witness": {
        "stdin": "out_of_bound_pointer_line_849.stdin",
        "scanf": "out_of_bound_pointer_line_849.scanf"
      }
    },
    {
      "file": "proj1.c",
      "line": 446,
      "error": "memory error: out of bound pointer",
      "witness": {
        "stdin": "out_of_bound_pointer_line_446.stdin",
        "scanf": "out_of_bound_pointer_line_446.scanf"
      }
    }
  ]
}