{
  "name": "Project_285",
  "errors": [
    {
      "file": "StockSystem_v1.c",
      "line": 155,
      "error": "memory error: out of bound pointer",
      "witness": {
        "stdin": "out_of_bound_pointer_line_155.stdin",
        "scanf": "out_of_bound_pointer_line_155.scanf"
      }
    },
    {
      "file": "StockSystem_v1.c",
      "line": 84,
      "error": "memory error: out of bound pointer",
      "witness": {
        "stdin": "out_of_bound_pointer_line_84.stdin",
        "scanf": "out_of_bound_pointer_line_84.scanf"
      }
    }
  ]
}