{
  "name": "Project_282",
  "errors": [
    {
      "file": "hash.c",
      "line": 44,
      "error": "memory error: out of bound pointer",
      "witness": {
        "stdin": "out_of_bound_pointer_line_44.stdin",
        "scanf": "out_of_bound_pointer_line_44.scanf"
      }
    },
    {
      "file": "hash.c",
      "line": 93,
      "error": "memory error: out of bound pointer",
      "witness": {
        "stdin": "out_of_bound_pointer_line_93.stdin",
        "scanf": "out_of_bound_pointer_line_93.scanf"
      }
    }
  ]
}