{
  "name": "Project_382",
  "errors": [
    {
      "file": "projeto_final.c",
      "line": 531,
      "error": "memory error: out of bound pointer",
      "witness": {
        "stdin": "out_of_bound_pointer_line_531.stdin",
        "scanf": "out_of_bound_pointer_line_531.scanf"
      }
    },
    {
      "file": "projeto_final.c",
      "line": 334,
      "error": "memory error: out of bound pointer",
      "witness": {
        "stdin": "out_of_bound_pointer_line_334.stdin",
        "scanf": "out_of_bound_pointer_line_334.scanf"
      }
    }
  ]
}