{
  "name": "Project_183",
  "errors": [
    {
      "file": "hashtable.c",
      "line": 187,
      "error": "memory error: out of bound pointer",
      "witness": {
        "stdin": "out_of_bound_pointer_line_187.stdin",
        "scanf": "out_of_bound_pointer_line_187.scanf"
      }
    },
    {
      "file": "hashtable.c",
      "line": 189,
      "error": "memory error: out of bound pointer",
      "witness": {
        "stdin": "out_of_bound_pointer_line_189.stdin",
        "scanf": "out_of_bound_pointer_line_189.scanf"
      }
    }
  ]
}