{
  "name": "Project_264",
  "errors": [
    {
      "file": "proj1.c",
      "line": 149,
      "error": "memory error: out of bound pointer",
      "witness": {
        "stdin": "out_of_bound_pointer_line_149.stdin",
        "scanf": "out_of_bound_pointer_line_149.scanf"
      }
    },
    {
      "file": "proj1.c",
      "line": 168,
      "error": "memory error: out of bound pointer",
      "witness": {
        "stdin": "out_of_bound_pointer_line_168.stdin",
        "scanf": "out_of_bound_pointer_line_168.scanf"
      }
    },
    {
      "file": "proj1.c",
      "line": 168,
      "error": "memory error: object read only",
      "witness": {
        "stdin": "object_read_only_line_168.stdin",
        "scanf": "object_read_only_line_168.scanf"
      }
    }
  ]
}