{
  "name": "Project_217",
  "errors": [
    {
      "file": "funcoes.c",
      "line": 154,
      "error": "memory error: out of bound pointer",
      "witness": {
        "stdin": "out_of_bound_pointer_line_154.stdin",
        "scanf": "out_of_bound_pointer_line_154.scanf"
      }
    },
    {
      "file": "funcoes.c",
      "line": 154,
      "error": "memory error: object read only",
      "witness": {
        "stdin": "object_read_only_line_154.stdin",
        "scanf": "object_read_only_line_154.scanf"
      }
    },
    {
      "file": "funcoes.c",
      "line": 139,
      "error": "memory error: out of bound pointer",
      "witness": {
        "stdin": "out_of_bound_pointer_line_139.stdin",
        "scanf": "out_of_bound_pointer_line_139.scanf"
      }
    },
    {
      "file": "funcoes.c",
      "line": 28,
      "error": "memory error: out of bound pointer",
      "witness": {
        "stdin": "out_of_bound_pointer_line_28.stdin",
        "scanf": "out_of_bound_pointer_line_28.scanf"
      }
    },
    {
      "file": "funcoes.c",
      "line": 28,
      "error": "memory error: object read only",
      "witness": {
        "stdin": "object_read_only_line_28.stdin",
        "scanf": "object_read_only_line_28.scanf"
      }
    },
    {
      "file": "funcoes.c",
      "line": 138,
      "error": "memory error: out of bound pointer",
      "witness": {
        "stdin": "out_of_bound_pointer_line_138.stdin",
        "scanf": "out_of_bound_pointer_line_138.scanf"
      }
    }
  ]
}