{
  "name": "Project_360",
  "errors": [
    {
      "file": "proj1.c",
      "line": 232,
      "error": "memory error: out of bound pointer",
      "witness": {
        "stdin": "out_of_bound_pointer_line_232.stdin",
        "scanf": "out_of_bound_pointer_line_232.scanf"
      }
    },
    {
      "file": "proj1.c",
      "line": 446,
      "error": "memory error: out of bound pointer",
      "witness": {
        "stdin": "out_of_bound_pointer_line_446.stdin",
        "scanf": "out_of_bound_pointer_line_446.scanf"
      }
    },
    {
      "file": "proj1.c",
      "line": 49,
      "error": "memory error: out of bound pointer",
      "witness": {
        "stdin": "out_of_bound_pointer_line_49.stdin",
        "scanf": "out_of_bound_pointer_line_49.scanf"
      }
    }
  ]
}