{
  "name": "Project_184",
  "errors": [
    {
      "file": "proj1.c",
      "line": 291,
      "error": "memory error: out of bound pointer",
      "witness": {
        "stdin": "out_of_bound_pointer_line_291.stdin",
        "scanf": "out_of_bound_pointer_line_291.scanf"
      }
    },
    {
      "file": "proj1.c",
      "line": 137,
      "error": "memory error: out of bound pointer",
      "witness": {
        "stdin": "out_of_bound_pointer_line_137.stdin",
        "scanf": "out_of_bound_pointer_line_137.scanf"
      }
    },
    {
      "file": "proj1.c",
      "line": 170,
      "error": "memory error: out of bound pointer",
      "witness": {
        "stdin": "out_of_bound_pointer_line_170.stdin",
        "scanf": "out_of_bound_pointer_line_170.scanf"
      }
    },
    {
      "file": "proj1.c",
      "line": 237,
      "error": "memory error: out of bound pointer",
      "witness": {
        "stdin": "out_of_bound_pointer_line_237.stdin",
        "scanf": "out_of_bound_pointer_line_237.scanf"
      }
    },
    {
      "file": "proj1.c",
      "line": 132,
      "error": "memory error: out of bound pointer",
      "witness": {
        "stdin": "out_of_bound_pointer_line_132.stdin",
        "scanf": "out_of_bound_pointer_line_132.scanf"
      }
    },
    {
      "file": "proj1.c",
      "line": 134,
      "error": "memory error: out of bound pointer",
      "witness": {
        "stdin": "out_of_bound_pointer_line_134.stdin",
        "scanf": "out_of_bound_pointer_line_134.scanf"
      }
    },
    {
      "file": "proj1.c",
      "line": 224,
      "error": "memory error: out of bound pointer",
      "witness": {
        "stdin": "out_of_bound_pointer_line_224.stdin",
        "scanf": "out_of_bound_pointer_line_224.scanf"
      }
    },
    {
      "file": "proj1.c",
      "line": 258,
      "error": "memory error: out of bound pointer",
      "witness": {
        "stdin": "out_of_bound_pointer_line_258.stdin",
        "scanf": "out_of_bound_pointer_line_258.scanf"
      }
    },
    {
      "file": "proj1.c",
      "line": 224,
      "error": "memory error: object read only",
      "witness": {
        "stdin": "object_read_only_line_224.stdin",
        "scanf": "object_read_only_line_224.scanf"
      }
    }
  ]
}