{
  "name": "Project_252",
  "errors": [
    {
      "file": "proj1.c",
      "line": 133,
      "error": "memory error: out of bound pointer",
      "witness": {
        "stdin": "out_of_bound_pointer_line_133.stdin",
        "scanf": "out_of_bound_pointer_line_133.scanf"
      }
    },
    {
      "file": "proj1.c",
      "line": 72,
      "error": "memory error: out of bound pointer",
      "witness": {
        "stdin": "out_of_bound_pointer_line_72.stdin",
        "scanf": "out_of_bound_pointer_line_72.scanf"
      }
    }
  ]
}