{
  "name": "Project_213",
  "errors": [
    {
      "file": "proj1.c",
      "line": 153,
      "error": "memory error: out of bound pointer",
      "witness": {
        "stdin": "out_of_bound_pointer_line_153.stdin",
        "scanf": "out_of_bound_pointer_line_153.scanf"
      }
    },
    {
      "file": "proj1.c",
      "line": 170,
      "error": "memory error: out of bound pointer",
      "witness": {
        "stdin": "out_of_bound_pointer_line_170.stdin",
        "scanf": "out_of_bound_pointer_line_170.scanf"
      }
    },
    {
      "file": "proj1.c",
      "line": 399,
      "error": "memory error: out of bound pointer",
      "witness": {
        "stdin": "out_of_bound_pointer_line_399.stdin",
        "scanf": "out_of_bound_pointer_line_399.scanf"
      }
    }
  ]
}