{
  "name": "Project_140",
  "errors": [
    {
      "file": "equipas.c",
      "line": 63,
      "error": "memory error: out of bound pointer",
      "witness": {
        "stdin": "out_of_bound_pointer_line_63.stdin",
        "scanf": "out_of_bound_pointer_line_63.scanf"
      }
    },
    {
      "file": "jogos.c",
      "line": 132,
      "error": "memory error: out of bound pointer",
      "witness": {
        "stdin": "out_of_bound_pointer_line_132.stdin",
        "scanf": "out_of_bound_pointer_line_132.scanf"
      }
    }
  ]
}