{
  "name": "Project_19",
  "errors": [
    {
      "file": "proj1.c",
      "line": 282,
      "error": "memory error: object read only",
      "witness": {
        "stdin": "object_read_only_line_282.stdin",
        "scanf": "object_read_only_line_282.scanf"
      }
    },
    {
      "file": "proj1.c",
      "line": 465,
      "error": "memory error: out of bound pointer",
      "witness": {
        "stdin": "out_of_bound_pointer_line_465.stdin",
        "scanf": "out_of_bound_pointer_line_465.scanf"
      }
    },
    {
      "file": "proj1.c",
      "line": 266,
      "error": "memory error: out of bound pointer",
      "witness": {
        "stdin": "out_of_bound_pointer_line_266.stdin",
        "scanf": "out_of_bound_pointer_line_266.scanf"
      }
    },
    {
      "file": "proj1.c",
      "line": 282,
      "error": "memory error: out of bound pointer",
      "witness": {
        "stdin": "out_of_bound_pointer_line_282.stdin",
        "scanf": "out_of_bound_pointer_line_282.scanf"
      }
    }
  ]
}