{
  "name": "Project_297",
  "errors": [
    {
      "file": "ProjetoFinal.c",
      "line": 510,
      "error": "memory error: out of bound pointer",
      "witness": {
        "stdin": "out_of_bound_pointer_line_510.stdin",
        "scanf": "out_of_bound_pointer_line_510.scanf"
      }
    },
    {
      "file": "ProjetoFinal.c",
      "line": 146,
      "error": "memory error: out of bound pointer",
      "witness": {
        "stdin": "out_of_bound_pointer_line_146.stdin",
        "scanf": "out_of_bound_pointer_line_146.scanf"
      }
    },
    {
      "file": "ProjetoFinal.c",
      "line": 241,
      "error": "memory error: out of bound pointer",
      "witness": {
        "stdin": "out_of_bound_pointer_line_241.stdin",
        "scanf": "out_of_bound_pointer_line_241.scanf"
      }
    },
    {
      "file": "ProjetoFinal.c",
      "line": 154,
      "error": "memory error: out of bound pointer",
      "witness": {
        "stdin": "out_of_bound_pointer_line_154.stdin",
        "scanf": "out_of_bound_pointer_line_154.scanf"
      }
    }
  ]
}