{
  "name": "Project_86",
  "errors": [
    {
      "file": "Projeto1.c",
      "line": 128,
      "error": "memory error: out of bound pointer",
      "witness": {
        "stdin": "out_of_bound_pointer_line_128.stdin",
        "scanf": "out_of_bound_pointer_line_128.scanf"
      }
    },
    {
      "file": "Projeto1.c",
      "line": 128,
      "error": "memory error: object read only",
      "witness": {
        "stdin": "object_read_only_line_128.stdin",
        "scanf": "object_read_only_line_128.scanf"
      }
    },
    {
      "file": "Projeto1.c",
      "line": 128,
      "error": "memory error: out of bound pointer",
      "witness": {
        "stdin": "out_of_bound_pointer_line_128.stdin",
        "scanf": "out_of_bound_pointer_line_128.scanf"
      }
    },
    {
      "file": "Projeto1.c",
      "line": 129,
      "error": "memory error: object read only",
      "witness": {
        "stdin": "object_read_only_line_129.stdin",
        "scanf": "object_read_only_line_129.scanf"
      }
    }
  ]
}