{
  "name": "Project_70",
  "errors": [
    {
      "file": "lista.c",
      "line": 236,
      "error": "memory error: out of bound pointer",
      "witness": {
        "stdin": "out_of_bound_pointer_line_236.stdin",
        "scanf": "out_of_bound_pointer_line_236.scanf"
      }
    },
    {
      "file": "lista.c",
      "line": 62,
      "error": "memory error: out of bound pointer",
      "witness": {
        "stdin": "out_of_bound_pointer_line_62.stdin",
        "scanf": "out_of_bound_pointer_line_62.scanf"
      }
    },
    {
      "file": "lista.c",
      "line": 251,
      "error": "memory error: out of bound pointer",
      "witness": {
        "stdin": "out_of_bound_pointer_line_251.stdin",
        "scanf": "out_of_bound_pointer_line_251.scanf"
      }
    }
  ]
}