{
  "name": "Project_199",
  "errors": [
    {
      "file": "proj1.c",
      "line": 249,
      "error": "memory error: out of bound pointer",
      "witness": {
        "stdin": "out_of_bound_pointer_line_249.stdin",
        "scanf": "out_of_bound_pointer_line_249.scanf"
      }
    },
    {
      "file": "proj1.c",
      "line": 191,
      "error": "memory error: out of bound pointer",
      "witness": {
        "stdin": "out_of_bound_pointer_line_191.stdin",
        "scanf": "out_of_bound_pointer_line_191.scanf"
      }
    },
    {
      "file": "proj1.c",
      "line": 136,
      "error": "memory error: out of bound pointer",
      "witness": {
        "stdin": "out_of_bound_pointer_line_136.stdin",
        "scanf": "out_of_bound_pointer_line_136.scanf"
      }
    }
  ]
}