{
  "name": "Project_262",
  "errors": [
    {
      "file": "heap.c",
      "line": 175,
      "error": "memory error: object read only",
      "witness": {
        "stdin": "object_read_only_line_175.stdin",
        "scanf": "object_read_only_line_175.scanf"
      }
    },
    {
      "file": "heap.c",
      "line": 517,
      "error": "memory error: out of bound pointer",
      "witness": {
        "stdin": "out_of_bound_pointer_line_517.stdin",
        "scanf": "out_of_bound_pointer_line_517.scanf"
      }
    },
    {
      "file": "heap.c",
      "line": 175,
      "error": "memory error: out of bound pointer",
      "witness": {
        "stdin": "out_of_bound_pointer_line_175.stdin",
        "scanf": "out_of_bound_pointer_line_175.scanf"
      }
    },
    {
      "file": "heap.c",
      "line": 148,
      "error": "memory error: out of bound pointer",
      "witness": {
        "stdin": "out_of_bound_pointer_line_148.stdin",
        "scanf": "out_of_bound_pointer_line_148.scanf"
      }
    },
    {
      "file": "heap.c",
      "line": 208,
      "error": "memory error: out of bound pointer",
      "witness": {
        "stdin": "out_of_bound_pointer_line_208.stdin",
        "scanf": "out_of_bound_pointer_line_208.scanf"
      }
    },
    {
      "file": "heap.c",
      "line": 147,
      "error": "memory error: out of bound pointer",
      "witness": {
        "stdin": "out_of_bound_pointer_line_147.stdin",
        "scanf": "out_of_bound_pointer_line_147.scanf"
      }
    },
    {
      "file": "heap.c",
      "line": 212,
      "error": "memory error: out of bound pointer",
      "witness": {
        "stdin": "out_of_bound_pointer_line_212.stdin",
        "scanf": "out_of_bound_pointer_line_212.scanf"
      }
    }
  ]
}