{
  "name": "Project_313",
  "errors": [
    {
      "file": "Loja_Quarentena_Online.c",
      "line": -1,
      "error": "memory error: out of bound pointer",
      "witness": {
        "stdin": "out_of_bound_pointer_line_-1.stdin",
        "scanf": "out_of_bound_pointer_line_-1.scanf"
      }
    },
    {
      "file": "Loja_Quarentena_Online.c",
      "line": 366,
      "error": "memory error: object read only",
      "witness": {
        "stdin": "object_read_only_line_366.stdin",
        "scanf": "object_read_only_line_366.scanf"
      }
    },
    {
      "file": "Loja_Quarentena_Online.c",
      "line": 227,
      "error": "memory error: out of bound pointer",
      "witness": {
        "stdin": "out_of_bound_pointer_line_227.stdin",
        "scanf": "out_of_bound_pointer_line_227.scanf"
      }
    },
    {
      "file": "Loja_Quarentena_Online.c",
      "line": 400,
      "error": "memory error: out of bound pointer",
      "witness": {
        "stdin": "out_of_bound_pointer_line_400.stdin",
        "scanf": "out_of_bound_pointer_line_400.scanf"
      }
    },
    {
      "file": "Loja_Quarentena_Online.c",
      "line": 341,
      "error": "memory error: out of bound pointer",
      "witness": {
        "stdin": "out_of_bound_pointer_line_341.stdin",
        "scanf": "out_of_bound_pointer_line_341.scanf"
      }
    },
    {
      "file": "Loja_Quarentena_Online.c",
      "line": 498,
      "error": "memory error: out of bound pointer",
      "witness": {
        "stdin": "out_of_bound_pointer_line_498.stdin",
        "scanf": "out_of_bound_pointer_line_498.scanf"
      }
    },
    {
      "file": "Loja_Quarentena_Online.c",
      "line": 342,
      "error": "memory error: out of bound pointer",
      "witness": {
        "stdin": "out_of_bound_pointer_line_342.stdin",
        "scanf": "out_of_bound_pointer_line_342.scanf"
      }
    },
    {
      "file": "Loja_Quarentena_Online.c",
      "line": 181,
      "error": "memory error: out of bound pointer",
      "witness": {
        "stdin": "out_of_bound_pointer_line_181.stdin",
        "scanf": "out_of_bound_pointer_line_181.scanf"
      }
    },
    {
      "file": "Loja_Quarentena_Online.c",
      "line": 311,
      "error": "memory error: out of bound pointer",
      "witness": {
        "stdin": "out_of_bound_pointer_line_311.stdin",
        "scanf": "out_of_bound_pointer_line_311.scanf"
      }
    },
    {
      "file": "Loja_Quarentena_Online.c",
      "line": 392,
      "error": "memory error: out of bound pointer",
      "witness": {
        "stdin": "out_of_bound_pointer_line_392.stdin",
        "scanf": "out_of_bound_pointer_line_392.scanf"
      }
    },
    {
      "file": "Loja_Quarentena_Online.c",
      "line": 230,
      "error": "memory error: out of bound pointer",
      "witness": {
        "stdin": "out_of_bound_pointer_line_230.stdin",
        "scanf": "out_of_bound_pointer_line_230.scanf"
      }
    },
    {
      "file": "Loja_Quarentena_Online.c",
      "line": 310,
      "error": "memory error: out of bound pointer",
      "witness": {
        "stdin": "out_of_bound_pointer_line_310.stdin",
        "scanf": "out_of_bound_pointer_line_310.scanf"
      }
    },
    {
      "file": "Loja_Quarentena_Online.c",
      "line": 277,
      "error": "memory error: out of bound pointer",
      "witness": {
        "stdin": "out_of_bound_pointer_line_277.stdin",
        "scanf": "out_of_bound_pointer_line_277.scanf"
      }
    },
    {
      "file": "Loja_Quarentena_Online.c",
      "line": 366,
      "error": "memory error: out of bound pointer",
      "witness": {
        "stdin": "out_of_bound_pointer_line_366.stdin",
        "scanf": "out_of_bound_pointer_line_366.scanf"
      }
    },
    {
      "file": "Loja_Quarentena_Online.c",
      "line": 230,
      "error": "memory error: out of bound pointer",
      "witness": {
        "stdin": "out_of_bound_pointer_line_230.stdin",
        "scanf": "out_of_bound_pointer_line_230.scanf"
      }
    },
    {
      "file": "Loja_Quarentena_Online.c",
      "line": 505,
      "error": "memory error: out of bound pointer",
      "witness": {
        "stdin": "out_of_bound_pointer_line_505.stdin",
        "scanf": "out_of_bound_pointer_line_505.scanf"
      }
    }
  ]
}