{
  "name": "Project_42",
  "errors": [
    {
      "file": "proj1.c",
      "line": 329,
      "error": "memory error: out of bound pointer",
      "witness": {
        "stdin": "out_of_bound_pointer_line_329.stdin",
        "scanf": "out_of_bound_pointer_line_329.scanf"
      }
    },
    {
      "file": "proj1.c",
      "line": 334,
      "error": "memory error: out of bound pointer",
      "witness": {
        "stdin": "out_of_bound_pointer_line_334.stdin",
        "scanf": "out_of_bound_pointer_line_334.scanf"
      }
    },
    {
      "file": "proj1.c",
      "line": 334,
      "error": "memory error: object read only",
      "witness": {
        "stdin": "object_read_only_line_334.stdin",
        "scanf": "object_read_only_line_334.scanf"
      }
    }
  ]
}