{
  "name": "Project_29",
  "errors": [
    {
      "file": "game.c",
      "line": 40,
      "error": "memory error: out of bound pointer",
      "witness": {
        "stdin": "out_of_bound_pointer_line_40.stdin",
        "scanf": "out_of_bound_pointer_line_40.scanf"
      }
    },
    {
      "file": "team.c",
      "line": 140,
      "error": "memory error: out of bound pointer",
      "witness": {
        "stdin": "out_of_bound_pointer_line_140.stdin",
        "scanf": "out_of_bound_pointer_line_140.scanf"
      }
    },
    {
      "file": "main.c",
      "line": 43,
      "error": "memory error: out of bound pointer",
      "witness": {
        "stdin": "out_of_bound_pointer_line_43.stdin",
        "scanf": "out_of_bound_pointer_line_43.scanf"
      }
    }
  ]
}