{
  "name": "Project_323",
  "errors": [
    {
      "file": "Andreia96836.c",
      "line": 203,
      "error": "memory error: out of bound pointer",
      "witness": {
        "stdin": "out_of_bound_pointer_line_203.stdin",
        "scanf": "out_of_bound_pointer_line_203.scanf"
      }
    },
    {
      "file": "Andreia96836.c",
      "line": 206,
      "error": "memory error: out of bound pointer",
      "witness": {
        "stdin": "out_of_bound_pointer_line_206.stdin",
        "scanf": "out_of_bound_pointer_line_206.scanf"
      }
    },
    {
      "file": "Andreia96836.c",
      "line": 298,
      "error": "memory error: out of bound pointer",
      "witness": {
        "stdin": "out_of_bound_pointer_line_298.stdin",
        "scanf": "out_of_bound_pointer_line_298.scanf"
      }
    },
    {
      "file": "Andreia96836.c",
      "line": 329,
      "error": "memory error: out of bound pointer",
      "witness": {
        "stdin": "out_of_bound_pointer_line_329.stdin",
        "scanf": "out_of_bound_pointer_line_329.scanf"
      }
    },
    {
      "file": "Andreia96836.c",
      "line": 298,
      "error": "memory error: out of bound pointer",
      "witness": {
        "stdin": "out_of_bound_pointer_line_298.stdin",
        "scanf": "out_of_bound_pointer_line_298.scanf"
      }
    },
    {
      "file": "Andreia96836.c",
      "line": 396,
      "error": "memory error: out of bound pointer",
      "witness": {
        "stdin": "out_of_bound_pointer_line_396.stdin",
        "scanf": "out_of_bound_pointer_line_396.scanf"
      }
    }
  ]
}