{
  "name": "Project_374",
  "errors": [
    {
      "file": "projeto.c",
      "line": 40,
      "error": "memory error: out of bound pointer",
      "witness": {
        "stdin": "out_of_bound_pointer_line_40.stdin",
        "scanf": "out_of_bound_pointer_line_40.scanf"
      }
    },
    {
      "file": "projeto.c",
      "line": 127,
      "error": "memory error: out of bound pointer",
      "witness": {
        "stdin": "out_of_bound_pointer_line_127.stdin",
        "scanf": "out_of_bound_pointer_line_127.scanf"
      }
    },
    {
      "file": "projeto.c",
      "line": 280,
      "error": "memory error: out of bound pointer",
      "witness": {
        "stdin": "out_of_bound_pointer_line_280.stdin",
        "scanf": "out_of_bound_pointer_line_280.scanf"
      }
    },
    {
      "file": "projeto.c",
      "line": 127,
      "error": "memory error: object read only",
      "witness": {
        "stdin": "object_read_only_line_127.stdin",
        "scanf": "object_read_only_line_127.scanf"
      }
    },
    {
      "file": "projeto.c",
      "line": 141,
      "error": "memory error: out of bound pointer",
      "witness": {
        "stdin": "out_of_bound_pointer_line_141.stdin",
        "scanf": "out_of_bound_pointer_line_141.scanf"
      }
    }
  ]
}