{
  "name": "Project_36",
  "errors": [
    {
      "file": "main.c",
      "line": 470,
      "error": "memory error: out of bound pointer",
      "witness": {
        "stdin": "out_of_bound_pointer_line_470.stdin",
        "scanf": "out_of_bound_pointer_line_470.scanf"
      }
    },
    {
      "file": "main.c",
      "line": 185,
      "error": "memory error: out of bound pointer",
      "witness": {
        "stdin": "out_of_bound_pointer_line_185.stdin",
        "scanf": "out_of_bound_pointer_line_185.scanf"
      }
    },
    {
      "file": "main.c",
      "line": 274,
      "error": "memory error: out of bound pointer",
      "witness": {
        "stdin": "out_of_bound_pointer_line_274.stdin",
        "scanf": "out_of_bound_pointer_line_274.scanf"
      }
    },
    {
      "file": "main.c",
      "line": 242,
      "error": "memory error: out of bound pointer",
      "witness": {
        "stdin": "out_of_bound_pointer_line_242.stdin",
        "scanf": "out_of_bound_pointer_line_242.scanf"
      }
    },
    {
      "file": "main.c",
      "line": 225,
      "error": "memory error: out of bound pointer",
      "witness": {
        "stdin": "out_of_bound_pointer_line_225.stdin",
        "scanf": "out_of_bound_pointer_line_225.scanf"
      }
    },
    {
      "file": "main.c",
      "line": 317,
      "error": "memory error: out of bound pointer",
      "witness": {
        "stdin": "out_of_bound_pointer_line_317.stdin",
        "scanf": "out_of_bound_pointer_line_317.scanf"
      }
    },
    {
      "file": "main.c",
      "line": 123,
      "error": "memory error: out of bound pointer",
      "witness": {
        "stdin": "out_of_bound_pointer_line_123.stdin",
        "scanf": "out_of_bound_pointer_line_123.scanf"
      }
    }
  ]
}