{
  "name": "Project_345",
  "errors": [
    {
      "file": "P1.c",
      "line": 103,
      "error": "memory error: out of bound pointer",
      "witness": {
        "stdin": "out_of_bound_pointer_line_103.stdin",
        "scanf": "out_of_bound_pointer_line_103.scanf"
      }
    },
    {
      "file": "P1.c",
      "line": 79,
      "error": "memory error: out of bound pointer",
      "witness": {
        "stdin": "out_of_bound_pointer_line_79.stdin",
        "scanf": "out_of_bound_pointer_line_79.scanf"
      }
    }
  ]
}