{
  "name": "Project_164",
  "errors": [
    {
      "file": "proj13.c",
      "line": 40,
      "error": "memory error: out of bound pointer",
      "witness": {
        "stdin": "out_of_bound_pointer_line_40.stdin",
        "scanf": "out_of_bound_pointer_line_40.scanf"
      }
    },
    {
      "file": "proj13.c",
      "line": 70,
      "error": "memory error: out of bound pointer",
      "witness": {
        "stdin": "out_of_bound_pointer_line_70.stdin",
        "scanf": "out_of_bound_pointer_line_70.scanf"
      }
    },
    {
      "file": "proj13.c",
      "line": 40,
      "error": "memory error: object read only",
      "witness": {
        "stdin": "object_read_only_line_40.stdin",
        "scanf": "object_read_only_line_40.scanf"
      }
    },
    {
      "file": "proj13.c",
      "line": 66,
      "error": "memory error: out of bound pointer",
      "witness": {
        "stdin": "out_of_bound_pointer_line_66.stdin",
        "scanf": "out_of_bound_pointer_line_66.scanf"
      }
    }
  ]
}