{
  "name": "Project_271",
  "errors": [
    {
      "file": "proj1.c",
      "line": 186,
      "error": "memory error: out of bound pointer",
      "witness": {
        "stdin": "out_of_bound_pointer_line_186.stdin",
        "scanf": "out_of_bound_pointer_line_186.scanf"
      }
    },
    {
      "file": "proj1.c",
      "line": 357,
      "error": "memory error: out of bound pointer",
      "witness": {
        "stdin": "out_of_bound_pointer_line_357.stdin",
        "scanf": "out_of_bound_pointer_line_357.scanf"
      }
    }
  ]
}