{
  "name": "Project_366",
  "errors": [
    {
      "file": "quick.c",
      "line": 194,
      "error": "memory error: out of bound pointer",
      "witness": {
        "stdin": "out_of_bound_pointer_line_194.stdin",
        "scanf": "out_of_bound_pointer_line_194.scanf"
      }
    },
    {
      "file": "quick.c",
      "line": 157,
      "error": "memory error: out of bound pointer",
      "witness": {
        "stdin": "out_of_bound_pointer_line_157.stdin",
        "scanf": "out_of_bound_pointer_line_157.scanf"
      }
    }
  ]
}