{
  "name": "Project_5",
  "errors": [
    {
      "file": "Jogos.c",
      "line": 141,
      "error": "memory error: out of bound pointer",
      "witness": {
        "stdin": "out_of_bound_pointer_line_141.stdin",
        "scanf": "out_of_bound_pointer_line_141.scanf"
      }
    },
    {
      "file": "Equipas.c",
      "line": 69,
      "error": "memory error: out of bound pointer",
      "witness": {
        "stdin": "out_of_bound_pointer_line_69.stdin",
        "scanf": "out_of_bound_pointer_line_69.scanf"
      }
    }
  ]
}