{
  "name": "Project_293",
  "errors": [
    {
      "file": "proj.c",
      "line": 62,
      "error": "memory error: out of bound pointer",
      "witness": {
        "stdin": "out_of_bound_pointer_line_62.stdin",
        "scanf": "out_of_bound_pointer_line_62.scanf"
      }
    },
    {
      "file": "proj.c",
      "line": 386,
      "error": "memory error: out of bound pointer",
      "witness": {
        "stdin": "out_of_bound_pointer_line_386.stdin",
        "scanf": "out_of_bound_pointer_line_386.scanf"
      }
    },
    {
      "file": "proj.c",
      "line": 58,
      "error": "memory error: out of bound pointer",
      "witness": {
        "stdin": "out_of_bound_pointer_line_58.stdin",
        "scanf": "out_of_bound_pointer_line_58.scanf"
      }
    },
    {
      "file": "proj.c",
      "line": 284,
      "error": "memory error: out of bound pointer",
      "witness": {
        "stdin": "out_of_bound_pointer_line_284.stdin",
        "scanf": "out_of_bound_pointer_line_284.scanf"
      }
    }
  ]
}