{
  "name": "Project_394",
  "errors": [
    {
      "file": "proj1.c",
      "line": 261,
      "error": "memory error: out of bound pointer",
      "witness": {
        "stdin": "out_of_bound_pointer_line_261.stdin",
        "scanf": "out_of_bound_pointer_line_261.scanf"
      }
    },
    {
      "file": "proj1.c",
      "line": 307,
      "error": "memory error: out of bound pointer",
      "witness": {
        "stdin": "out_of_bound_pointer_line_307.stdin",
        "scanf": "out_of_bound_pointer_line_307.scanf"
      }
    }
  ]
}