{
  "name": "Project_151",
  "errors": [
    {
      "file": "hashtable_equipas.c",
      "line": 47,
      "error": "memory error: out of bound pointer",
      "witness": {
        "stdin": "out_of_bound_pointer_line_47.stdin",
        "scanf": "out_of_bound_pointer_line_47.scanf"
      }
    },
    {
      "file": "hashtable_jogos.c",
      "line": 23,
      "error": "memory error: out of bound pointer",
      "witness": {
        "stdin": "out_of_bound_pointer_line_23.stdin",
        "scanf": "out_of_bound_pointer_line_23.scanf"
      }
    }
  ]
}