{
  "name": "Project_238",
  "errors": [
    {
      "file": "projetoAll.c",
      "line": 631,
      "error": "memory error: out of bound pointer",
      "witness": {
        "stdin": "out_of_bound_pointer_line_631.stdin",
        "scanf": "out_of_bound_pointer_line_631.scanf"
      }
    },
    {
      "file": "projetoAll.c",
      "line": 321,
      "error": "memory error: out of bound pointer",
      "witness": {
        "stdin": "out_of_bound_pointer_line_321.stdin",
        "scanf": "out_of_bound_pointer_line_321.scanf"
      }
    },
    {
      "file": "projetoAll.c",
      "line": 323,
      "error": "memory error: out of bound pointer",
      "witness": {
        "stdin": "out_of_bound_pointer_line_323.stdin",
        "scanf": "out_of_bound_pointer_line_323.scanf"
      }
    },
    {
      "file": "projetoAll.c",
      "line": 311,
      "error": "memory error: out of bound pointer",
      "witness": {
        "stdin": "out_of_bound_pointer_line_311.stdin",
        "scanf": "out_of_bound_pointer_line_311.scanf"
      }
    },
    {
      "file": "projetoAll.c",
      "line": 694,
      "error": "memory error: out of bound pointer",
      "witness": {
        "stdin": "out_of_bound_pointer_line_694.stdin",
        "scanf": "out_of_bound_pointer_line_694.scanf"
      }
    },
    {
      "file": "projetoAll.c",
      "line": 378,
      "error": "memory error: out of bound pointer",
      "witness": {
        "stdin": "out_of_bound_pointer_line_378.stdin",
        "scanf": "out_of_bound_pointer_line_378.scanf"
      }
    },
    {
      "file": "projetoAll.c",
      "line": 608,
      "error": "memory error: out of bound pointer",
      "witness": {
        "stdin": "out_of_bound_pointer_line_608.stdin",
        "scanf": "out_of_bound_pointer_line_608.scanf"
      }
    },
    {
      "file": "projetoAll.c",
      "line": 352,
      "error": "memory error: out of bound pointer",
      "witness": {
        "stdin": "out_of_bound_pointer_line_352.stdin",
        "scanf": "out_of_bound_pointer_line_352.scanf"
      }
    }
  ]
}