{
  "name": "Project_259",
  "errors": [
    {
      "file": "proj1.c",
      "line": 340,
      "error": "memory error: out of bound pointer",
      "witness": {
        "stdin": "out_of_bound_pointer_line_340.stdin",
        "scanf": "out_of_bound_pointer_line_340.scanf"
      }
    },
    {
      "file": "proj1.c",
      "line": 338,
      "error": "memory error: out of bound pointer",
      "witness": {
        "stdin": "out_of_bound_pointer_line_338.stdin",
        "scanf": "out_of_bound_pointer_line_338.scanf"
      }
    },
    {
      "file": "proj1.c",
      "line": 220,
      "error": "memory error: out of bound pointer",
      "witness": {
        "stdin": "out_of_bound_pointer_line_220.stdin",
        "scanf": "out_of_bound_pointer_line_220.scanf"
      }
    },
    {
      "file": "proj1.c",
      "line": 351,
      "error": "memory error: out of bound pointer",
      "witness": {
        "stdin": "out_of_bound_pointer_line_351.stdin",
        "scanf": "out_of_bound_pointer_line_351.scanf"
      }
    },
    {
      "file": "proj1.c",
      "line": 92,
      "error": "memory error: out of bound pointer",
      "witness": {
        "stdin": "out_of_bound_pointer_line_92.stdin",
        "scanf": "out_of_bound_pointer_line_92.scanf"
      }
    },
    {
      "file": "proj1.c",
      "line": 231,
      "error": "memory error: out of bound pointer",
      "witness": {
        "stdin": "out_of_bound_pointer_line_231.stdin",
        "scanf": "out_of_bound_pointer_line_231.scanf"
      }
    },
    {
      "file": "proj1.c",
      "line": 89,
      "error": "memory error: out of bound pointer",
      "witness": {
        "stdin": "out_of_bound_pointer_line_89.stdin",
        "scanf": "out_of_bound_pointer_line_89.scanf"
      }
    },
    {
      "file": "proj1.c",
      "line": 103,
      "error": "memory error: out of bound pointer",
      "witness": {
        "stdin": "out_of_bound_pointer_line_103.stdin",
        "scanf": "out_of_bound_pointer_line_103.scanf"
      }
    },
    {
      "file": "proj1.c",
      "line": 319,
      "error": "memory error: out of bound pointer",
      "witness": {
        "stdin": "out_of_bound_pointer_line_319.stdin",
        "scanf": "out_of_bound_pointer_line_319.scanf"
      }
    }
  ]
}