{
  "name": "Project_127",
  "errors": [
    {
      "file": "projJ.c",
      "line": 171,
      "error": "memory error: out of bound pointer",
      "witness": {
        "stdin": "out_of_bound_pointer_line_171.stdin",
        "scanf": "out_of_bound_pointer_line_171.scanf"
      }
    },
    {
      "file": "projJ.c",
      "line": 225,
      "error": "memory error: out of bound pointer",
      "witness": {
        "stdin": "out_of_bound_pointer_line_225.stdin",
        "scanf": "out_of_bound_pointer_line_225.scanf"
      }
    }
  ]
}