{
  "name": "Project_129",
  "errors": [
    {
      "file": "projeto1.c",
      "line": 320,
      "error": "memory error: out of bound pointer",
      "witness": {
        "stdin": "out_of_bound_pointer_line_320.stdin",
        "scanf": "out_of_bound_pointer_line_320.scanf"
      }
    },
    {
      "file": "projeto1.c",
      "line": 318,
      "error": "memory error: out of bound pointer",
      "witness": {
        "stdin": "out_of_bound_pointer_line_318.stdin",
        "scanf": "out_of_bound_pointer_line_318.scanf"
      }
    },
    {
      "file": "projeto1.c",
      "line": 320,
      "error": "memory error: out of bound pointer",
      "witness": {
        "stdin": "out_of_bound_pointer_line_320.stdin",
        "scanf": "out_of_bound_pointer_line_320.scanf"
      }
    }
  ]
}