{
  "name": "Project_199",
  "errors": [
    {
      "file": "hashtable.c",
      "line": 143,
      "error": "memory error: out of bound pointer",
      "witness": {
        "stdin": "out_of_bound_pointer_line_143.stdin",
        "scanf": "out_of_bound_pointer_line_143.scanf"
      }
    },
    {
      "file": "hashtable.c",
      "line": 53,
      "error": "memory error: out of bound pointer",
      "witness": {
        "stdin": "out_of_bound_pointer_line_53.stdin",
        "scanf": "out_of_bound_pointer_line_53.scanf"
      }
    }
  ]
}