{
  "name": "Project_192",
  "errors": [
    {
      "file": "proj2.c",
      "line": 102,
      "error": "memory error: out of bound pointer",
      "witness": {
        "stdin": "out_of_bound_pointer_line_102.stdin",
        "scanf": "out_of_bound_pointer_line_102.scanf"
      }
    },
    {
      "file": "proj2.c",
      "line": 473,
      "error": "memory error: out of bound pointer",
      "witness": {
        "stdin": "out_of_bound_pointer_line_473.stdin",
        "scanf": "out_of_bound_pointer_line_473.scanf"
      }
    },
    {
      "file": "proj2.c",
      "line": 399,
      "error": "memory error: out of bound pointer",
      "witness": {
        "stdin": "out_of_bound_pointer_line_399.stdin",
        "scanf": "out_of_bound_pointer_line_399.scanf"
      }
    },
    {
      "file": "proj2.c",
      "line": 253,
      "error": "memory error: out of bound pointer",
      "witness": {
        "stdin": "out_of_bound_pointer_line_253.stdin",
        "scanf": "out_of_bound_pointer_line_253.scanf"
      }
    },
    {
      "file": "proj2.c",
      "line": 474,
      "error": "memory error: out of bound pointer",
      "witness": {
        "stdin": "out_of_bound_pointer_line_474.stdin",
        "scanf": "out_of_bound_pointer_line_474.scanf"
      }
    },
    {
      "file": "proj2.c",
      "line": 114,
      "error": "memory error: out of bound pointer",
      "witness": {
        "stdin": "out_of_bound_pointer_line_114.stdin",
        "scanf": "out_of_bound_pointer_line_114.scanf"
      }
    },
    {
      "file": "proj2.c",
      "line": 270,
      "error": "memory error: out of bound pointer",
      "witness": {
        "stdin": "out_of_bound_pointer_line_270.stdin",
        "scanf": "out_of_bound_pointer_line_270.scanf"
      }
    },
    {
      "file": "proj2.c",
      "line": 230,
      "error": "memory error: out of bound pointer",
      "witness": {
        "stdin": "out_of_bound_pointer_line_230.stdin",
        "scanf": "out_of_bound_pointer_line_230.scanf"
      }
    },
    {
      "file": "proj2.c",
      "line": 227,
      "error": "memory error: out of bound pointer",
      "witness": {
        "stdin": "out_of_bound_pointer_line_227.stdin",
        "scanf": "out_of_bound_pointer_line_227.scanf"
      }
    }
  ]
}