{
  "name": "Project_234",
  "errors": [
    {
      "file": "proj1.c",
      "line": 131,
      "error": "memory error: object read only",
      "witness": {
        "stdin": "object_read_only_line_131.stdin",
        "scanf": "object_read_only_line_131.scanf"
      }
    },
    {
      "file": "proj1.c",
      "line": 249,
      "error": "memory error: out of bound pointer",
      "witness": {
        "stdin": "out_of_bound_pointer_line_249.stdin",
        "scanf": "out_of_bound_pointer_line_249.scanf"
      }
    },
    {
      "file": "proj1.c",
      "line": 233,
      "error": "memory error: out of bound pointer",
      "witness": {
        "stdin": "out_of_bound_pointer_line_233.stdin",
        "scanf": "out_of_bound_pointer_line_233.scanf"
      }
    },
    {
      "file": "proj1.c",
      "line": 232,
      "error": "memory error: out of bound pointer",
      "witness": {
        "stdin": "out_of_bound_pointer_line_232.stdin",
        "scanf": "out_of_bound_pointer_line_232.scanf"
      }
    },
    {
      "file": "proj1.c",
      "line": 208,
      "error": "memory error: out of bound pointer",
      "witness": {
        "stdin": "out_of_bound_pointer_line_208.stdin",
        "scanf": "out_of_bound_pointer_line_208.scanf"
      }
    },
    {
      "file": "proj1.c",
      "line": 192,
      "error": "memory error: out of bound pointer",
      "witness": {
        "stdin": "out_of_bound_pointer_line_192.stdin",
        "scanf": "out_of_bound_pointer_line_192.scanf"
      }
    },
    {
      "file": "proj1.c",
      "line": 131,
      "error": "memory error: out of bound pointer",
      "witness": {
        "stdin": "out_of_bound_pointer_line_131.stdin",
        "scanf": "out_of_bound_pointer_line_131.scanf"
      }
    },
    {
      "file": "proj1.c",
      "line": 249,
      "error": "memory error: object read only",
      "witness": {
        "stdin": "object_read_only_line_249.stdin",
        "scanf": "object_read_only_line_249.scanf"
      }
    }
  ]
}