{
  "name": "Project_246",
  "errors": [
    {
      "file": "proj1.c",
      "line": 49,
      "error": "memory error: out of bound pointer",
      "witness": {
        "stdin": "out_of_bound_pointer_line_49.stdin",
        "scanf": "out_of_bound_pointer_line_49.scanf"
      }
    },
    {
      "file": "proj1.c",
      "line": 599,
      "error": "memory error: out of bound pointer",
      "witness": {
        "stdin": "out_of_bound_pointer_line_599.stdin",
        "scanf": "out_of_bound_pointer_line_599.scanf"
      }
    }
  ]
}