{
  "name": "Project_182",
  "errors": [
    {
      "file": "structures.c",
      "line": 59,
      "error": "memory error: out of bound pointer",
      "witness": {
        "stdin": "out_of_bound_pointer_line_59.stdin",
        "scanf": "out_of_bound_pointer_line_59.scanf"
      }
    },
    {
      "file": "structures.c",
      "line": 14,
      "error": "memory error: out of bound pointer",
      "witness": {
        "stdin": "out_of_bound_pointer_line_14.stdin",
        "scanf": "out_of_bound_pointer_line_14.scanf"
      }
    },
    {
      "file": "structures.c",
      "line": 194,
      "error": "memory error: out of bound pointer",
      "witness": {
        "stdin": "out_of_bound_pointer_line_194.stdin",
        "scanf": "out_of_bound_pointer_line_194.scanf"
      }
    }
  ]
}