{
  "name": "Project_303",
  "errors": [
    {
      "file": "proj1.c",
      "line": 83,
      "error": "memory error: out of bound pointer",
      "witness": {
        "stdin": "out_of_bound_pointer_line_83.stdin",
        "scanf": "out_of_bound_pointer_line_83.scanf"
      }
    },
    {
      "file": "proj1.c",
      "line": 82,
      "error": "memory error: out of bound pointer",
      "witness": {
        "stdin": "out_of_bound_pointer_line_82.stdin",
        "scanf": "out_of_bound_pointer_line_82.scanf"
      }
    }
  ]
}