{
  "name": "Project_381",
  "errors": [
    {
      "file": "projeto.c",
      "line": 277,
      "error": "memory error: out of bound pointer",
      "witness": {
        "stdin": "out_of_bound_pointer_line_277.stdin",
        "scanf": "out_of_bound_pointer_line_277.scanf"
      }
    },
    {
      "file": "projeto.c",
      "line": 116,
      "error": "memory error: out of bound pointer",
      "witness": {
        "stdin": "out_of_bound_pointer_line_116.stdin",
        "scanf": "out_of_bound_pointer_line_116.scanf"
      }
    },
    {
      "file": "projeto.c",
      "line": 89,
      "error": "memory error: out of bound pointer",
      "witness": {
        "stdin": "out_of_bound_pointer_line_89.stdin",
        "scanf": "out_of_bound_pointer_line_89.scanf"
      }
    },
    {
      "file": "projeto.c",
      "line": 89,
      "error": "memory error: object read only",
      "witness": {
        "stdin": "object_read_only_line_89.stdin",
        "scanf": "object_read_only_line_89.scanf"
      }
    },
    {
      "file": "projeto.c",
      "line": 204,
      "error": "memory error: out of bound pointer",
      "witness": {
        "stdin": "out_of_bound_pointer_line_204.stdin",
        "scanf": "out_of_bound_pointer_line_204.scanf"
      }
    },
    {
      "file": "projeto.c",
      "line": 206,
      "error": "memory error: out of bound pointer",
      "witness": {
        "stdin": "out_of_bound_pointer_line_206.stdin",
        "scanf": "out_of_bound_pointer_line_206.scanf"
      }
    },
    {
      "file": "projeto.c",
      "line": 116,
      "error": "memory error: object read only",
      "witness": {
        "stdin": "object_read_only_line_116.stdin",
        "scanf": "object_read_only_line_116.scanf"
      }
    }
  ]
}