{
  "name": "Project_157",
  "errors": [
    {
      "file": "proj2.c",
      "line": 70,
      "error": "memory error: out of bound pointer",
      "witness": {
        "stdin": "out_of_bound_pointer_line_70.stdin",
        "scanf": "out_of_bound_pointer_line_70.scanf"
      }
    },
    {
      "file": "proj2.c",
      "line": 70,
      "error": "memory error: object read only",
      "witness": {
        "stdin": "object_read_only_line_70.stdin",
        "scanf": "object_read_only_line_70.scanf"
      }
    },
    {
      "file": "proj2.c",
      "line": 202,
      "error": "memory error: out of bound pointer",
      "witness": {
        "stdin": "out_of_bound_pointer_line_202.stdin",
        "scanf": "out_of_bound_pointer_line_202.scanf"
      }
    }
  ]
}