{
    "iaed_p1": {
        "256": 2.3,
        "45": 1.78,
        "264": 2.05,
        "403": 1.86,
        "365": 2.21,
        "5": 1.7,
        "82": 1.6,
        "24": 1.85,
        "47": 2.43,
        "323": 2.23,
        "260": 1.86,
        "236": 1.22,
        "402": 1.96,
        "120": 2.27,
        "31": 1.79,
        "20": 2.41,
        "19": 1.93,
        "23": 3.89,
        "166": 2.76,
        "330": 0.9,
        "50": 1.81,
        "338": 2.52,
        "149": 1.84,
        "152": 1.87,
        "306": 1.86,
        "198": 1.86,
        "140": 1.01,
        "263": 1.83,
        "172": 1.79,
        "266": 3.13,
        "246": 2.3,
        "374": 2.01,
        "360": 3.6,
        "241": 2.35,
        "205": 4.73,
        "85": 1.98,
        "13": 1.35,
        "290": 2.05,
        "363": 2.53,
        "70": 2.01,
        "353": 2.6,
        "104": 1.98,
        "316": 2.06,
        "48": 2.94,
        "29": 2.39,
        "379": 1.69,
        "213": 2.48,
        "211": 3.06,
        "245": 2.5,
        "167": 2.71,
        "343": 1.0,
        "295": 1.1,
        "138": 2.13,
        "222": 1.79,
        "86": 1.8,
        "294": 1.85,
        "309": 2.09,
        "21": 1.26,
        "392": 2.48,
        "89": 2.02,
        "250": 2.28,
        "230": 2.76,
        "312": 1.35,
        "1": 2.16,
        "40": 2.0,
        "233": 1.99,
        "191": 1.72,
        "186": 1.26,
        "189": 2.51,
        "356": 0.52,
        "131": 2.4,
        "289": 2.2,
        "299": 1.11,
        "184": 2.12,
        "382": 2.11,
        "350": 2.04,
        "227": 0.79,
        "296": 2.15,
        "232": 4.21,
        "386": 2.46,
        "349": 2.37,
        "123": 1.86,
        "192": 2.66,
        "68": 0.91,
        "199": 2.05,
        "160": 2.2,
        "391": 2.25,
        "84": 1.03,
        "74": 2.15,
        "158": 2.24,
        "377": 2.08,
        "51": 1.06,
        "326": 2.3,
        "153": 2.35,
        "163": 1.98,
        "370": 0.61,
        "117": 2.02,
        "151": 1.88,
        "298": 2.09,
        "182": 3.25,
        "231": 1.21,
        "393": 1.82,
        "197": 9.17,
        "262": 1.82,
        "216": 2.44,
        "135": 0.92,
        "121": 2.23,
        "57": 2.07,
        "384": 1.04,
        "239": 1.97,
        "238": 2.23,
        "183": 3.13,
        "362": 2.21,
        "364": 1.87,
        "358": 2.59,
        "368": 2.09,
        "321": 2.75,
        "75": 2.18,
        "130": 890.01,
        "148": 2.0,
        "92": 1.77,
        "35": 4.15,
        "73": 3.1,
        "376": 1.61,
        "150": 1.8,
        "95": 2.16,
        "12": 1.43,
        "133": 2.24,
        "375": 2.45,
        "268": 2.15,
        "269": 1.5,
        "336": 2.58,
        "257": 2.31,
        "180": 2.17,
        "28": 2.55,
        "155": 2.77,
        "400": 1.78,
        "242": 2.09,
        "249": 1.36,
        "93": 1.78,
        "39": 1.88,
        "144": 2.12,
        "244": 2.77,
        "112": 2.42,
        "124": 1.76,
        "322": 1.6,
        "71": 2.01,
        "324": 1.82,
        "77": 1.78,
        "397": 0.85,
        "328": 3.1,
        "291": 2.1,
        "147": 4.1,
        "270": 1.56,
        "385": 1.9,
        "348": 0.94,
        "209": 2.45,
        "255": 2.41,
        "369": 2.25,
        "181": 2.13,
        "237": 2.73,
        "113": 2.21,
        "210": 2.15,
        "310": 4.71,
        "42": 2.51,
        "55": 1.82,
        "53": 2.61,
        "11": 2.08,
        "271": 1.83,
        "319": 1.65,
        "303": 1.48,
        "342": 2.57,
        "136": 27.55,
        "114": 1.94,
        "347": 1.27,
        "125": 1.1,
        "293": 2.66,
        "288": 1.93,
        "8": 2.58,
        "389": 1.57,
        "126": 2.39,
        "247": 2.54,
        "320": 1.8,
        "304": 2.33,
        "224": 2.27,
        "118": 2.23,
        "279": 4.29,
        "225": 3.44,
        "373": 2.15,
        "215": 1.26,
        "65": 2.35,
        "79": 0.64,
        "141": 2.26,
        "102": 2.72,
        "337": 2.27,
        "302": 1.71,
        "122": 1.67,
        "94": 1.98,
        "251": 2.51,
        "300": 2.22,
        "208": 48.99,
        "59": 2.1,
        "394": 2.27,
        "76": 1.58,
        "143": 2.2,
        "367": 2.27,
        "156": 2.53,
        "110": 2.05,
        "329": 2.23,
        "351": 1.05,
        "286": 2.16,
        "159": 2.67,
        "201": 2.34,
        "15": 3.33,
        "395": 1.23,
        "46": 0.77,
        "54": 2.52,
        "284": 3.41,
        "27": 2.05,
        "226": 2.65,
        "196": 1.81,
        "220": 0.66,
        "234": 1.35,
        "116": 1.36,
        "26": 1.88,
        "173": 2.56,
        "283": 2.1,
        "88": 1.83,
        "168": 3.14,
        "108": 2.79,
        "327": 1.39,
        "219": 28.21,
        "335": 1.9,
        "63": 5.19,
        "195": 3.3,
        "18": 1.72,
        "206": 2.21,
        "274": 1.09,
        "200": 1.53,
        "34": 3.34,
        "111": 4.77,
        "100": 2.36,
        "58": 2.17,
        "229": 4.05,
        "72": 2.01,
        "381": 2.01,
        "174": 2.05,
        "164": 2.79,
        "252": 2.18,
        "259": 3.44,
        "297": 2.43,
        "99": 3.51,
        "308": 2.14,
        "17": 2.18,
        "66": 1.15,
        "378": 2.35,
        "334": 1.79,
        "142": 2.02,
        "38": 2.53,
        "187": 3.05,
        "253": 2.9,
        "280": 2.69,
        "80": 1.82,
        "62": 1.74,
        "380": 1.75,
        "240": 2.71,
        "325": 2.03,
        "398": 2.34,
        "372": 0.95,
        "258": 1.85,
        "261": 2.08,
        "96": 1.95,
        "129": 1.22,
        "217": 0.92,
        "178": 2.33,
        "315": 2.99,
        "107": 2.38,
        "177": 1.6,
        "41": 2.15,
        "2": 0.8,
        "277": 2.44,
        "318": 3.51,
        "188": 2.94,
        "317": 1.03,
        "115": 1.57,
        "145": 0.87,
        "10": 2.65,
        "361": 1.97,
        "170": 2.04,
        "106": 1.85,
        "292": 2.66,
        "314": 2.18,
        "119": 2.35,
        "101": 2.44,
        "223": 1.56,
        "207": 2.37,
        "228": 2.45,
        "165": 2.64,
        "399": 2.04,
        "281": 1.91,
        "248": 1.06,
        "344": 1.48,
        "194": 1.62,
        "354": 1.66,
        "139": 2.28,
        "109": 2.36,
        "366": 1.9,
        "56": 1.84,
        "212": 8.38,
        "221": 3.46,
        "301": 1.02,
        "214": 3.85,
        "345": 2.33,
        "383": 2.0,
        "52": 1.91,
        "61": 1.99,
        "204": 2.22,
        "176": 2.53,
        "32": 1.53,
        "36": 3.46,
        "169": 2.26,
        "83": 1.86,
        "49": 2.16,
        "359": 3.63,
        "87": 1.96,
        "161": 0.64,
        "67": 1.81,
        "331": 2.04,
        "313": 3.41,
        "390": 1.98,
        "273": 1.72,
        "146": 2.33,
        "179": 2.07,
        "341": 2.08,
        "190": 2.41,
        "243": 2.38,
        "91": 2.02,
        "371": 0.95,
        "3": 2.04,
        "202": 2.67,
        "98": 2.52,
        "332": 2.48,
        "267": 2.1,
        "305": 2.39,
        "7": 7.73,
        "388": 1.87,
        "387": 1.75,
        "346": 1.82,
        "339": 3.42,
        "203": 2.21,
        "127": 2.25,
        "352": 1.94,
        "105": 2.61,
        "276": 1.8,
        "9": 3.48,
        "287": 2.51,
        "97": 1.69,
        "30": 2.22,
        "265": 2.1,
        "355": 2.05,
        "4": 2.37,
        "157": 1.97,
        "103": 1.83,
        "218": 1.34,
        "193": 1.71,
        "14": 1.9,
        "162": 1.8,
        "132": 2.67,
        "128": 1.5,
        "278": 2.54,
        "171": 1.88,
        "37": 4.49,
        "185": 2.03,
        "285": 2.25,
        "25": 1.64,
        "134": 3.77,
        "64": 3.15,
        "137": 1.8,
        "357": 1.88,
        "311": 2.31,
        "69": 2.47,
        "333": 0.89,
        "16": 2.58,
        "81": 1.81,
        "44": 2.46,
        "90": 0.86,
        "396": 1.97,
        "154": 1.01
    },
    "asa_2122_p1": {
        "al067": 1.47,
        "tp063": 0.87,
        "tp040": 2.49,
        "tp032": 0.71,
        "al133": 1.42,
        "al010": 1.52,
        "al062": 1.53,
        "al140": 890.03,
        "al031": 0.53,
        "al101": 1.6,
        "tp045": 1.57,
        "tp052": 0.72,
        "al056": 1.45,
        "al087": 890.02
    },
    "iaed_p2": {
        "256": 4.22,
        "45": 3.2,
        "264": 4.33,
        "5": 4.62,
        "82": 3.77,
        "24": 3.35,
        "47": 2.86,
        "323": 3.49,
        "260": 2.13,
        "236": 5.29,
        "120": 5.12,
        "31": 7.76,
        "33": 4.14,
        "19": 2.14,
        "23": 2.42,
        "166": 4.49,
        "330": 3.53,
        "338": 2.78,
        "149": 3.84,
        "306": 2.21,
        "198": 2.5,
        "140": 4.34,
        "263": 2.49,
        "172": 3.84,
        "266": 3.35,
        "246": 3.82,
        "205": 5.36,
        "85": 4.98,
        "13": 4.34,
        "290": 1.03,
        "70": 3.57,
        "353": 3.16,
        "104": 4.41,
        "316": 4.83,
        "29": 8.7,
        "213": 3.37,
        "211": 3.61,
        "245": 3.03,
        "167": 15.96,
        "343": 3.91,
        "6": 5.47,
        "295": 4.97,
        "138": 1.83,
        "222": 1.19,
        "86": 3.63,
        "294": 3.23,
        "309": 3.44,
        "21": 7.59,
        "89": 5.83,
        "250": 8.0,
        "230": 3.16,
        "312": 3.11,
        "1": 4.09,
        "40": 2.74,
        "233": 3.72,
        "191": 4.07,
        "186": 3.07,
        "189": 3.93,
        "131": 4.34,
        "289": 3.97,
        "299": 3.06,
        "184": 4.19,
        "350": 3.59,
        "227": 4.3,
        "296": 4.23,
        "232": 1.86,
        "349": 3.13,
        "123": 2.36,
        "192": 7.23,
        "199": 4.3,
        "84": 5.67,
        "74": 4.23,
        "158": 1.34,
        "51": 21.65,
        "326": 4.99,
        "153": 4.36,
        "163": 3.97,
        "117": 5.46,
        "151": 5.04,
        "298": 5.28,
        "182": 4.28,
        "231": 2.28,
        "197": 4.04,
        "262": 3.8,
        "216": 3.09,
        "135": 4.63,
        "121": 4.76,
        "239": 3.85,
        "238": 2.87,
        "183": 7.49,
        "75": 3.19,
        "130": 4.12,
        "148": 4.52,
        "175": 5.47,
        "22": 3.03,
        "282": 5.07,
        "35": 6.93,
        "73": 3.51,
        "150": 4.2,
        "95": 4.51,
        "254": 5.85,
        "133": 4.43,
        "268": 3.29,
        "269": 2.77,
        "336": 3.62,
        "257": 3.07,
        "180": 3.06,
        "28": 0.63,
        "155": 4.27,
        "242": 3.93,
        "144": 6.34,
        "244": 7.31,
        "112": 4.52,
        "124": 3.62,
        "322": 4.38,
        "71": 6.07,
        "324": 5.46,
        "77": 3.62,
        "328": 4.03,
        "291": 3.34,
        "147": 4.91,
        "270": 4.03,
        "348": 2.81,
        "209": 3.5,
        "255": 4.02,
        "181": 4.94,
        "237": 4.8,
        "113": 3.15,
        "210": 7.57,
        "310": 0.82,
        "42": 3.5,
        "55": 5.25,
        "11": 4.27,
        "136": 4.45,
        "114": 3.41,
        "347": 3.96,
        "293": 2.27,
        "288": 4.7,
        "8": 3.39,
        "126": 4.42,
        "320": 1.4,
        "304": 0.82,
        "60": 2.85,
        "224": 3.66,
        "279": 4.58,
        "225": 4.53,
        "215": 0.82,
        "235": 1.9,
        "65": 3.3,
        "79": 3.86,
        "141": 5.03,
        "337": 5.95,
        "302": 4.16,
        "122": 5.49,
        "300": 3.93,
        "208": 6.85,
        "59": 1.95,
        "76": 5.12,
        "143": 1.51,
        "156": 3.34,
        "110": 2.36,
        "329": 3.3,
        "351": 3.67,
        "286": 1.92,
        "159": 2.4,
        "46": 4.79,
        "54": 4.44,
        "284": 3.55,
        "27": 4.29,
        "226": 1.9,
        "116": 4.13,
        "26": 9.51,
        "173": 0.9,
        "283": 5.72,
        "88": 3.71,
        "168": 3.3,
        "108": 4.93,
        "327": 5.32,
        "272": 2.75,
        "219": 2.64,
        "335": 2.53,
        "340": 4.27,
        "63": 4.61,
        "195": 2.31,
        "18": 6.73,
        "206": 7.99,
        "274": 2.46,
        "200": 4.53,
        "34": 3.42,
        "111": 2.98,
        "100": 4.25,
        "58": 2.7,
        "72": 5.0,
        "174": 6.38,
        "164": 6.53,
        "252": 3.94,
        "259": 3.28,
        "297": 8.54,
        "99": 2.48,
        "308": 2.83,
        "17": 3.19,
        "66": 7.6,
        "334": 2.52,
        "142": 4.75,
        "38": 3.9,
        "187": 3.03,
        "253": 3.6,
        "62": 3.87,
        "240": 3.17,
        "325": 3.5,
        "258": 2.59,
        "261": 4.12,
        "96": 3.39,
        "129": 5.15,
        "217": 1.21,
        "178": 3.21,
        "315": 6.22,
        "107": 3.79,
        "177": 8.72,
        "41": 4.76,
        "2": 5.09,
        "277": 3.06,
        "318": 4.41,
        "188": 1.78,
        "317": 3.51,
        "115": 9.12,
        "145": 4.24,
        "10": 4.15,
        "170": 6.48,
        "292": 3.82,
        "314": 3.7,
        "119": 2.65,
        "101": 3.22,
        "223": 7.7,
        "207": 8.73,
        "228": 3.84,
        "165": 3.56,
        "248": 6.02,
        "344": 1.11,
        "194": 6.28,
        "139": 2.3,
        "109": 7.89,
        "56": 3.73,
        "212": 7.96,
        "221": 4.2,
        "301": 9.45,
        "214": 0.87,
        "52": 10.04,
        "61": 4.67,
        "176": 6.61,
        "32": 5.53,
        "36": 3.28,
        "169": 4.2,
        "83": 5.53,
        "49": 5.57,
        "87": 5.98,
        "161": 2.17,
        "67": 8.46,
        "331": 5.19,
        "313": 4.4,
        "273": 4.67,
        "179": 6.88,
        "341": 3.9,
        "190": 5.82,
        "243": 3.0,
        "91": 5.9,
        "3": 3.15,
        "98": 1.68,
        "332": 5.84,
        "267": 3.13,
        "305": 5.67,
        "7": 4.0,
        "275": 2.01,
        "346": 2.82,
        "203": 4.33,
        "127": 6.3,
        "352": 8.08,
        "105": 4.0,
        "276": 1.11,
        "9": 2.28,
        "287": 3.27,
        "97": 4.1,
        "265": 1.35,
        "157": 4.39,
        "103": 3.75,
        "218": 4.0,
        "193": 5.05,
        "14": 2.31,
        "162": 1.99,
        "132": 1.62,
        "128": 4.51,
        "278": 3.21,
        "37": 2.29,
        "285": 4.31,
        "25": 2.03,
        "134": 6.38,
        "64": 3.54,
        "137": 5.33,
        "311": 6.79,
        "69": 4.6,
        "333": 3.64,
        "16": 4.09,
        "81": 8.53,
        "44": 3.31,
        "90": 2.59,
        "154": 5.56
    },
    "asa_2021_p2": {
        "al134": 1.11,
        "al058": 1.39,
        "al152": 1.51,
        "al150": 1.65,
        "al133": 2.0,
        "tp061": 1.09,
        "al110": 2.16,
        "al117": 2.2,
        "al065": 1.32,
        "al098": 2.48,
        "al049": 1.66,
        "tp018": 1.64,
        "al086": 1.52,
        "al003": 1.72
    },
    "asa_1819_p1": {
        "al053": 1.71,
        "al136": 1.19,
        "tg031": 1.52,
        "tg028": 1.71,
        "al041": 2.49,
        "al141": 3.07,
        "tg033": 890.03,
        "al067": 2.3,
        "tg006": 1.91,
        "tg015": 2.59,
        "al002": 6.55,
        "al059": 2.94,
        "tg003": 1.72,
        "tg047": 0.69,
        "tg011": 1.14,
        "al142": 1.85,
        "al036": 6.56,
        "al083": 1.66,
        "al071": 1.83,
        "al146": 2.52,
        "tg017": 2.34,
        "tg001": 0.74,
        "al153": 2.9,
        "al158": 1.06,
        "al121": 0.89,
        "al112": 1.38,
        "al144": 0.69,
        "al030": 6.29,
        "al135": 2.43,
        "tg056": 0.65,
        "al103": 0.77,
        "al004": 7.03,
        "tg022": 2.69,
        "tg004": 1.65,
        "al128": 1.98,
        "al117": 2.96,
        "al080": 2.15,
        "al077": 4.57,
        "al062": 2.0,
        "al118": 2.58,
        "tg068": 2.1,
        "al070": 1.99,
        "tg019": 3.12,
        "al018": 6.08,
        "tg044": 1.05,
        "al098": 2.08,
        "tg021": 2.37,
        "al026": 7.26,
        "al001": 5.44,
        "al031": 6.02,
        "tg024": 2.01,
        "al049": 1.87,
        "tg008": 2.8,
        "al092": 1.23,
        "al119": 0.78,
        "al008": 6.04,
        "al130": 1.84,
        "al074": 0.78,
        "tg007": 2.04,
        "tg005": 1.59,
        "al101": 2.78,
        "al060": 1.88,
        "al082": 0.66,
        "al102": 2.64,
        "al054": 1.65,
        "tg025": 2.11,
        "al037": 6.71,
        "al124": 1.91,
        "al085": 2.23,
        "al042": 1.29,
        "tg014": 1.57,
        "al044": 1.22,
        "tg051": 0.97,
        "al113": 1.6,
        "tg026": 2.94,
        "tg009": 1.2,
        "al147": 1.96,
        "al057": 1.98,
        "tg020": 0.94,
        "tg034": 1.58,
        "al087": 1.87,
        "al020": 5.37,
        "al069": 1.64,
        "al003": 6.66
    },
    "asa_2021_p1": {
        "tp001": 0.69,
        "al134": 1.18,
        "al145": 0.68,
        "al058": 0.92,
        "al050": 1.59,
        "tp023": 1.11,
        "al146": 1.51,
        "al111": 0.99,
        "al152": 1.24,
        "al150": 1.38,
        "al133": 1.32,
        "al029": 2.4,
        "tp061": 1.24,
        "al110": 1.57,
        "al117": 1.35,
        "al098": 1.63,
        "al049": 1.33,
        "al106": 1.2,
        "tp018": 2.12,
        "al095": 1.64,
        "al044": 2.17,
        "al086": 2.1,
        "tp067": 1.25,
        "al003": 1.65,
        "al040": 2.18
    },
    "asa_1920_p1": {
        "tp001": 1.42,
        "al136": 2.01,
        "al017": 2.41,
        "al067": 2.1,
        "tp033": 0.61,
        "al099": 1.16,
        "al046": 0.62,
        "al058": 1.02,
        "tp041": 0.71,
        "al108": 2.81,
        "tp012": 1.46,
        "tp023": 1.04,
        "al142": 2.32,
        "al024": 1.54,
        "al146": 1.37,
        "tp050": 1.39,
        "al111": 0.96,
        "tp031": 2.26,
        "al021": 1.99,
        "al152": 1.17,
        "al151": 1.76,
        "al125": 1.39,
        "tp032": 0.87,
        "tp013": 1.42,
        "tp053": 1.28,
        "al150": 1.57,
        "al023": 1.22,
        "al126": 1.54,
        "al133": 2.14,
        "al153": 1.19,
        "al029": 2.74,
        "al121": 1.26,
        "al120": 1.04,
        "al166": 1.74,
        "tp009": 0.62,
        "al033": 1.8,
        "al144": 1.26,
        "al030": 1.26,
        "al135": 1.51,
        "al167": 1.78,
        "tp025": 0.68,
        "al055": 1.47,
        "al103": 1.36,
        "al015": 2.08,
        "al072": 0.56,
        "al128": 0.69,
        "al117": 1.3,
        "al114": 1.2,
        "al080": 2.25,
        "al035": 1.32,
        "tp021": 0.79,
        "al077": 1.22,
        "tp068": 0.94,
        "al065": 1.36,
        "tp015": 3.06,
        "al005": 2.8,
        "tp027": 1.32,
        "al012": 1.5,
        "al094": 2.35,
        "tp008": 0.68,
        "al070": 1.64,
        "al009": 1.89,
        "al105": 0.95,
        "tp062": 0.64,
        "al149": 1.28,
        "al170": 0.98,
        "al001": 1.38,
        "al123": 1.28,
        "al031": 1.19,
        "al090": 0.73,
        "al025": 1.34,
        "al132": 1.4,
        "tp056": 1.09,
        "tp011": 890.02,
        "al092": 1.47,
        "al119": 1.6,
        "al008": 1.87,
        "al066": 1.08,
        "al038": 1.61,
        "tp054": 1.13,
        "al127": 2.4,
        "al101": 1.26,
        "al104": 0.95,
        "al157": 0.74,
        "tp002": 2.39,
        "al137": 0.63,
        "tp004": 2.44,
        "al082": 0.6,
        "al102": 0.97,
        "al154": 1.74,
        "al054": 0.99,
        "al160": 1.95,
        "al019": 1.62,
        "tp060": 1.06,
        "al037": 1.13,
        "al124": 0.81,
        "al085": 1.56,
        "tp045": 0.91,
        "al081": 1.24,
        "tp052": 0.84,
        "al044": 1.24,
        "al076": 0.71,
        "al171": 2.78,
        "al168": 1.22,
        "tp038": 1.5,
        "al011": 1.28,
        "al131": 0.72,
        "al016": 0.9,
        "al048": 1.05,
        "al086": 1.34,
        "al147": 3.77,
        "al057": 1.03,
        "tp057": 1.1,
        "tp051": 1.08,
        "tp034": 1.04,
        "al156": 1.21,
        "al003": 1.05
    },
    "asa_1920_p2": {
        "tp001": 6.8,
        "al017": 3.07,
        "al067": 3.12,
        "al099": 2.28,
        "al058": 2.67,
        "tp041": 7.04,
        "tp012": 5.04,
        "tp023": 3.49,
        "al142": 2.71,
        "tp050": 8.7,
        "al111": 1.02,
        "tp031": 2.92,
        "al021": 3.77,
        "al152": 4.92,
        "al125": 41.83,
        "tp032": 1.48,
        "tp013": 2.3,
        "al150": 0.76,
        "al029": 6.06,
        "al121": 1.54,
        "al166": 0.57,
        "tp009": 0.79,
        "al033": 2.49,
        "al144": 4.49,
        "al030": 2.66,
        "al135": 5.03,
        "al167": 1.91,
        "al055": 1.83,
        "al015": 3.63,
        "al114": 2.74,
        "al035": 5.58,
        "al065": 3.15,
        "tp015": 6.36,
        "al005": 2.94,
        "tp027": 1.12,
        "al012": 0.8,
        "al094": 3.33,
        "tp008": 2.68,
        "al070": 2.76,
        "al009": 5.67,
        "al105": 2.69,
        "tp062": 1.75,
        "al170": 0.64,
        "al123": 5.28,
        "al090": 2.26,
        "al025": 16.55,
        "tp056": 1.92,
        "al119": 9.07,
        "al008": 2.6,
        "al066": 9.56,
        "al038": 1.15,
        "tp054": 1.79,
        "al101": 2.07,
        "al104": 0.82,
        "al157": 3.55,
        "tp004": 4.14,
        "al102": 4.22,
        "al154": 0.85,
        "al054": 3.25,
        "al160": 6.66,
        "al019": 2.28,
        "al037": 0.74,
        "al124": 1.27,
        "al085": 1.54,
        "tp052": 3.18,
        "al076": 0.78,
        "al171": 2.48,
        "al168": 3.22,
        "al011": 8.2,
        "al131": 2.03,
        "al016": 3.46,
        "al086": 11.28,
        "tp057": 0.78,
        "tp051": 3.33,
        "tp034": 2.23,
        "al156": 2.93
    },
    "asa_1819_p2": {
        "tg031": 4.64,
        "al141": 6.4,
        "tg033": 890.01,
        "al067": 5.61,
        "tg006": 3.56,
        "tg015": 2.1,
        "al059": 1.17,
        "tg003": 2.16,
        "tg002": 1.98,
        "tg047": 0.55,
        "tg011": 0.85,
        "al142": 0.74,
        "al036": 1.09,
        "al083": 1.14,
        "al071": 3.48,
        "tg017": 2.83,
        "al093": 1.95,
        "al153": 13.31,
        "al121": 2.37,
        "al030": 2.51,
        "al135": 1.43,
        "tg056": 0.66,
        "al004": 11.48,
        "tg022": 5.06,
        "tg004": 2.87,
        "al128": 2.89,
        "al117": 0.65,
        "al114": 2.07,
        "al077": 5.06,
        "tg061": 2.04,
        "al062": 6.56,
        "al018": 2.51,
        "tg044": 2.86,
        "al098": 0.58,
        "tg021": 4.1,
        "al031": 2.11,
        "al049": 3.45,
        "tg008": 2.2,
        "al119": 2.89,
        "tg043": 3.13,
        "al008": 7.11,
        "al074": 1.53,
        "tg007": 3.16,
        "tg005": 3.34,
        "al101": 3.02,
        "al060": 2.95,
        "al082": 3.05,
        "al043": 1.23,
        "al102": 890.01,
        "al054": 5.09,
        "tg025": 2.27,
        "al037": 1.99,
        "al124": 2.43,
        "tg014": 2.18,
        "tg051": 1.77,
        "al113": 1.83,
        "tg009": 1.94,
        "al147": 3.71,
        "al057": 2.31,
        "tg034": 2.16,
        "al020": 3.43,
        "al069": 3.58,
        "al088": 2.94,
        "al003": 4.77
    },
    "asa_2122_p2": {
        "al067": 1.46,
        "tp063": 1.61,
        "tp040": 1.19,
        "al133": 1.18,
        "al010": 1.69,
        "al118": 1.52,
        "al140": 1.06,
        "al031": 0.62,
        "al025": 1.32,
        "al064": 1.07,
        "al056": 1.7
    }
}
