{
  "name": "Project_258",
  "errors": [
    {
      "file": "proj1_final.c",
      "line": 76,
      "error": "memory error: out of bound pointer",
      "witness": {
        "stdin": "out_of_bound_pointer_line_76.stdin",
        "scanf": "out_of_bound_pointer_line_76.scanf"
      }
    },
    {
      "file": "proj1_final.c",
      "line": 463,
      "error": "memory error: out of bound pointer",
      "witness": {
        "stdin": "out_of_bound_pointer_line_463.stdin",
        "scanf": "out_of_bound_pointer_line_463.scanf"
      }
    }
  ]
}