{
  "name": "Project_135",
  "errors": [
    {
      "file": "hash_equipa.c",
      "line": 54,
      "error": "memory error: out of bound pointer",
      "witness": {
        "stdin": "out_of_bound_pointer_line_54.stdin",
        "scanf": "out_of_bound_pointer_line_54.scanf"
      }
    },
    {
      "file": "hash_jogo.c",
      "line": 87,
      "error": "memory error: out of bound pointer",
      "witness": {
        "stdin": "out_of_bound_pointer_line_87.stdin",
        "scanf": "out_of_bound_pointer_line_87.scanf"
      }
    }
  ]
}