{
  "name": "Project_266",
  "errors": [
    {
      "file": "jogos.c",
      "line": 107,
      "error": "memory error: out of bound pointer",
      "witness": {
        "stdin": "out_of_bound_pointer_line_107.stdin",
        "scanf": "out_of_bound_pointer_line_107.scanf"
      }
    },
    {
      "file": "jogos.c",
      "line": 271,
      "error": "memory error: out of bound pointer",
      "witness": {
        "stdin": "out_of_bound_pointer_line_271.stdin",
        "scanf": "out_of_bound_pointer_line_271.scanf"
      }
    },
    {
      "file": "jogos.c",
      "line": 83,
      "error": "memory error: out of bound pointer",
      "witness": {
        "stdin": "out_of_bound_pointer_line_83.stdin",
        "scanf": "out_of_bound_pointer_line_83.scanf"
      }
    }
  ]
}