{
  "name": "Project_9",
  "errors": [
    {
      "file": "proj1.c",
      "line": 236,
      "error": "memory error: out of bound pointer",
      "witness": {
        "stdin": "out_of_bound_pointer_line_236.stdin",
        "scanf": "out_of_bound_pointer_line_236.scanf"
      }
    },
    {
      "file": "proj1.c",
      "line": 323,
      "error": "memory error: out of bound pointer",
      "witness": {
        "stdin": "out_of_bound_pointer_line_323.stdin",
        "scanf": "out_of_bound_pointer_line_323.scanf"
      }
    },
    {
      "file": "proj1.c",
      "line": 198,
      "error": "memory error: out of bound pointer",
      "witness": {
        "stdin": "out_of_bound_pointer_line_198.stdin",
        "scanf": "out_of_bound_pointer_line_198.scanf"
      }
    },
    {
      "file": "proj1.c",
      "line": 357,
      "error": "memory error: out of bound pointer",
      "witness": {
        "stdin": "out_of_bound_pointer_line_357.stdin",
        "scanf": "out_of_bound_pointer_line_357.scanf"
      }
    },
    {
      "file": "proj1.c",
      "line": 428,
      "error": "memory error: out of bound pointer",
      "witness": {
        "stdin": "out_of_bound_pointer_line_428.stdin",
        "scanf": "out_of_bound_pointer_line_428.scanf"
      }
    },
    {
      "file": "proj1.c",
      "line": 193,
      "error": "memory error: out of bound pointer",
      "witness": {
        "stdin": "out_of_bound_pointer_line_193.stdin",
        "scanf": "out_of_bound_pointer_line_193.scanf"
      }
    },
    {
      "file": "proj1.c",
      "line": 170,
      "error": "memory error: out of bound pointer",
      "witness": {
        "stdin": "out_of_bound_pointer_line_170.stdin",
        "scanf": "out_of_bound_pointer_line_170.scanf"
      }
    },
    {
      "file": "proj1.c",
      "line": 477,
      "error": "memory error: out of bound pointer",
      "witness": {
        "stdin": "out_of_bound_pointer_line_477.stdin",
        "scanf": "out_of_bound_pointer_line_477.scanf"
      }
    }
  ]
}