{
  "name": "Project_28",
  "errors": [
    {
      "file": "projectfinal.c",
      "line": 211,
      "error": "memory error: out of bound pointer",
      "witness": {
        "stdin": "out_of_bound_pointer_line_211.stdin",
        "scanf": "out_of_bound_pointer_line_211.scanf"
      }
    },
    {
      "file": "projectfinal.c",
      "line": 239,
      "error": "memory error: out of bound pointer",
      "witness": {
        "stdin": "out_of_bound_pointer_line_239.stdin",
        "scanf": "out_of_bound_pointer_line_239.scanf"
      }
    },
    {
      "file": "projectfinal.c",
      "line": 387,
      "error": "memory error: out of bound pointer",
      "witness": {
        "stdin": "out_of_bound_pointer_line_387.stdin",
        "scanf": "out_of_bound_pointer_line_387.scanf"
      }
    },
    {
      "file": "projectfinal.c",
      "line": 243,
      "error": "memory error: out of bound pointer",
      "witness": {
        "stdin": "out_of_bound_pointer_line_243.stdin",
        "scanf": "out_of_bound_pointer_line_243.scanf"
      }
    },
    {
      "file": "projectfinal.c",
      "line": 466,
      "error": "memory error: out of bound pointer",
      "witness": {
        "stdin": "out_of_bound_pointer_line_466.stdin",
        "scanf": "out_of_bound_pointer_line_466.scanf"
      }
    },
    {
      "file": "projectfinal.c",
      "line": 364,
      "error": "memory error: out of bound pointer",
      "witness": {
        "stdin": "out_of_bound_pointer_line_364.stdin",
        "scanf": "out_of_bound_pointer_line_364.scanf"
      }
    }
  ]
}