{
  "name": "Project_25",
  "errors": [
    {
      "file": "logisticae.c",
      "line": 166,
      "error": "memory error: out of bound pointer",
      "witness": {
        "stdin": "out_of_bound_pointer_line_166.stdin",
        "scanf": "out_of_bound_pointer_line_166.scanf"
      }
    },
    {
      "file": "logisticae.c",
      "line": 361,
      "error": "failed external call: vprintf",
      "witness": {
        "stdin": "vprintf_line_361.stdin",
        "scanf": "vprintf_line_361.scanf"
      }
    },
    {
      "file": "logisticae.c",
      "line": 155,
      "error": "memory error: out of bound pointer",
      "witness": {
        "stdin": "out_of_bound_pointer_line_155.stdin",
        "scanf": "out_of_bound_pointer_line_155.scanf"
      }
    }
  ]
}