{
  "name": "Project_tp052",
  "errors": [
    {
      "file": "file.c",
      "line": 170,
      "error": "memory error: out of bound pointer",
      "witness": {
        "stdin": "out_of_bound_pointer_line_170.stdin",
        "scanf": "out_of_bound_pointer_line_170.scanf"
      }
    },
    {
      "file": "file.c",
      "line": 186,
      "error": "memory error: out of bound pointer",
      "witness": {
        "stdin": "out_of_bound_pointer_line_186.stdin",
        "scanf": "out_of_bound_pointer_line_186.scanf"
      }
    }
  ]
}