{
  "name": "Project_110",
  "errors": [
    {
      "file": "proj1.c",
      "line": 258,
      "error": "memory error: object read only",
      "witness": {
        "stdin": "object_read_only_line_258.stdin",
        "scanf": "object_read_only_line_258.scanf"
      }
    },
    {
      "file": "proj1.c",
      "line": 239,
      "error": "memory error: out of bound pointer",
      "witness": {
        "stdin": "out_of_bound_pointer_line_239.stdin",
        "scanf": "out_of_bound_pointer_line_239.scanf"
      }
    },
    {
      "file": "proj1.c",
      "line": 238,
      "error": "memory error: out of bound pointer",
      "witness": {
        "stdin": "out_of_bound_pointer_line_238.stdin",
        "scanf": "out_of_bound_pointer_line_238.scanf"
      }
    },
    {
      "file": "proj1.c",
      "line": 258,
      "error": "memory error: out of bound pointer",
      "witness": {
        "stdin": "out_of_bound_pointer_line_258.stdin",
        "scanf": "out_of_bound_pointer_line_258.scanf"
      }
    }
  ]
}