{
  "name": "Project_197",
  "errors": [
    {
      "file": "proj2.c",
      "line": 531,
      "error": "memory error: out of bound pointer",
      "witness": {
        "stdin": "out_of_bound_pointer_line_531.stdin",
        "scanf": "out_of_bound_pointer_line_531.scanf"
      }
    },
    {
      "file": "proj2.c",
      "line": 151,
      "error": "memory error: out of bound pointer",
      "witness": {
        "stdin": "out_of_bound_pointer_line_151.stdin",
        "scanf": "out_of_bound_pointer_line_151.scanf"
      }
    },
    {
      "file": "proj2.c",
      "line": 187,
      "error": "memory error: out of bound pointer",
      "witness": {
        "stdin": "out_of_bound_pointer_line_187.stdin",
        "scanf": "out_of_bound_pointer_line_187.scanf"
      }
    },
    {
      "file": "proj2.c",
      "line": 177,
      "error": "memory error: out of bound pointer",
      "witness": {
        "stdin": "out_of_bound_pointer_line_177.stdin",
        "scanf": "out_of_bound_pointer_line_177.scanf"
      }
    },
    {
      "file": "proj2.c",
      "line": 295,
      "error": "memory error: out of bound pointer",
      "witness": {
        "stdin": "out_of_bound_pointer_line_295.stdin",
        "scanf": "out_of_bound_pointer_line_295.scanf"
      }
    },
    {
      "file": "proj2.c",
      "line": 163,
      "error": "memory error: out of bound pointer",
      "witness": {
        "stdin": "out_of_bound_pointer_line_163.stdin",
        "scanf": "out_of_bound_pointer_line_163.scanf"
      }
    },
    {
      "file": "proj2.c",
      "line": 533,
      "error": "memory error: out of bound pointer",
      "witness": {
        "stdin": "out_of_bound_pointer_line_533.stdin",
        "scanf": "out_of_bound_pointer_line_533.scanf"
      }
    },
    {
      "file": "proj2.c",
      "line": 182,
      "error": "memory error: out of bound pointer",
      "witness": {
        "stdin": "out_of_bound_pointer_line_182.stdin",
        "scanf": "out_of_bound_pointer_line_182.scanf"
      }
    },
    {
      "file": "proj2.c",
      "line": 295,
      "error": "memory error: out of bound pointer",
      "witness": {
        "stdin": "out_of_bound_pointer_line_295.stdin",
        "scanf": "out_of_bound_pointer_line_295.scanf"
      }
    },
    {
      "file": "proj2.c",
      "line": 517,
      "error": "memory error: out of bound pointer",
      "witness": {
        "stdin": "out_of_bound_pointer_line_517.stdin",
        "scanf": "out_of_bound_pointer_line_517.scanf"
      }
    }
  ]
}