{
  "name": "Project_312",
  "errors": [
    {
      "file": "comandos.c",
      "line": 197,
      "error": "memory error: out of bound pointer",
      "witness": {
        "stdin": "out_of_bound_pointer_line_197.stdin",
        "scanf": "out_of_bound_pointer_line_197.scanf"
      }
    },
    {
      "file": "comandos.c",
      "line": 95,
      "error": "memory error: out of bound pointer",
      "witness": {
        "stdin": "out_of_bound_pointer_line_95.stdin",
        "scanf": "out_of_bound_pointer_line_95.scanf"
      }
    }
  ]
}