{
  "name": "Project_125",
  "errors": [
    {
      "file": "proj1.5.c",
      "line": 277,
      "error": "memory error: object read only",
      "witness": {
        "stdin": "object_read_only_line_277.stdin",
        "scanf": "object_read_only_line_277.scanf"
      }
    },
    {
      "file": "proj1.5.c",
      "line": 327,
      "error": "memory error: out of bound pointer",
      "witness": {
        "stdin": "out_of_bound_pointer_line_327.stdin",
        "scanf": "out_of_bound_pointer_line_327.scanf"
      }
    },
    {
      "file": "proj1.5.c",
      "line": 273,
      "error": "memory error: out of bound pointer",
      "witness": {
        "stdin": "out_of_bound_pointer_line_273.stdin",
        "scanf": "out_of_bound_pointer_line_273.scanf"
      }
    },
    {
      "file": "proj1.5.c",
      "line": 294,
      "error": "memory error: out of bound pointer",
      "witness": {
        "stdin": "out_of_bound_pointer_line_294.stdin",
        "scanf": "out_of_bound_pointer_line_294.scanf"
      }
    },
    {
      "file": "proj1.5.c",
      "line": 354,
      "error": "memory error: out of bound pointer",
      "witness": {
        "stdin": "out_of_bound_pointer_line_354.stdin",
        "scanf": "out_of_bound_pointer_line_354.scanf"
      }
    },
    {
      "file": "proj1.5.c",
      "line": 354,
      "error": "memory error: object read only",
      "witness": {
        "stdin": "object_read_only_line_354.stdin",
        "scanf": "object_read_only_line_354.scanf"
      }
    },
    {
      "file": "proj1.5.c",
      "line": 375,
      "error": "memory error: out of bound pointer",
      "witness": {
        "stdin": "out_of_bound_pointer_line_375.stdin",
        "scanf": "out_of_bound_pointer_line_375.scanf"
      }
    },
    {
      "file": "proj1.5.c",
      "line": 42,
      "error": "memory error: out of bound pointer",
      "witness": {
        "stdin": "out_of_bound_pointer_line_42.stdin",
        "scanf": "out_of_bound_pointer_line_42.scanf"
      }
    },
    {
      "file": "proj1.5.c",
      "line": 157,
      "error": "memory error: out of bound pointer",
      "witness": {
        "stdin": "out_of_bound_pointer_line_157.stdin",
        "scanf": "out_of_bound_pointer_line_157.scanf"
      }
    },
    {
      "file": "proj1.5.c",
      "line": 157,
      "error": "memory error: object read only",
      "witness": {
        "stdin": "object_read_only_line_157.stdin",
        "scanf": "object_read_only_line_157.scanf"
      }
    },
    {
      "file": "proj1.5.c",
      "line": 188,
      "error": "memory error: out of bound pointer",
      "witness": {
        "stdin": "out_of_bound_pointer_line_188.stdin",
        "scanf": "out_of_bound_pointer_line_188.scanf"
      }
    }
  ]
}