{
  "name": "Project_62",
  "errors": [
    {
      "file": "projeto94188.c",
      "line": 186,
      "error": "memory error: object read only",
      "witness": {
        "stdin": "object_read_only_line_186.stdin",
        "scanf": "object_read_only_line_186.scanf"
      }
    },
    {
      "file": "projeto94188.c",
      "line": 157,
      "error": "memory error: out of bound pointer",
      "witness": {
        "stdin": "out_of_bound_pointer_line_157.stdin",
        "scanf": "out_of_bound_pointer_line_157.scanf"
      }
    },
    {
      "file": "projeto94188.c",
      "line": 183,
      "error": "memory error: out of bound pointer",
      "witness": {
        "stdin": "out_of_bound_pointer_line_183.stdin",
        "scanf": "out_of_bound_pointer_line_183.scanf"
      }
    },
    {
      "file": "projeto94188.c",
      "line": 246,
      "error": "memory error: out of bound pointer",
      "witness": {
        "stdin": "out_of_bound_pointer_line_246.stdin",
        "scanf": "out_of_bound_pointer_line_246.scanf"
      }
    },
    {
      "file": "projeto94188.c",
      "line": 246,
      "error": "memory error: object read only",
      "witness": {
        "stdin": "object_read_only_line_246.stdin",
        "scanf": "object_read_only_line_246.scanf"
      }
    },
    {
      "file": "projeto94188.c",
      "line": 202,
      "error": "memory error: object read only",
      "witness": {
        "stdin": "object_read_only_line_202.stdin",
        "scanf": "object_read_only_line_202.scanf"
      }
    },
    {
      "file": "projeto94188.c",
      "line": 186,
      "error": "memory error: out of bound pointer",
      "witness": {
        "stdin": "out_of_bound_pointer_line_186.stdin",
        "scanf": "out_of_bound_pointer_line_186.scanf"
      }
    },
    {
      "file": "projeto94188.c",
      "line": 181,
      "error": "memory error: out of bound pointer",
      "witness": {
        "stdin": "out_of_bound_pointer_line_181.stdin",
        "scanf": "out_of_bound_pointer_line_181.scanf"
      }
    },
    {
      "file": "projeto94188.c",
      "line": 334,
      "error": "memory error: out of bound pointer",
      "witness": {
        "stdin": "out_of_bound_pointer_line_334.stdin",
        "scanf": "out_of_bound_pointer_line_334.scanf"
      }
    },
    {
      "file": "projeto94188.c",
      "line": 199,
      "error": "memory error: out of bound pointer",
      "witness": {
        "stdin": "out_of_bound_pointer_line_199.stdin",
        "scanf": "out_of_bound_pointer_line_199.scanf"
      }
    },
    {
      "file": "projeto94188.c",
      "line": 110,
      "error": "memory error: out of bound pointer",
      "witness": {
        "stdin": "out_of_bound_pointer_line_110.stdin",
        "scanf": "out_of_bound_pointer_line_110.scanf"
      }
    },
    {
      "file": "projeto94188.c",
      "line": 157,
      "error": "memory error: object read only",
      "witness": {
        "stdin": "object_read_only_line_157.stdin",
        "scanf": "object_read_only_line_157.scanf"
      }
    }
  ]
}