{
  "name": "Project_67",
  "errors": [
    {
      "file": "pppp-V2.c",
      "line": 145,
      "error": "memory error: object read only",
      "witness": {
        "stdin": "object_read_only_line_145.stdin",
        "scanf": "object_read_only_line_145.scanf"
      }
    },
    {
      "file": "pppp-V2.c",
      "line": 139,
      "error": "memory error: out of bound pointer",
      "witness": {
        "stdin": "out_of_bound_pointer_line_139.stdin",
        "scanf": "out_of_bound_pointer_line_139.scanf"
      }
    },
    {
      "file": "pppp-V2.c",
      "line": 116,
      "error": "memory error: out of bound pointer",
      "witness": {
        "stdin": "out_of_bound_pointer_line_116.stdin",
        "scanf": "out_of_bound_pointer_line_116.scanf"
      }
    },
    {
      "file": "pppp-V2.c",
      "line": 169,
      "error": "memory error: out of bound pointer",
      "witness": {
        "stdin": "out_of_bound_pointer_line_169.stdin",
        "scanf": "out_of_bound_pointer_line_169.scanf"
      }
    },
    {
      "file": "pppp-V2.c",
      "line": 147,
      "error": "memory error: out of bound pointer",
      "witness": {
        "stdin": "out_of_bound_pointer_line_147.stdin",
        "scanf": "out_of_bound_pointer_line_147.scanf"
      }
    },
    {
      "file": "pppp-V2.c",
      "line": 116,
      "error": "memory error: object read only",
      "witness": {
        "stdin": "object_read_only_line_116.stdin",
        "scanf": "object_read_only_line_116.scanf"
      }
    },
    {
      "file": "pppp-V2.c",
      "line": 144,
      "error": "memory error: object read only",
      "witness": {
        "stdin": "object_read_only_line_144.stdin",
        "scanf": "object_read_only_line_144.scanf"
      }
    },
    {
      "file": "pppp-V2.c",
      "line": 141,
      "error": "memory error: out of bound pointer",
      "witness": {
        "stdin": "out_of_bound_pointer_line_141.stdin",
        "scanf": "out_of_bound_pointer_line_141.scanf"
      }
    }
  ]
}