{
  "name": "Project_88",
  "errors": [
    {
      "file": "projeto1.c",
      "line": 179,
      "error": "memory error: out of bound pointer",
      "witness": {
        "stdin": "out_of_bound_pointer_line_179.stdin",
        "scanf": "out_of_bound_pointer_line_179.scanf"
      }
    },
    {
      "file": "projeto1.c",
      "line": 202,
      "error": "memory error: out of bound pointer",
      "witness": {
        "stdin": "out_of_bound_pointer_line_202.stdin",
        "scanf": "out_of_bound_pointer_line_202.scanf"
      }
    },
    {
      "file": "projeto1.c",
      "line": 141,
      "error": "memory error: out of bound pointer",
      "witness": {
        "stdin": "out_of_bound_pointer_line_141.stdin",
        "scanf": "out_of_bound_pointer_line_141.scanf"
      }
    },
    {
      "file": "projeto1.c",
      "line": 130,
      "error": "memory error: out of bound pointer",
      "witness": {
        "stdin": "out_of_bound_pointer_line_130.stdin",
        "scanf": "out_of_bound_pointer_line_130.scanf"
      }
    },
    {
      "file": "projeto1.c",
      "line": 202,
      "error": "memory error: object read only",
      "witness": {
        "stdin": "object_read_only_line_202.stdin",
        "scanf": "object_read_only_line_202.scanf"
      }
    }
  ]
}