{
  "name": "Project_249",
  "errors": [
    {
      "file": "proj1.c",
      "line": 319,
      "error": "memory error: out of bound pointer",
      "witness": {
        "stdin": "out_of_bound_pointer_line_319.stdin",
        "scanf": "out_of_bound_pointer_line_319.scanf"
      }
    },
    {
      "file": "proj1.c",
      "line": 426,
      "error": "memory error: out of bound pointer",
      "witness": {
        "stdin": "out_of_bound_pointer_line_426.stdin",
        "scanf": "out_of_bound_pointer_line_426.scanf"
      }
    },
    {
      "file": "proj1.c",
      "line": 302,
      "error": "memory error: out of bound pointer",
      "witness": {
        "stdin": "out_of_bound_pointer_line_302.stdin",
        "scanf": "out_of_bound_pointer_line_302.scanf"
      }
    },
    {
      "file": "proj1.c",
      "line": 258,
      "error": "memory error: out of bound pointer",
      "witness": {
        "stdin": "out_of_bound_pointer_line_258.stdin",
        "scanf": "out_of_bound_pointer_line_258.scanf"
      }
    },
    {
      "file": "proj1.c",
      "line": 216,
      "error": "memory error: out of bound pointer",
      "witness": {
        "stdin": "out_of_bound_pointer_line_216.stdin",
        "scanf": "out_of_bound_pointer_line_216.scanf"
      }
    },
    {
      "file": "proj1.c",
      "line": 90,
      "error": "memory error: out of bound pointer",
      "witness": {
        "stdin": "out_of_bound_pointer_line_90.stdin",
        "scanf": "out_of_bound_pointer_line_90.scanf"
      }
    },
    {
      "file": "proj1.c",
      "line": 190,
      "error": "memory error: out of bound pointer",
      "witness": {
        "stdin": "out_of_bound_pointer_line_190.stdin",
        "scanf": "out_of_bound_pointer_line_190.scanf"
      }
    },
    {
      "file": "proj1.c",
      "line": 345,
      "error": "memory error: out of bound pointer",
      "witness": {
        "stdin": "out_of_bound_pointer_line_345.stdin",
        "scanf": "out_of_bound_pointer_line_345.scanf"
      }
    },
    {
      "file": "proj1.c",
      "line": 278,
      "error": "memory error: out of bound pointer",
      "witness": {
        "stdin": "out_of_bound_pointer_line_278.stdin",
        "scanf": "out_of_bound_pointer_line_278.scanf"
      }
    }
  ]
}