{
  "name": "Project_19",
  "errors": [
    {
      "file": "proj2.c",
      "line": 120,
      "error": "memory error: out of bound pointer",
      "witness": {
        "stdin": "out_of_bound_pointer_line_120.stdin",
        "scanf": "out_of_bound_pointer_line_120.scanf"
      }
    },
    {
      "file": "proj2.c",
      "line": 221,
      "error": "memory error: out of bound pointer",
      "witness": {
        "stdin": "out_of_bound_pointer_line_221.stdin",
        "scanf": "out_of_bound_pointer_line_221.scanf"
      }
    }
  ]
}