{
  "name": "Project_26",
  "errors": [
    {
      "file": "proj1.c",
      "line": 183,
      "error": "memory error: out of bound pointer",
      "witness": {
        "stdin": "out_of_bound_pointer_line_183.stdin",
        "scanf": "out_of_bound_pointer_line_183.scanf"
      }
    },
    {
      "file": "proj1.c",
      "line": 134,
      "error": "memory error: out of bound pointer",
      "witness": {
        "stdin": "out_of_bound_pointer_line_134.stdin",
        "scanf": "out_of_bound_pointer_line_134.scanf"
      }
    },
    {
      "file": "proj1.c",
      "line": 184,
      "error": "memory error: out of bound pointer",
      "witness": {
        "stdin": "out_of_bound_pointer_line_184.stdin",
        "scanf": "out_of_bound_pointer_line_184.scanf"
      }
    }
  ]
}