{
  "name": "Project_256",
  "errors": [
    {
      "file": "main.c",
      "line": 104,
      "error": "memory error: out of bound pointer",
      "witness": {
        "stdin": "out_of_bound_pointer_line_104.stdin",
        "scanf": "out_of_bound_pointer_line_104.scanf"
      }
    },
    {
      "file": "main.c",
      "line": 224,
      "error": "memory error: out of bound pointer",
      "witness": {
        "stdin": "out_of_bound_pointer_line_224.stdin",
        "scanf": "out_of_bound_pointer_line_224.scanf"
      }
    },
    {
      "file": "main.c",
      "line": 45,
      "error": "memory error: out of bound pointer",
      "witness": {
        "stdin": "out_of_bound_pointer_line_45.stdin",
        "scanf": "out_of_bound_pointer_line_45.scanf"
      }
    },
    {
      "file": "main.c",
      "line": 216,
      "error": "memory error: out of bound pointer",
      "witness": {
        "stdin": "out_of_bound_pointer_line_216.stdin",
        "scanf": "out_of_bound_pointer_line_216.scanf"
      }
    }
  ]
}