{
  "name": "Project_352",
  "errors": [
    {
      "file": "Projeto1.c",
      "line": 31,
      "error": "memory error: out of bound pointer",
      "witness": {
        "stdin": "out_of_bound_pointer_line_31.stdin",
        "scanf": "out_of_bound_pointer_line_31.scanf"
      }
    },
    {
      "file": "Projeto1.c",
      "line": 302,
      "error": "memory error: out of bound pointer",
      "witness": {
        "stdin": "out_of_bound_pointer_line_302.stdin",
        "scanf": "out_of_bound_pointer_line_302.scanf"
      }
    },
    {
      "file": "Projeto1.c",
      "line": 200,
      "error": "memory error: out of bound pointer",
      "witness": {
        "stdin": "out_of_bound_pointer_line_200.stdin",
        "scanf": "out_of_bound_pointer_line_200.scanf"
      }
    },
    {
      "file": "Projeto1.c",
      "line": 229,
      "error": "memory error: out of bound pointer",
      "witness": {
        "stdin": "out_of_bound_pointer_line_229.stdin",
        "scanf": "out_of_bound_pointer_line_229.scanf"
      }
    },
    {
      "file": "Projeto1.c",
      "line": 157,
      "error": "memory error: out of bound pointer",
      "witness": {
        "stdin": "out_of_bound_pointer_line_157.stdin",
        "scanf": "out_of_bound_pointer_line_157.scanf"
      }
    },
    {
      "file": "Projeto1.c",
      "line": 240,
      "error": "memory error: out of bound pointer",
      "witness": {
        "stdin": "out_of_bound_pointer_line_240.stdin",
        "scanf": "out_of_bound_pointer_line_240.scanf"
      }
    }
  ]
}