{
  "name": "Project_311",
  "errors": [
    {
      "file": "Proj1.c",
      "line": 62,
      "error": "memory error: out of bound pointer",
      "witness": {
        "stdin": "out_of_bound_pointer_line_62.stdin",
        "scanf": "out_of_bound_pointer_line_62.scanf"
      }
    },
    {
      "file": "Proj1.c",
      "line": 151,
      "error": "memory error: out of bound pointer",
      "witness": {
        "stdin": "out_of_bound_pointer_line_151.stdin",
        "scanf": "out_of_bound_pointer_line_151.scanf"
      }
    },
    {
      "file": "Proj1.c",
      "line": 171,
      "error": "memory error: out of bound pointer",
      "witness": {
        "stdin": "out_of_bound_pointer_line_171.stdin",
        "scanf": "out_of_bound_pointer_line_171.scanf"
      }
    },
    {
      "file": "Proj1.c",
      "line": 171,
      "error": "memory error: object read only",
      "witness": {
        "stdin": "object_read_only_line_171.stdin",
        "scanf": "object_read_only_line_171.scanf"
      }
    },
    {
      "file": "Proj1.c",
      "line": 114,
      "error": "memory error: out of bound pointer",
      "witness": {
        "stdin": "out_of_bound_pointer_line_114.stdin",
        "scanf": "out_of_bound_pointer_line_114.scanf"
      }
    },
    {
      "file": "Proj1.c",
      "line": 89,
      "error": "memory error: out of bound pointer",
      "witness": {
        "stdin": "out_of_bound_pointer_line_89.stdin",
        "scanf": "out_of_bound_pointer_line_89.scanf"
      }
    },
    {
      "file": "Proj1.c",
      "line": -1,
      "error": "memory error: out of bound pointer",
      "witness": {
        "stdin": "out_of_bound_pointer_line_-1.stdin",
        "scanf": "out_of_bound_pointer_line_-1.scanf"
      }
    },
    {
      "file": "Proj1.c",
      "line": 62,
      "error": "memory error: object read only",
      "witness": {
        "stdin": "object_read_only_line_62.stdin",
        "scanf": "object_read_only_line_62.scanf"
      }
    }
  ]
}