{
  "name": "Project_84",
  "errors": [
    {
      "file": "finalprojeto.c",
      "line": 87,
      "error": "memory error: out of bound pointer",
      "witness": {
        "stdin": "out_of_bound_pointer_line_87.stdin",
        "scanf": "out_of_bound_pointer_line_87.scanf"
      }
    },
    {
      "file": "finalprojeto.c",
      "line": 117,
      "error": "memory error: out of bound pointer",
      "witness": {
        "stdin": "out_of_bound_pointer_line_117.stdin",
        "scanf": "out_of_bound_pointer_line_117.scanf"
      }
    },
    {
      "file": "finalprojeto.c",
      "line": 220,
      "error": "memory error: out of bound pointer",
      "witness": {
        "stdin": "out_of_bound_pointer_line_220.stdin",
        "scanf": "out_of_bound_pointer_line_220.scanf"
      }
    },
    {
      "file": "finalprojeto.c",
      "line": 250,
      "error": "memory error: out of bound pointer",
      "witness": {
        "stdin": "out_of_bound_pointer_line_250.stdin",
        "scanf": "out_of_bound_pointer_line_250.scanf"
      }
    },
    {
      "file": "finalprojeto.c",
      "line": 271,
      "error": "memory error: out of bound pointer",
      "witness": {
        "stdin": "out_of_bound_pointer_line_271.stdin",
        "scanf": "out_of_bound_pointer_line_271.scanf"
      }
    }
  ]
}